beta,kappa,replica,arm,entropy_bits,mutual_information_bits,brier,posterior_brier,cross_entropy_bits,calibration_entropy_residual,bayes_accuracy,empirical_accuracy
0.0,0.02,0,current_queue,1.0,0.0,0.25000000000000056,0.25,1.0000000000000016,1.5543122344752192e-15,0.5000000000000056,0.44921875
0.0,0.02,0,price_history_current_queue,1.0,0.0,0.2500000000000035,0.25,1.00000000000001,9.992007221626409e-15,0.500000000000034,0.44921875
0.0,0.02,0,queue_price_history,1.0,0.0,0.25,0.25,1.0,0.0,0.5,0.4765625
0.0,0.02,0,marked_history,1.0,0.0,0.25,0.25,1.0,0.0,0.5,0.53125
0.0,0.02,0,price_only,1.0,0.0,0.25000000000000366,0.25,1.0000000000000104,1.0436096431476471e-14,0.5000000000000339,0.44921875
0.0,0.02,1,current_queue,1.0,0.0,0.25000000000000017,0.25,1.0000000000000004,4.440892098500626e-16,0.5000000000000058,0.484375
0.0,0.02,1,price_history_current_queue,1.0,0.0,0.25000000000000155,0.25,1.0000000000000044,4.440892098500626e-15,0.5000000000000335,0.48828125
0.0,0.02,1,queue_price_history,1.0,0.0,0.25,0.25,1.0,0.0,0.5,0.4765625
0.0,0.02,1,marked_history,1.0,0.0,0.25,0.25,1.0,0.0,0.5,0.478515625
0.0,0.02,1,price_only,1.0,0.0,0.2500000000000018,0.25,1.0000000000000049,4.884981308350689e-15,0.5000000000000333,0.484375
0.0,0.02,2,current_queue,1.0,0.0,0.24999999999999994,0.25,0.9999999999999999,-1.1102230246251565e-16,0.5000000000000056,0.501953125
0.0,0.02,2,price_history_current_queue,1.0,0.0,0.24999999999999936,0.25,0.999999999999998,-1.9984014443252818e-15,0.5000000000000333,0.501953125
0.0,0.02,2,queue_price_history,1.0,0.0,0.25,0.25,1.0,0.0,0.5,0.47265625
0.0,0.02,2,marked_history,1.0,0.0,0.25,0.25,1.0,0.0,0.5,0.482421875
0.0,0.02,2,price_only,1.0,0.0,0.24999999999999947,0.25,0.9999999999999984,-1.5543122344752192e-15,0.5000000000000332,0.501953125
0.0,0.02,3,current_queue,1.0,0.0,0.24999999999999953,0.25,0.9999999999999987,-1.3322676295501878e-15,0.5000000000000053,0.54296875
0.0,0.02,3,price_history_current_queue,1.0,0.0,0.24999999999999717,0.25,0.9999999999999919,-8.104628079763643e-15,0.500000000000032,0.544921875
0.0,0.02,3,queue_price_history,1.0,0.0,0.25,0.25,1.0,0.0,0.5,0.49609375
0.0,0.02,3,marked_history,1.0,0.0,0.25,0.25,1.0,0.0,0.5,0.513671875
0.0,0.02,3,price_only,1.0,0.0,0.2499999999999971,0.25,0.9999999999999917,-8.326672684688674e-15,0.5000000000000322,0.54296875
0.0,0.02,4,current_queue,1.0,0.0,0.24999999999999778,0.25,0.9999999999999936,-6.439293542825908e-15,0.5000000000000056,0.703125
0.0,0.02,4,price_history_current_queue,1.0,0.0,0.24999999999998673,0.25,0.9999999999999618,-3.8191672047105385e-14,0.5000000000000338,0.701171875
0.0,0.02,4,queue_price_history,1.0,0.0,0.25,0.25,1.0,0.0,0.5,0.474609375
0.0,0.02,4,marked_history,1.0,0.0,0.25,0.25,1.0,0.0,0.5,0.435546875
0.0,0.02,4,price_only,1.0,0.0,0.24999999999998665,0.25,0.9999999999999615,-3.852473895449293e-14,0.5000000000000338,0.703125
0.0,0.02,5,current_queue,1.0,0.0,0.24999999999999786,0.25,0.9999999999999939,-6.106226635438361e-15,0.5000000000000056,0.69140625
0.0,0.02,5,price_history_current_queue,1.0,0.0,0.24999999999998657,0.25,0.9999999999999614,-3.863576125695545e-14,0.5000000000000334,0.69140625
0.0,0.02,5,queue_price_history,1.0,0.0,0.25,0.25,1.0,0.0,0.5,0.517578125
0.0,0.02,5,marked_history,1.0,0.0,0.25,0.25,1.0,0.0,0.5,0.44921875
0.0,0.02,5,price_only,1.0,0.0,0.24999999999998676,0.25,0.9999999999999618,-3.8191672047105385e-14,0.5000000000000333,0.69140625
0.0,0.02,6,current_queue,1.0,0.0,0.24999999999999978,0.25,0.9999999999999994,-5.551115123125783e-16,0.5000000000000058,0.509765625
0.0,0.02,6,price_history_current_queue,1.0,0.0,0.24999999999999906,0.25,0.9999999999999972,-2.7755575615628914e-15,0.5000000000000326,0.51171875
0.0,0.02,6,queue_price_history,1.0,0.0,0.25,0.25,1.0,0.0,0.5,0.486328125
0.0,0.02,6,marked_history,1.0,0.0,0.25,0.25,1.0,0.0,0.5,0.474609375
0.0,0.02,6,price_only,1.0,0.0,0.24999999999999906,0.25,0.9999999999999973,-2.6645352591003757e-15,0.5000000000000326,0.509765625
0.0,0.02,7,current_queue,1.0,0.0,0.24999999999999997,0.25,1.0,0.0,0.5000000000000056,0.501953125
0.0,0.02,7,price_history_current_queue,1.0,0.0,0.24999999999999975,0.25,0.9999999999999993,-6.661338147750939e-16,0.500000000000033,0.505859375
0.0,0.02,7,queue_price_history,1.0,0.0,0.25,0.25,1.0,0.0,0.5,0.5390625
0.0,0.02,7,marked_history,1.0,0.0,0.25,0.25,1.0,0.0,0.5,0.525390625
0.0,0.02,7,price_only,1.0,0.0,0.24999999999999986,0.25,0.9999999999999996,-4.440892098500626e-16,0.5000000000000329,0.501953125
0.0,0.02,8,current_queue,1.0,0.0,0.25,0.25,1.0,0.0,0.5000000000000056,0.498046875
0.0,0.02,8,price_history_current_queue,1.0,0.0,0.2500000000000005,0.25,1.0000000000000013,1.3322676295501878e-15,0.500000000000032,0.5
0.0,0.02,8,queue_price_history,1.0,0.0,0.25,0.25,1.0,0.0,0.5,0.474609375
0.0,0.02,8,marked_history,1.0,0.0,0.25,0.25,1.0,0.0,0.5,0.5
0.0,0.02,8,price_only,1.0,0.0,0.25000000000000067,0.25,1.0000000000000018,1.7763568394002505e-15,0.500000000000032,0.498046875
0.0,0.02,9,current_queue,1.0,0.0,0.24999999999999992,0.25,0.9999999999999996,-4.440892098500626e-16,0.5000000000000058,0.498046875
0.0,0.02,9,price_history_current_queue,1.0,0.0,0.24999999999999992,0.25,0.9999999999999998,-2.220446049250313e-16,0.5000000000000351,0.498046875
0.0,0.02,9,queue_price_history,1.0,0.0,0.25,0.25,1.0,0.0,0.5,0.484375
0.0,0.02,9,marked_history,1.0,0.0,0.25,0.25,1.0,0.0,0.5,0.486328125
0.0,0.02,9,price_only,1.0,0.0,0.25,0.25,0.9999999999999999,-1.1102230246251565e-16,0.5000000000000349,0.498046875
0.0,0.02,10,current_queue,1.0,0.0,0.2500000000000012,0.25,1.0000000000000036,3.552713678800501e-15,0.5000000000000059,0.404296875
0.0,0.02,10,price_history_current_queue,1.0,0.0,0.2500000000000065,0.25,1.0000000000000187,1.865174681370263e-14,0.5000000000000345,0.404296875
0.0,0.02,10,queue_price_history,1.0,0.0,0.25,0.25,1.0,0.0,0.5,0.515625
0.0,0.02,10,marked_history,1.0,0.0,0.25,0.25,1.0,0.0,0.5,0.544921875
0.0,0.02,10,price_only,1.0,0.0,0.25000000000000666,0.25,1.000000000000019,1.9095836023552692e-14,0.5000000000000344,0.404296875
0.0,0.02,11,current_queue,1.0,0.0,0.2499999999999979,0.25,0.999999999999994,-5.995204332975845e-15,0.5000000000000058,0.67578125
0.0,0.02,11,price_history_current_queue,1.0,0.0,0.2499999999999879,0.25,0.9999999999999651,-3.4861002973229915e-14,0.500000000000034,0.67578125
0.0,0.02,11,queue_price_history,1.0,0.0,0.25,0.25,1.0,0.0,0.5,0.48046875
0.0,0.02,11,marked_history,1.0,0.0,0.25,0.25,1.0,0.0,0.5,0.4296875
0.0,0.02,11,price_only,1.0,0.0,0.24999999999998795,0.25,0.9999999999999654,-3.4638958368304884e-14,0.5000000000000339,0.67578125
0.0,0.02,12,current_queue,1.0,0.0,0.24999999999999933,0.25,0.999999999999998,-1.9984014443252818e-15,0.5000000000000057,0.55078125
0.0,0.02,12,price_history_current_queue,1.0,0.0,0.24999999999999645,0.25,0.9999999999999898,-1.021405182655144e-14,0.5000000000000328,0.55078125
0.0,0.02,12,queue_price_history,1.0,0.0,0.25,0.25,1.0,0.0,0.5,0.478515625
0.0,0.02,12,marked_history,1.0,0.0,0.25,0.25,1.0,0.0,0.5,0.498046875
0.0,0.02,12,price_only,1.0,0.0,0.24999999999999628,0.25,0.9999999999999893,-1.0658141036401503e-14,0.5000000000000329,0.55078125
0.0,0.02,13,current_queue,1.0,0.0,0.2499999999999996,0.25,0.9999999999999988,-1.2212453270876722e-15,0.5000000000000058,0.54296875
0.0,0.02,13,price_history_current_queue,1.0,0.0,0.249999999999997,0.25,0.9999999999999912,-8.770761894538737e-15,0.5000000000000335,0.54296875
0.0,0.02,13,queue_price_history,1.0,0.0,0.25,0.25,1.0,0.0,0.5,0.458984375
0.0,0.02,13,marked_history,1.0,0.0,0.25,0.25,1.0,0.0,0.5,0.47265625
0.0,0.02,13,price_only,1.0,0.0,0.2499999999999968,0.25,0.9999999999999908,-9.2148511043888e-15,0.5000000000000336,0.54296875
0.0,0.02,14,current_queue,1.0,0.0,0.24999999999999953,0.25,0.9999999999999986,-1.4432899320127035e-15,0.5000000000000056,0.525390625
0.0,0.02,14,price_history_current_queue,1.0,0.0,0.24999999999999847,0.25,0.9999999999999956,-4.440892098500626e-15,0.5000000000000329,0.525390625
0.0,0.02,14,queue_price_history,1.0,0.0,0.25,0.25,1.0,0.0,0.5,0.474609375
0.0,0.02,14,marked_history,1.0,0.0,0.25,0.25,1.0,0.0,0.5,0.48828125
0.0,0.02,14,price_only,1.0,0.0,0.24999999999999833,0.25,0.9999999999999952,-4.773959005888173e-15,0.5000000000000329,0.525390625
0.0,0.02,15,current_queue,1.0,0.0,0.2500000000000001,0.25,1.0000000000000004,4.440892098500626e-16,0.5000000000000056,0.482421875
0.0,0.02,15,price_history_current_queue,1.0,0.0,0.2500000000000022,0.25,1.0000000000000064,6.439293542825908e-15,0.500000000000032,0.48046875
0.0,0.02,15,queue_price_history,1.0,0.0,0.25,0.25,1.0,0.0,0.5,0.51171875
0.0,0.02,15,marked_history,1.0,0.0,0.25,0.25,1.0,0.0,0.5,0.513671875
0.0,0.02,15,price_only,1.0,0.0,0.2500000000000019,0.25,1.0000000000000053,5.329070518200751e-15,0.500000000000032,0.482421875
0.0,0.2,0,current_queue,1.0,0.0,0.2499999999999999,0.25,0.9999999999999998,-2.220446049250313e-16,0.5000000000000009,0.548828125
0.0,0.2,0,price_history_current_queue,1.0,0.0,0.2499999999999996,0.25,0.9999999999999989,-1.1102230246251565e-15,0.5000000000000031,0.548828125
0.0,0.2,0,queue_price_history,1.0,0.0,0.25,0.25,1.0,0.0,0.5,0.51171875
0.0,0.2,0,marked_history,1.0,0.0,0.25,0.25,1.0,0.0,0.5,0.48828125
0.0,0.2,0,price_only,1.0,0.0,0.24999999999999972,0.25,0.9999999999999991,-8.881784197001252e-16,0.5000000000000029,0.548828125
0.0,0.2,1,current_queue,1.0,0.0,0.2500000000000001,0.25,1.0000000000000004,4.440892098500626e-16,0.5000000000000009,0.451171875
0.0,0.2,1,price_history_current_queue,1.0,0.0,0.2500000000000001,0.25,1.0000000000000004,4.440892098500626e-16,0.5000000000000031,0.451171875
0.0,0.2,1,queue_price_history,1.0,0.0,0.25,0.25,1.0,0.0,0.5,0.494140625
0.0,0.2,1,marked_history,1.0,0.0,0.25,0.25,1.0,0.0,0.5,0.52734375
0.0,0.2,1,price_only,1.0,0.0,0.2500000000000002,0.25,1.0000000000000007,6.661338147750939e-16,0.5000000000000029,0.451171875
0.0,0.2,2,current_queue,1.0,0.0,0.25,0.25,1.0,0.0,0.5000000000000011,0.4765625
0.0,0.2,2,price_history_current_queue,1.0,0.0,0.2500000000000001,0.25,1.0,0.0,0.5000000000000031,0.49609375
0.0,0.2,2,queue_price_history,1.0,0.0,0.25,0.25,1.0,0.0,0.5,0.48046875
0.0,0.2,2,marked_history,1.0,0.0,0.25,0.25,1.0,0.0,0.5,0.490234375
0.0,0.2,2,price_only,1.0,0.0,0.2500000000000001,0.25,1.0000000000000004,4.440892098500626e-16,0.5000000000000029,0.4765625
0.0,0.2,3,current_queue,1.0,0.0,0.25,0.25,1.0,0.0,0.5000000000000009,0.517578125
0.0,0.2,3,price_history_current_queue,1.0,0.0,0.2499999999999998,0.25,0.9999999999999994,-5.551115123125783e-16,0.5000000000000031,0.513671875
0.0,0.2,3,queue_price_history,1.0,0.0,0.25,0.25,1.0,0.0,0.5,0.474609375
0.0,0.2,3,marked_history,1.0,0.0,0.25,0.25,1.0,0.0,0.5,0.4921875
0.0,0.2,3,price_only,1.0,0.0,0.2499999999999999,0.25,0.9999999999999998,-2.220446049250313e-16,0.5000000000000029,0.517578125
0.0,0.2,4,current_queue,1.0,0.0,0.25,0.25,1.0,0.0,0.5000000000000009,0.505859375
0.0,0.2,4,price_history_current_queue,1.0,0.0,0.25000000000000033,0.25,1.0000000000000009,8.881784197001252e-16,0.5000000000000033,0.498046875
0.0,0.2,4,queue_price_history,1.0,0.0,0.25,0.25,1.0,0.0,0.5,0.515625
0.0,0.2,4,marked_history,1.0,0.0,0.25,0.25,1.0,0.0,0.5,0.486328125
0.0,0.2,4,price_only,1.0,0.0,0.25,0.25,0.9999999999999999,-1.1102230246251565e-16,0.5000000000000029,0.5078125
0.0,0.2,5,current_queue,1.0,0.0,0.24999999999999994,0.25,0.9999999999999998,-2.220446049250313e-16,0.5000000000000011,0.51171875
0.0,0.2,5,price_history_current_queue,1.0,0.0,0.2500000000000001,0.25,1.0000000000000004,4.440892098500626e-16,0.5000000000000033,0.494140625
0.0,0.2,5,queue_price_history,1.0,0.0,0.25,0.25,1.0,0.0,0.5,0.494140625
0.0,0.2,5,marked_history,1.0,0.0,0.25,0.25,1.0,0.0,0.5,0.45703125
0.0,0.2,5,price_only,1.0,0.0,0.24999999999999997,0.25,1.0,0.0,0.5000000000000029,0.51171875
0.0,0.2,6,current_queue,1.0,0.0,0.25,0.25,1.0,0.0,0.500000000000001,0.517578125
0.0,0.2,6,price_history_current_queue,1.0,0.0,0.2500000000000002,0.25,1.0000000000000004,4.440892098500626e-16,0.5000000000000034,0.509765625
0.0,0.2,6,queue_price_history,1.0,0.0,0.25,0.25,1.0,0.0,0.5,0.462890625
0.0,0.2,6,marked_history,1.0,0.0,0.25,0.25,1.0,0.0,0.5,0.501953125
0.0,0.2,6,price_only,1.0,0.0,0.25,0.25,1.0,0.0,0.5000000000000031,0.517578125
0.0,0.2,7,current_queue,1.0,0.0,0.25,0.25,1.0,0.0,0.5000000000000011,0.525390625
0.0,0.2,7,price_history_current_queue,1.0,0.0,0.2499999999999996,0.25,0.9999999999999989,-1.1102230246251565e-15,0.5000000000000031,0.537109375
0.0,0.2,7,queue_price_history,1.0,0.0,0.25,0.25,1.0,0.0,0.5,0.533203125
0.0,0.2,7,marked_history,1.0,0.0,0.25,0.25,1.0,0.0,0.5,0.51953125
0.0,0.2,7,price_only,1.0,0.0,0.2499999999999999,0.25,0.9999999999999997,-3.3306690738754696e-16,0.5000000000000029,0.525390625
0.0,0.2,8,current_queue,1.0,0.0,0.2500000000000001,0.25,1.0,0.0,0.5000000000000011,0.474609375
0.0,0.2,8,price_history_current_queue,1.0,0.0,0.25000000000000033,0.25,1.0000000000000009,8.881784197001252e-16,0.5000000000000033,0.46484375
0.0,0.2,8,queue_price_history,1.0,0.0,0.25,0.25,1.0,0.0,0.5,0.525390625
0.0,0.2,8,marked_history,1.0,0.0,0.25,0.25,1.0,0.0,0.5,0.5
0.0,0.2,8,price_only,1.0,0.0,0.2500000000000002,0.25,1.0000000000000004,4.440892098500626e-16,0.5000000000000029,0.47265625
0.0,0.2,9,current_queue,1.0,0.0,0.25000000000000017,0.25,1.0000000000000004,4.440892098500626e-16,0.5000000000000011,0.490234375
0.0,0.2,9,price_history_current_queue,1.0,0.0,0.24999999999999994,0.25,0.9999999999999998,-2.220446049250313e-16,0.5000000000000032,0.5078125
0.0,0.2,9,queue_price_history,1.0,0.0,0.25,0.25,1.0,0.0,0.5,0.5078125
0.0,0.2,9,marked_history,1.0,0.0,0.25,0.25,1.0,0.0,0.5,0.53515625
0.0,0.2,9,price_only,1.0,0.0,0.25,0.25,1.0000000000000002,2.220446049250313e-16,0.500000000000003,0.490234375
0.0,0.2,10,current_queue,1.0,0.0,0.25000000000000006,0.25,1.0000000000000002,2.220446049250313e-16,0.5000000000000009,0.43359375
0.0,0.2,10,price_history_current_queue,1.0,0.0,0.2500000000000002,0.25,1.0000000000000007,6.661338147750939e-16,0.5000000000000031,0.44140625
0.0,0.2,10,queue_price_history,1.0,0.0,0.25,0.25,1.0,0.0,0.5,0.501953125
0.0,0.2,10,marked_history,1.0,0.0,0.25,0.25,1.0,0.0,0.5,0.5078125
0.0,0.2,10,price_only,1.0,0.0,0.25000000000000033,0.25,1.0000000000000009,8.881784197001252e-16,0.5000000000000029,0.439453125
0.0,0.2,11,current_queue,1.0,0.0,0.24999999999999975,0.25,0.9999999999999993,-6.661338147750939e-16,0.500000000000001,0.533203125
0.0,0.2,11,price_history_current_queue,1.0,0.0,0.2499999999999999,0.25,0.9999999999999998,-2.220446049250313e-16,0.5000000000000031,0.529296875
0.0,0.2,11,queue_price_history,1.0,0.0,0.25,0.25,1.0,0.0,0.5,0.501953125
0.0,0.2,11,marked_history,1.0,0.0,0.25,0.25,1.0,0.0,0.5,0.470703125
0.0,0.2,11,price_only,1.0,0.0,0.24999999999999978,0.25,0.9999999999999993,-6.661338147750939e-16,0.5000000000000029,0.533203125
0.0,0.2,12,current_queue,1.0,0.0,0.24999999999999994,0.25,0.9999999999999999,-1.1102230246251565e-16,0.500000000000001,0.537109375
0.0,0.2,12,price_history_current_queue,1.0,0.0,0.24999999999999986,0.25,0.9999999999999996,-4.440892098500626e-16,0.5000000000000033,0.546875
0.0,0.2,12,queue_price_history,1.0,0.0,0.25,0.25,1.0,0.0,0.5,0.48046875
0.0,0.2,12,marked_history,1.0,0.0,0.25,0.25,1.0,0.0,0.5,0.478515625
0.0,0.2,12,price_only,1.0,0.0,0.24999999999999972,0.25,0.9999999999999992,-7.771561172376096e-16,0.5000000000000029,0.537109375
0.0,0.2,13,current_queue,1.0,0.0,0.24999999999999994,0.25,0.9999999999999998,-2.220446049250313e-16,0.5000000000000009,0.48828125
0.0,0.2,13,price_history_current_queue,1.0,0.0,0.24999999999999983,0.25,0.9999999999999996,-4.440892098500626e-16,0.5000000000000033,0.505859375
0.0,0.2,13,queue_price_history,1.0,0.0,0.25,0.25,1.0,0.0,0.5,0.505859375
0.0,0.2,13,marked_history,1.0,0.0,0.25,0.25,1.0,0.0,0.5,0.494140625
0.0,0.2,13,price_only,1.0,0.0,0.25000000000000006,0.25,1.0000000000000002,2.220446049250313e-16,0.5000000000000029,0.48828125
0.0,0.2,14,current_queue,1.0,0.0,0.24999999999999997,0.25,0.9999999999999999,-1.1102230246251565e-16,0.5000000000000009,0.5234375
0.0,0.2,14,price_history_current_queue,1.0,0.0,0.24999999999999994,0.25,1.0,0.0,0.5000000000000031,0.515625
0.0,0.2,14,queue_price_history,1.0,0.0,0.25,0.25,1.0,0.0,0.5,0.52734375
0.0,0.2,14,marked_history,1.0,0.0,0.25,0.25,1.0,0.0,0.5,0.50390625
0.0,0.2,14,price_only,1.0,0.0,0.24999999999999992,0.25,0.9999999999999998,-2.220446049250313e-16,0.5000000000000029,0.525390625
0.0,0.2,15,current_queue,1.0,0.0,0.2500000000000001,0.25,1.0000000000000004,4.440892098500626e-16,0.500000000000001,0.4140625
0.0,0.2,15,price_history_current_queue,1.0,0.0,0.25000000000000033,0.25,1.0000000000000009,8.881784197001252e-16,0.5000000000000031,0.4296875
0.0,0.2,15,queue_price_history,1.0,0.0,0.25,0.25,1.0,0.0,0.5,0.51953125
0.0,0.2,15,marked_history,1.0,0.0,0.25,0.25,1.0,0.0,0.5,0.556640625
0.0,0.2,15,price_only,1.0,0.0,0.25000000000000044,0.25,1.0000000000000013,1.3322676295501878e-15,0.5000000000000029,0.416015625
0.0,2.0,0,current_queue,1.0,0.0,0.25,0.25,1.0,0.0,0.5,0.517578125
0.0,2.0,0,price_history_current_queue,1.0,0.0,0.25000000000000044,0.25,1.000000000000001,1.1102230246251565e-15,0.5000000000000022,0.482421875
0.0,2.0,0,queue_price_history,1.0,0.0,0.25,0.25,1.0,0.0,0.5,0.517578125
0.0,2.0,0,marked_history,1.0,0.0,0.25,0.25,1.0,0.0,0.5,0.517578125
0.0,2.0,0,price_only,1.0,0.0,0.25,0.25,1.0,0.0,0.5,0.513671875
0.0,2.0,1,current_queue,1.0,0.0,0.25,0.25,1.0,0.0,0.5,0.51171875
0.0,2.0,1,price_history_current_queue,1.0,0.0,0.25,0.25,1.0,0.0,0.5000000000000018,0.53125
0.0,2.0,1,queue_price_history,1.0,0.0,0.25,0.25,1.0,0.0,0.5,0.51953125
0.0,2.0,1,marked_history,1.0,0.0,0.25,0.25,1.0,0.0,0.5,0.51953125
0.0,2.0,1,price_only,1.0,0.0,0.25,0.25,1.0,0.0,0.5,0.45703125
0.0,2.0,2,current_queue,1.0,0.0,0.25,0.25,1.0,0.0,0.5,0.51171875
0.0,2.0,2,price_history_current_queue,1.0,0.0,0.2500000000000003,0.25,1.0000000000000009,8.881784197001252e-16,0.5000000000000021,0.453125
0.0,2.0,2,queue_price_history,1.0,0.0,0.25,0.25,1.0,0.0,0.5,0.486328125
0.0,2.0,2,marked_history,1.0,0.0,0.25,0.25,1.0,0.0,0.5,0.486328125
0.0,2.0,2,price_only,1.0,0.0,0.25,0.25,1.0,0.0,0.5,0.494140625
0.0,2.0,3,current_queue,1.0,0.0,0.25,0.25,1.0,0.0,0.5,0.5078125
0.0,2.0,3,price_history_current_queue,1.0,0.0,0.25000000000000017,0.25,1.0000000000000004,4.440892098500626e-16,0.500000000000002,0.46484375
0.0,2.0,3,queue_price_history,1.0,0.0,0.25,0.25,1.0,0.0,0.5,0.462890625
0.0,2.0,3,marked_history,1.0,0.0,0.25,0.25,1.0,0.0,0.5,0.462890625
0.0,2.0,3,price_only,1.0,0.0,0.24999999999999997,0.25,1.0,0.0,0.5,0.521484375
0.0,2.0,4,current_queue,1.0,0.0,0.25,0.25,1.0,0.0,0.5,0.478515625
0.0,2.0,4,price_history_current_queue,1.0,0.0,0.2499999999999999,0.25,0.9999999999999998,-2.220446049250313e-16,0.500000000000002,0.505859375
0.0,2.0,4,queue_price_history,1.0,0.0,0.25,0.25,1.0,0.0,0.5,0.50390625
0.0,2.0,4,marked_history,1.0,0.0,0.25,0.25,1.0,0.0,0.5,0.50390625
0.0,2.0,4,price_only,1.0,0.0,0.25,0.25,1.0,0.0,0.5,0.486328125
0.0,2.0,5,current_queue,1.0,0.0,0.25,0.25,1.0,0.0,0.5,0.48828125
0.0,2.0,5,price_history_current_queue,1.0,0.0,0.2499999999999999,0.25,0.9999999999999997,-3.3306690738754696e-16,0.500000000000002,0.50390625
0.0,2.0,5,queue_price_history,1.0,0.0,0.25,0.25,1.0,0.0,0.5,0.50390625
0.0,2.0,5,marked_history,1.0,0.0,0.25,0.25,1.0,0.0,0.5,0.50390625
0.0,2.0,5,price_only,1.0,0.0,0.25,0.25,1.0,0.0,0.5,0.494140625
0.0,2.0,6,current_queue,1.0,0.0,0.25,0.25,1.0,0.0,0.5,0.51953125
0.0,2.0,6,price_history_current_queue,1.0,0.0,0.2500000000000001,0.25,1.0000000000000004,4.440892098500626e-16,0.5000000000000018,0.47265625
0.0,2.0,6,queue_price_history,1.0,0.0,0.25,0.25,1.0,0.0,0.5,0.462890625
0.0,2.0,6,marked_history,1.0,0.0,0.25,0.25,1.0,0.0,0.5,0.462890625
0.0,2.0,6,price_only,1.0,0.0,0.25,0.25,1.0,0.0,0.5,0.51171875
0.0,2.0,7,current_queue,1.0,0.0,0.24999999999999997,0.25,0.9999999999999999,-1.1102230246251565e-16,0.5,0.515625
0.0,2.0,7,price_history_current_queue,1.0,0.0,0.24999999999999997,0.25,0.9999999999999999,-1.1102230246251565e-16,0.5000000000000018,0.470703125
0.0,2.0,7,queue_price_history,1.0,0.0,0.25,0.25,1.0,0.0,0.5,0.509765625
0.0,2.0,7,marked_history,1.0,0.0,0.25,0.25,1.0,0.0,0.5,0.509765625
0.0,2.0,7,price_only,1.0,0.0,0.25,0.25,1.0,0.0,0.5,0.48828125
0.0,2.0,8,current_queue,1.0,0.0,0.25,0.25,1.0,0.0,0.5,0.509765625
0.0,2.0,8,price_history_current_queue,1.0,0.0,0.2500000000000003,0.25,1.0000000000000009,8.881784197001252e-16,0.5000000000000022,0.474609375
0.0,2.0,8,queue_price_history,1.0,0.0,0.25,0.25,1.0,0.0,0.5,0.48828125
0.0,2.0,8,marked_history,1.0,0.0,0.25,0.25,1.0,0.0,0.5,0.48828125
0.0,2.0,8,price_only,1.0,0.0,0.25,0.25,1.0,0.0,0.5,0.501953125
0.0,2.0,9,current_queue,1.0,0.0,0.25,0.25,1.0,0.0,0.5,0.505859375
0.0,2.0,9,price_history_current_queue,1.0,0.0,0.2499999999999999,0.25,0.9999999999999998,-2.220446049250313e-16,0.500000000000002,0.5
0.0,2.0,9,queue_price_history,1.0,0.0,0.25,0.25,1.0,0.0,0.5,0.509765625
0.0,2.0,9,marked_history,1.0,0.0,0.25,0.25,1.0,0.0,0.5,0.509765625
0.0,2.0,9,price_only,1.0,0.0,0.25,0.25,1.0,0.0,0.5,0.4765625
0.0,2.0,10,current_queue,1.0,0.0,0.25,0.25,1.0,0.0,0.5,0.505859375
0.0,2.0,10,price_history_current_queue,1.0,0.0,0.24999999999999994,0.25,0.9999999999999999,-1.1102230246251565e-16,0.500000000000002,0.494140625
0.0,2.0,10,queue_price_history,1.0,0.0,0.25,0.25,1.0,0.0,0.5,0.51953125
0.0,2.0,10,marked_history,1.0,0.0,0.25,0.25,1.0,0.0,0.5,0.51953125
0.0,2.0,10,price_only,1.0,0.0,0.25,0.25,1.0,0.0,0.5,0.541015625
0.0,2.0,11,current_queue,1.0,0.0,0.24999999999999997,0.25,1.0,0.0,0.5,0.505859375
0.0,2.0,11,price_history_current_queue,1.0,0.0,0.2499999999999995,0.25,0.9999999999999987,-1.3322676295501878e-15,0.5000000000000021,0.51953125
0.0,2.0,11,queue_price_history,1.0,0.0,0.25,0.25,1.0,0.0,0.5,0.533203125
0.0,2.0,11,marked_history,1.0,0.0,0.25,0.25,1.0,0.0,0.5,0.533203125
0.0,2.0,11,price_only,1.0,0.0,0.25,0.25,1.0,0.0,0.5,0.490234375
0.0,2.0,12,current_queue,1.0,0.0,0.25,0.25,1.0,0.0,0.5,0.490234375
0.0,2.0,12,price_history_current_queue,1.0,0.0,0.25,0.25,1.0,0.0,0.500000000000002,0.5
0.0,2.0,12,queue_price_history,1.0,0.0,0.25,0.25,1.0,0.0,0.5,0.484375
0.0,2.0,12,marked_history,1.0,0.0,0.25,0.25,1.0,0.0,0.5,0.484375
0.0,2.0,12,price_only,1.0,0.0,0.25,0.25,1.0,0.0,0.5,0.5078125
0.0,2.0,13,current_queue,1.0,0.0,0.24999999999999997,0.25,1.0,0.0,0.5,0.50390625
0.0,2.0,13,price_history_current_queue,1.0,0.0,0.2500000000000002,0.25,1.0000000000000004,4.440892098500626e-16,0.5000000000000022,0.470703125
0.0,2.0,13,queue_price_history,1.0,0.0,0.25,0.25,1.0,0.0,0.5,0.490234375
0.0,2.0,13,marked_history,1.0,0.0,0.25,0.25,1.0,0.0,0.5,0.490234375
0.0,2.0,13,price_only,1.0,0.0,0.25,0.25,1.0,0.0,0.5,0.517578125
0.0,2.0,14,current_queue,1.0,0.0,0.24999999999999997,0.25,0.9999999999999999,-1.1102230246251565e-16,0.5,0.509765625
0.0,2.0,14,price_history_current_queue,1.0,0.0,0.25,0.25,1.0,0.0,0.500000000000002,0.484375
0.0,2.0,14,queue_price_history,1.0,0.0,0.25,0.25,1.0,0.0,0.5,0.494140625
0.0,2.0,14,marked_history,1.0,0.0,0.25,0.25,1.0,0.0,0.5,0.494140625
0.0,2.0,14,price_only,1.0,0.0,0.25,0.25,1.0,0.0,0.5,0.513671875
0.0,2.0,15,current_queue,1.0,0.0,0.25,0.25,1.0,0.0,0.5,0.470703125
0.0,2.0,15,price_history_current_queue,1.0,0.0,0.25,0.25,1.0,0.0,0.5000000000000018,0.478515625
0.0,2.0,15,queue_price_history,1.0,0.0,0.25,0.25,1.0,0.0,0.5,0.49609375
0.0,2.0,15,marked_history,1.0,0.0,0.25,0.25,1.0,0.0,0.5,0.49609375
0.0,2.0,15,price_only,1.0,0.0,0.25,0.25,1.0,0.0,0.5,0.541015625
0.5,0.02,0,current_queue,0.48696037768170597,0.513039622318294,0.09896887243187003,0.10601820388862865,0.4645577642631789,-0.022402613418527062,0.8451125424542549,0.859375
0.5,0.02,0,price_history_current_queue,0.2202437222014907,0.7797562777985093,0.03556432760977467,0.04039489855160157,0.19254741472621675,-0.027696307475273935,0.9494140172961023,0.95703125
0.5,0.02,0,queue_price_history,0.18309289917521748,0.8169071008247826,0.032086268938513164,0.03255219147343808,0.16711841127213278,-0.0159744879030847,0.9606303649647542,0.955078125
0.5,0.02,0,marked_history,0.16182370363292992,0.83817629636707,0.02747284284310277,0.028061308703671094,0.14770053085689266,-0.014123172776037252,0.9665515535176417,0.96484375
0.5,0.02,0,price_only,0.3740431693979924,0.6259568306020076,0.07465908730555722,0.07366974913495962,0.3771676489683524,0.003124479570359995,0.9088928424221416,0.90625
0.5,0.02,1,current_queue,0.4578647701429798,0.5421352298570201,0.09432500481690709,0.0985592843746382,0.46127419559591737,0.0034094254529375423,0.8579485242675342,0.884765625
0.5,0.02,1,price_history_current_queue,0.2207591674132955,0.7792408325867045,0.05170994224371365,0.040692624349801414,0.2953338056135036,0.0745746382002081,0.9488038741883918,0.935546875
0.5,0.02,1,queue_price_history,0.19361089722939584,0.8063891027706042,0.042468026052530305,0.034979708813089164,0.24699808380121885,0.05338718657182301,0.9574112829949017,0.94921875
0.5,0.02,1,marked_history,0.16904419495783357,0.8309558050421664,0.03654893847974338,0.029647211317781703,0.22047914596373147,0.0514349510058979,0.964655694213735,0.9609375
0.5,0.02,1,price_only,0.386318171323754,0.613681828676246,0.09788735583048372,0.07599760491303265,0.49026330573962906,0.10394513441587505,0.9080254125293183,0.8828125
0.5,0.02,2,current_queue,0.49467416875349357,0.5053258312465064,0.10050179358160893,0.10760710207436544,0.4583691792004068,-0.03630498955308675,0.844072088311589,0.8515625
0.5,0.02,2,price_history_current_queue,0.21728187236227872,0.7827181276377213,0.03442391338452432,0.03965049036026091,0.19665317027302676,-0.020628702089251966,0.9502252215250893,0.955078125
0.5,0.02,2,queue_price_history,0.1724386090054586,0.8275613909945414,0.027166932730881777,0.029930419845051945,0.15869136770142245,-0.01374724130403615,0.9639846526848146,0.96484375
0.5,0.02,2,marked_history,0.1510369041684017,0.8489630958315983,0.024008404442623726,0.025684629392273915,0.145200825121196,-0.005836079047205706,0.9695569422794624,0.97265625
0.5,0.02,2,price_only,0.36307120055506514,0.6369287994449349,0.06606025249269173,0.07080692037280084,0.3497102002785424,-0.013361000276522761,0.9143471819420623,0.923828125
0.5,0.02,3,current_queue,0.49550587373309396,0.504494126266906,0.10998202298637182,0.10855615592341566,0.49692697714109635,0.0014211034080023888,0.8361637417917593,0.830078125
0.5,0.02,3,price_history_current_queue,0.21544916695434607,0.7845508330456539,0.03226412980225415,0.03931007323621468,0.17882197921657816,-0.03662718773776791,0.9517108023260124,0.958984375
0.5,0.02,3,queue_price_history,0.19101348727438172,0.8089865127256183,0.025728120903872213,0.03465618106522374,0.1436986129222969,-0.04731487435208481,0.9572926703962676,0.96875
0.5,0.02,3,marked_history,0.1666351729045828,0.8333648270954173,0.023127034522059733,0.02902801345167045,0.12608749525010282,-0.040547677654479974,0.9652378387028178,0.96875
0.5,0.02,3,price_only,0.3631562634169103,0.6368437365830897,0.054553828042241785,0.07101177054357656,0.2923687906073145,-0.0707874728095958,0.9135504179167074,0.943359375
0.5,0.02,4,current_queue,0.4530048437567792,0.5469951562432208,0.08464719504823631,0.09700612815669643,0.4091615178543834,-0.04384332590239576,0.8607300853772689,0.89453125
0.5,0.02,4,price_history_current_queue,0.18409590622923067,0.8159040937707693,0.03393970068430864,0.03197247027964993,0.1969024983196498,0.012806592090419122,0.9623996697127408,0.9609375
0.5,0.02,4,queue_price_history,0.16516876978284276,0.8348312302171572,0.031698365645630215,0.02907796682876873,0.18213413375596238,0.016965363973119624,0.9644022421838542,0.962890625
0.5,0.02,4,marked_history,0.14915579626392533,0.8508442037360746,0.028989550012812018,0.02591909910587085,0.16699786858052987,0.017842072316604535,0.9682743979005013,0.96484375
0.5,0.02,4,price_only,0.3455946728429724,0.6544053271570276,0.06306229838649166,0.06641281895014761,0.3516634452490751,0.006068772406102707,0.9207118824606502,0.9375
0.5,0.02,5,current_queue,0.49657369987742556,0.5034263001225745,0.11233449545230763,0.10970528312377664,0.5144822001571654,0.017908500279739836,0.8330217835337823,0.849609375
0.5,0.02,5,price_history_current_queue,0.21333274083244796,0.7866672591675521,0.037699371385057925,0.03903835734011275,0.21033609550588322,-0.0029966453265647397,0.9511615591027951,0.951171875
0.5,0.02,5,queue_price_history,0.18277930446701585,0.8172206955329842,0.028248503417077058,0.03275750013711632,0.1603805203623175,-0.022398784104698338,0.9594785021234808,0.96484375
0.5,0.02,5,marked_history,0.16629242191539645,0.8337075780846035,0.028814657645049514,0.029350077473906395,0.1580390387318511,-0.008253383183545349,0.9642479717203781,0.9609375
0.5,0.02,5,price_only,0.35281493658426444,0.6471850634157356,0.051405681080945745,0.06766769858960056,0.2871085636686488,-0.06570637291561565,0.9191990025935469,0.947265625
0.5,0.02,6,current_queue,0.46165836973366553,0.5383416302663344,0.10788344999218344,0.09972496744034921,0.49281211813122316,0.031153748397557635,0.8517033423279416,0.8125
0.5,0.02,6,price_history_current_queue,0.19736078666211945,0.8026392133378806,0.03336953852876871,0.03560636887634501,0.18989427641547002,-0.007466510246649433,0.9552797596949442,0.958984375
0.5,0.02,6,queue_price_history,0.1753870935460674,0.8246129064539326,0.030356732450660694,0.031159503180596994,0.1720402811736622,-0.0033468123724051946,0.9620696214207575,0.966796875
0.5,0.02,6,marked_history,0.15142016006959025,0.8485798399304098,0.024634559946041218,0.025806828131728694,0.1487604234588997,-0.0026597366106905496,0.9694398660882075,0.974609375
0.5,0.02,6,price_only,0.33361936012985016,0.6663806398701498,0.06025035121263517,0.06327980000858902,0.3169090396758145,-0.016710320454035643,0.9254754742554272,0.92578125
0.5,0.02,7,current_queue,0.495602837420846,0.504397162579154,0.11283752005660319,0.10883278848195505,0.5044948539204661,0.008892016499620126,0.8376792011759858,0.822265625
0.5,0.02,7,price_history_current_queue,0.2177814152941146,0.7822185847058853,0.0395494258048861,0.039522538646353064,0.2042719381204503,-0.013509477173664297,0.9525538553688224,0.951171875
0.5,0.02,7,queue_price_history,0.18779860599609202,0.812201394003908,0.03270090770110229,0.03341967963923992,0.16794718967436437,-0.019851416321727655,0.9595616493673738,0.95703125
0.5,0.02,7,marked_history,0.1724673237667072,0.8275326762332929,0.02610725374988214,0.03085836654522902,0.13706243946820912,-0.035404884298498085,0.9610871948123292,0.962890625
0.5,0.02,7,price_only,0.35284146813845685,0.6471585318615432,0.06849849857816515,0.06780416066825046,0.345221475190765,-0.007619992947691834,0.9175771127696046,0.8984375
0.5,0.02,8,current_queue,0.45696820585870634,0.5430317941412937,0.10057056968159672,0.09825134797316767,0.4902087126818989,0.03324050682319257,0.85756290732471,0.857421875
0.5,0.02,8,price_history_current_queue,0.21483805221909935,0.7851619477809006,0.049597153188078225,0.03943949561769725,0.26354644621932954,0.04870839400023019,0.9507341120705173,0.93359375
0.5,0.02,8,queue_price_history,0.18062824142971812,0.8193717585702819,0.03390046206067595,0.0320245986019995,0.1897182791700672,0.009090037740349083,0.9610973433746108,0.95703125
0.5,0.02,8,marked_history,0.15799212084962933,0.8420078791503707,0.03444850815087093,0.027277952994022834,0.1881309883842865,0.030138867534657166,0.9672401126012113,0.95703125
0.5,0.02,8,price_only,0.3687681866773454,0.6312318133226547,0.08372221594027918,0.07161844615513774,0.4213919786564481,0.05262379197910272,0.9148675418469083,0.8984375
0.5,0.02,9,current_queue,0.5156911533756191,0.4843088466243809,0.107168937101871,0.11345480518686894,0.4921088501011993,-0.02358230327441979,0.829810105807256,0.8125
0.5,0.02,9,price_history_current_queue,0.21484581553036397,0.785154184469636,0.03848702747111999,0.038918140764427275,0.21430432494402407,-0.0005414905863398989,0.9517863060894748,0.953125
0.5,0.02,9,queue_price_history,0.18210179840721924,0.8178982015927807,0.03613147294540714,0.032399458552732685,0.20553534830066983,0.02343354989345059,0.9600279972596613,0.95703125
0.5,0.02,9,marked_history,0.16338686333132185,0.8366131366686782,0.034201438566799254,0.028896268330062234,0.19737748530310836,0.03399062197178651,0.9641438896217072,0.958984375
0.5,0.02,9,price_only,0.35950104209590195,0.640498957904098,0.07249121933843675,0.06999996771374159,0.36828046996293445,0.008779427867032508,0.9152389292385074,0.91015625
0.5,0.02,10,current_queue,0.5021975778489387,0.4978024221510613,0.11081419623515974,0.10980152503273413,0.4969731415916284,-0.005224436257310283,0.8391574368755137,0.814453125
0.5,0.02,10,price_history_current_queue,0.2073261473166327,0.7926738526833673,0.02864233081743131,0.03730811573120994,0.16501143436662424,-0.042314712950008465,0.9543356355124333,0.966796875
0.5,0.02,10,queue_price_history,0.18331489829207032,0.8166851017079297,0.024381335114935634,0.03254474262040427,0.14553684547247725,-0.037778052819593066,0.9598574861742528,0.97265625
0.5,0.02,10,marked_history,0.15712661275277362,0.8428733872472264,0.019676967438639163,0.027161748949901206,0.12004504247107642,-0.0370815702816972,0.9670576171095392,0.978515625
0.5,0.02,10,price_only,0.3314880516459707,0.6685119483540293,0.054932449567883096,0.06279527002635274,0.2970782375298582,-0.03440981411611255,0.9264171971514032,0.94140625
0.5,0.02,11,current_queue,0.48332728290477883,0.5166727170952212,0.10392104669095069,0.10544003198988493,0.46879181736929215,-0.01453546553548668,0.8445930499416201,0.857421875
0.5,0.02,11,price_history_current_queue,0.19547860042184773,0.8045213995781523,0.03265193445628682,0.035112252603662394,0.1759622630854355,-0.019516337336412226,0.9558381195567229,0.958984375
0.5,0.02,11,queue_price_history,0.1780895141533815,0.8219104858466185,0.03238828393292553,0.03212378519887846,0.16493764885468448,-0.013151865298697024,0.9597059948405535,0.95703125
0.5,0.02,11,marked_history,0.1533791405280263,0.8466208594719737,0.02686575115376318,0.026533426554842435,0.14559379496031666,-0.007785345567709628,0.9676059417245418,0.970703125
0.5,0.02,11,price_only,0.3362118880030024,0.6637881119969976,0.05881215898216897,0.06382534688387256,0.30225590703169963,-0.03395598097130276,0.9248849510285291,0.923828125
0.5,0.02,12,current_queue,0.4846497782235655,0.5153502217764345,0.09867230100889468,0.10508264094829993,0.4560530259871444,-0.028596752236421052,0.8441752285297397,0.837890625
0.5,0.02,12,price_history_current_queue,0.18950227689649246,0.8104977231035075,0.030720764647712,0.03320666595394132,0.17074014128284415,-0.018762135613648312,0.9604797000043891,0.962890625
0.5,0.02,12,queue_price_history,0.15826578775374273,0.8417342122462572,0.026052209339768234,0.02645629572853129,0.15157867665214453,-0.006687111101598198,0.9697180280894,0.96875
0.5,0.02,12,marked_history,0.1473626487260831,0.8526373512739169,0.025737442091348983,0.024997487108793768,0.146183556450447,-0.00117909227563609,0.9701026340290213,0.96875
0.5,0.02,12,price_only,0.3103001105580713,0.6896998894419287,0.05815582462237087,0.05724413832216384,0.31883981356590096,0.008539703007829691,0.9345576597957621,0.935546875
0.5,0.02,13,current_queue,0.49229300015482375,0.5077069998451762,0.10360648042309908,0.10747682686516415,0.48545251112902166,-0.006840489025802088,0.8440648664307666,0.86328125
0.5,0.02,13,price_history_current_queue,0.22452053201763358,0.7754794679823664,0.04403779463073493,0.04188663664535719,0.23699009225559403,0.012469560237960448,0.9467398771097961,0.943359375
0.5,0.02,13,queue_price_history,0.19811736743076208,0.8018826325692379,0.037721864301494545,0.03656112004866524,0.21271244254859148,0.014595075117829398,0.953210029957317,0.951171875
0.5,0.02,13,marked_history,0.1668084027259215,0.8331915972740784,0.033194185284033034,0.0296146726943263,0.1979270628078474,0.031118660081925875,0.963367218391537,0.958984375
0.5,0.02,13,price_only,0.34869367852333655,0.6513063214766635,0.08074551464499535,0.06654544638913978,0.41018253759040124,0.061488859067064694,0.9211096176552663,0.904296875
0.5,0.02,14,current_queue,0.47869308001494343,0.5213069199850566,0.10748061947212274,0.10398831034839875,0.5058399289815319,0.02714684896658842,0.8492670068994893,0.826171875
0.5,0.02,14,price_history_current_queue,0.20746308256287818,0.7925369174371218,0.035390457959360536,0.03727778406848136,0.19259341596904223,-0.014869666593835956,0.9541164972833215,0.955078125
0.5,0.02,14,queue_price_history,0.17663458246474678,0.8233654175352532,0.02948966144947638,0.0312126799866261,0.16191489203222945,-0.014719690432517335,0.9619477549364387,0.96484375
0.5,0.02,14,marked_history,0.1548969217335205,0.8451030782664795,0.02260388396076778,0.02661158617426354,0.13081647005713345,-0.024080451676387032,0.9678792505581144,0.970703125
0.5,0.02,14,price_only,0.343520008026006,0.656479991973994,0.07219117096201062,0.06531925190082398,0.358574380771057,0.015054372745051003,0.9237332758676577,0.9140625
0.5,0.02,15,current_queue,0.4977761267006102,0.5022238732993898,0.11063988328327318,0.10912629351551606,0.4978790269364042,0.0001029002357939568,0.839062097391222,0.830078125
0.5,0.02,15,price_history_current_queue,0.2170240835278868,0.7829759164721132,0.04352822646220034,0.03929409065504194,0.237464268300883,0.020440184772996195,0.9526840273415993,0.951171875
0.5,0.02,15,queue_price_history,0.1938012801131006,0.8061987198868994,0.037055955732154804,0.03469088989521602,0.2034374823275924,0.009636202214491796,0.9586015592339467,0.955078125
0.5,0.02,15,marked_history,0.17170038736121124,0.8282996126387887,0.02956804496179894,0.03051959108991708,0.16851149804649165,-0.003188889314719584,0.9627503066469909,0.96484375
0.5,0.02,15,price_only,0.370579834680063,0.6294201653199369,0.09080500504532658,0.0730478220848504,0.43161113615214164,0.061031301472078636,0.9101747176166806,0.873046875
0.5,0.2,0,current_queue,0.7144182183829094,0.2855817816170906,0.15043670234968093,0.16195769530922272,0.6720083437172155,-0.0424098746656939,0.7645780083437608,0.794921875
0.5,0.2,0,price_history_current_queue,0.6371691513950937,0.36283084860490633,0.12598257555279624,0.14015360158445148,0.5880573677469523,-0.049111783648141394,0.807856864959396,0.833984375
0.5,0.2,0,queue_price_history,0.5909376626744802,0.4090623373255198,0.1221897334647065,0.12847898655084622,0.5610148149204897,-0.029922847753990567,0.8245068111472116,0.833984375
0.5,0.2,0,marked_history,0.5528476917524983,0.44715230824750174,0.11055073285969311,0.11838678811342201,0.5190991372779116,-0.03374855447458669,0.8409236803708415,0.8515625
0.5,0.2,0,price_only,0.8517345348857963,0.1482654651142037,0.20495449399904664,0.20350447451501946,0.8564963017825461,0.004761766896749786,0.6619474051689034,0.671875
0.5,0.2,1,current_queue,0.7130643482619645,0.2869356517380355,0.15928426177825925,0.16164002820380605,0.6990497476474137,-0.014014600614550843,0.7652772539989291,0.759765625
0.5,0.2,1,price_history_current_queue,0.6340324764531984,0.3659675235468016,0.1344306389775582,0.13935008030198046,0.6120754150577432,-0.02195706139545517,0.809681954718346,0.810546875
0.5,0.2,1,queue_price_history,0.5811111682754351,0.4188888317245649,0.11743276191940358,0.12577502422585382,0.5466016274153498,-0.034509540860085286,0.828328648411186,0.833984375
0.5,0.2,1,marked_history,0.5415567672490832,0.4584432327509168,0.11761672235929052,0.11545596572542277,0.5470078281415802,0.005451060892497028,0.8454569612122669,0.845703125
0.5,0.2,1,price_only,0.8538193913262877,0.1461806086737123,0.20239443113713218,0.20418461042064226,0.8487231104503392,-0.005096280875948489,0.6611663901016506,0.671875
0.5,0.2,2,current_queue,0.7144476561367761,0.2855523438632239,0.15732251641419384,0.16227034010937436,0.7001529280059469,-0.014294728130829215,0.7610618996674254,0.771484375
0.5,0.2,2,price_history_current_queue,0.6189531667049074,0.3810468332950926,0.13826979775159537,0.13516272218636982,0.6369629152788039,0.018009748573896478,0.8167545059503367,0.822265625
0.5,0.2,2,queue_price_history,0.5678847913118854,0.4321152086881146,0.1227631190450128,0.12219972603797868,0.5766952379893295,0.008810446677444128,0.8341957589126308,0.8515625
0.5,0.2,2,marked_history,0.5299757127276157,0.4700242872723843,0.1158536240589339,0.11280341615410902,0.5368191863288541,0.006843473601238381,0.8473980960248433,0.83984375
0.5,0.2,2,price_only,0.8379918187425461,0.16200818125745386,0.2104897055909088,0.1992545984372281,0.8755268348664647,0.03753501612391852,0.6751651274262708,0.6640625
0.5,0.2,3,current_queue,0.7068212657276001,0.29317873427239993,0.16795512682678582,0.16001876964009776,0.7343209708529124,0.0274997051253123,0.7663817995269302,0.765625
0.5,0.2,3,price_history_current_queue,0.612109583989794,0.387890416010206,0.15131087720698344,0.133780873763566,0.6785279566498965,0.06641837266010253,0.8159086682984148,0.783203125
0.5,0.2,3,queue_price_history,0.5671330165781208,0.43286698342187924,0.1403404995885539,0.12272469133281051,0.6293606721248097,0.062227655546688965,0.8317562267586815,0.796875
0.5,0.2,3,marked_history,0.5361964891366939,0.46380351086330607,0.12126931894078721,0.1148533934088555,0.5596317216341613,0.023435232497467373,0.8429743759580419,0.830078125
0.5,0.2,3,price_only,0.8418319030088212,0.15816809699117884,0.2057996315703735,0.20057621946277612,0.8656943890527147,0.023862486043893516,0.6697933789664225,0.642578125
0.5,0.2,4,current_queue,0.7049394450926106,0.29506055490738936,0.15754596042875163,0.15933134534627091,0.6979532604445284,-0.006986184648082205,0.7700663449719418,0.775390625
0.5,0.2,4,price_history_current_queue,0.625270387986081,0.37472961201391897,0.13667120493766952,0.13731501306430866,0.6260965802859376,0.0008261922998565874,0.8103018392550629,0.80859375
0.5,0.2,4,queue_price_history,0.5576667624813207,0.44233323751867926,0.1296413736754734,0.11966511019322448,0.602019880773527,0.04435311829220623,0.837728395188162,0.828125
0.5,0.2,4,marked_history,0.5175974255980909,0.48240257440190915,0.11848287927986415,0.10934758672174907,0.5521059908652219,0.034508565267131086,0.8540389754475026,0.83984375
0.5,0.2,4,price_only,0.8563593039831953,0.14364069601680474,0.19654587690207875,0.20497091018095726,0.8302753905909241,-0.02608391339227112,0.6572074453756541,0.677734375
0.5,0.2,5,current_queue,0.7075106820196272,0.2924893179803728,0.18324558216866463,0.16002968551105845,0.7969801190748772,0.08946943705525001,0.7691040614368679,0.736328125
0.5,0.2,5,price_history_current_queue,0.6187371879140914,0.3812628120859086,0.1686306842276835,0.13516590571620796,0.7512575682779934,0.132520380363902,0.8162516607810384,0.76953125
0.5,0.2,5,queue_price_history,0.5586102852978252,0.4413897147021748,0.14711547851491957,0.11984954875434943,0.6663710764492373,0.10776079115141213,0.8394512531658131,0.798828125
0.5,0.2,5,marked_history,0.5261074023013257,0.4738925976986743,0.13996821748934263,0.11187570900589708,0.6344910009062563,0.10838359860493063,0.8488711401366931,0.80859375
0.5,0.2,5,price_only,0.8448936690196381,0.15510633098036186,0.2160445602521039,0.20129544660849408,0.8973813889666064,0.052487719946968214,0.6686292762718574,0.654296875
0.5,0.2,6,current_queue,0.714584090615759,0.285415909384241,0.16351366243959764,0.16232504295480538,0.7138507941804968,-0.0007332964352622096,0.7620487277246941,0.751953125
0.5,0.2,6,price_history_current_queue,0.63185059276368,0.36814940723631995,0.14367138458984108,0.13947431689829065,0.6351757965857321,0.0033252038220520364,0.8061933303522593,0.798828125
0.5,0.2,6,queue_price_history,0.5703796400190333,0.4296203599809667,0.12239760408544605,0.12348465199174273,0.5570824281713691,-0.013297211847664192,0.8306659568959794,0.81640625
0.5,0.2,6,marked_history,0.5331930405043686,0.46680695949563145,0.11363364118995752,0.1139664194956264,0.5172452883213057,-0.01594775218306288,0.8454130520586377,0.828125
0.5,0.2,6,price_only,0.8494044363452782,0.15059556365472182,0.20507185064412814,0.20281503216813151,0.8561864966478294,0.0067820603025512405,0.6630262946432182,0.650390625
0.5,0.2,7,current_queue,0.7105068060769124,0.2894931939230876,0.17314969866764285,0.16106511456597838,0.7570556355708402,0.0465488294939278,0.7646299395623232,0.74609375
0.5,0.2,7,price_history_current_queue,0.640176525700074,0.359823474299926,0.1587336168696728,0.14154860443135436,0.7053390124821165,0.0651624867820425,0.8030704337676653,0.779296875
0.5,0.2,7,queue_price_history,0.5831405764897732,0.41685942351022676,0.13367505379262867,0.12649206288200765,0.6145150707805711,0.03137449429079786,0.8270245975388979,0.8203125
0.5,0.2,7,marked_history,0.5421105454771409,0.4578894545228591,0.12150749565187627,0.11565953162465856,0.5691438383940333,0.027033292916892382,0.8454848930798201,0.84765625
0.5,0.2,7,price_only,0.8599584141788703,0.1400415858211297,0.22302850020098447,0.20615831710607438,0.916718973343726,0.05676055916485567,0.6522031131064885,0.607421875
0.5,0.2,8,current_queue,0.7324704191420182,0.26752958085798184,0.16090286556576194,0.16728715736256158,0.7087609529377534,-0.02370946620426473,0.7538576677044225,0.7578125
0.5,0.2,8,price_history_current_queue,0.6409609381923613,0.35903906180763867,0.13532297583301833,0.14226622083236184,0.6096801788984905,-0.03128075929387086,0.7988128082893652,0.806640625
0.5,0.2,8,queue_price_history,0.5862222193172766,0.4137777806827234,0.1264176631282746,0.1278547170709624,0.5714708047540318,-0.014751414563244802,0.8231951325680089,0.82421875
0.5,0.2,8,marked_history,0.5414902152070883,0.4585097847929117,0.11920635080602317,0.1162291452464145,0.5429325000661223,0.001442284859033971,0.8419714203575339,0.83203125
0.5,0.2,8,price_only,0.8352325237023979,0.16476747629760213,0.2015409700510098,0.19874989582276642,0.8411584442564488,0.005925920554050945,0.670885749420972,0.662109375
0.5,0.2,9,current_queue,0.7045303982520421,0.2954696017479579,0.17147816914010502,0.15903673060227452,0.7463986866367105,0.041868288384668384,0.7718797510707316,0.755859375
0.5,0.2,9,price_history_current_queue,0.6304513867523671,0.3695486132476329,0.1494819661531769,0.1388469013408541,0.6793990620315549,0.04894767527918775,0.8087096284894123,0.80078125
0.5,0.2,9,queue_price_history,0.5650061904555426,0.43499380954445743,0.1375466945222374,0.12172287415808838,0.6332934601385178,0.06828726968297527,0.8322704067508866,0.810546875
0.5,0.2,9,marked_history,0.5308022583544527,0.4691977416455473,0.13030107960022347,0.11302668072390915,0.601780396417018,0.07097813806256525,0.8469716846998123,0.8125
0.5,0.2,9,price_only,0.8571204593116233,0.14287954068837672,0.21312675961507188,0.20510972369569436,0.8830295221893075,0.02590906287768424,0.6569603585953028,0.626953125
0.5,0.2,10,current_queue,0.6931498222836163,0.3068501777163837,0.14774154160311426,0.15635454564790757,0.6548747034093623,-0.038275118874254055,0.7704056724730327,0.779296875
0.5,0.2,10,price_history_current_queue,0.6093029664921431,0.3906970335078569,0.11897469764945946,0.13308021801258563,0.5504538975640345,-0.058849068928108594,0.8154016192378547,0.833984375
0.5,0.2,10,queue_price_history,0.547611633926136,0.452388366073864,0.10724978183074854,0.11730250556383573,0.5022260937882674,-0.04538554013786855,0.8408860267388576,0.857421875
0.5,0.2,10,marked_history,0.5144681766153701,0.48553182338462986,0.10175876564603335,0.10864906672776706,0.48260883140970373,-0.03185934520566641,0.8544464528362417,0.869140625
0.5,0.2,10,price_only,0.8482998015725408,0.1517001984274592,0.19163566832276596,0.20242377299228023,0.8111714471427572,-0.03712835442978357,0.666414578249299,0.6953125
0.5,0.2,11,current_queue,0.704527099800992,0.29547290019900796,0.1513228179975876,0.15952358750452747,0.678844483528098,-0.025682616272894032,0.7656188169318238,0.77734375
0.5,0.2,11,price_history_current_queue,0.621424698195692,0.378575301804308,0.132323605358792,0.13655963007420377,0.6080468926485447,-0.013377805547147292,0.8090833047342187,0.81640625
0.5,0.2,11,queue_price_history,0.5763779417546984,0.42362205824530164,0.11629279167602147,0.1251640479738002,0.5460551965801079,-0.030322745174590438,0.8273259730499067,0.84375
0.5,0.2,11,marked_history,0.5364376766218002,0.4635623233781998,0.10733745322316551,0.11488331267634644,0.5143151476153186,-0.022122529006481595,0.8434419052094133,0.861328125
0.5,0.2,11,price_only,0.8439173236837526,0.1560826763162474,0.2105703133990185,0.20139980000127927,0.8793061628410399,0.0353888391572873,0.6662342256887667,0.640625
0.5,0.2,12,current_queue,0.7189003600927311,0.28109963990726894,0.16154941598613898,0.16359402307866375,0.7096396158035376,-0.009260744289193434,0.7590420944436305,0.76171875
0.5,0.2,12,price_history_current_queue,0.6393177063726172,0.3606822936273828,0.1411703574882064,0.14128727586894343,0.6399411824259096,0.0006234760532923822,0.8014591419876378,0.791015625
0.5,0.2,12,queue_price_history,0.5801235814629216,0.41987641853707836,0.1264040960362133,0.12591388169053727,0.5801610986356367,3.7517172715051395e-05,0.8265375148910751,0.822265625
0.5,0.2,12,marked_history,0.5449625177719314,0.4550374822280686,0.11249611252422592,0.11697407995178322,0.5283245312701372,-0.016637986501794155,0.8401932377015005,0.84765625
0.5,0.2,12,price_only,0.8552837084641263,0.14471629153587373,0.20751091500845742,0.20482411481760948,0.867256513596466,0.011972805132339781,0.6544723828071286,0.638671875
0.5,0.2,13,current_queue,0.7089455583310149,0.2910544416689851,0.14738551421030868,0.1605853879986986,0.6592286418327364,-0.049716916498278474,0.7657165419105117,0.779296875
0.5,0.2,13,price_history_current_queue,0.621879191975428,0.37812080802457204,0.12161816365306272,0.13659212131851223,0.5619248119706985,-0.05995438000472941,0.8102155523483516,0.837890625
0.5,0.2,13,queue_price_history,0.5563686143346221,0.44363138566537785,0.10635461557736031,0.11921340013311364,0.5061828081856836,-0.05018580614893853,0.8378415715911547,0.857421875
0.5,0.2,13,marked_history,0.5177431279008556,0.48225687209914436,0.09870788272278092,0.10934956191869905,0.476706175704536,-0.04103695219631964,0.8545574497865461,0.86328125
0.5,0.2,13,price_only,0.8428419891328086,0.1571580108671914,0.19747402505382286,0.20080004792884426,0.8308283243047938,-0.012013664828014803,0.66836563816446,0.65234375
0.5,0.2,14,current_queue,0.715101580199974,0.28489841980002595,0.16633080938994516,0.1624259676897412,0.7228158953965163,0.0077143151965421985,0.7630911921622874,0.734375
0.5,0.2,14,price_history_current_queue,0.6278889975982969,0.37211100240170314,0.13695616755265283,0.13821946549897612,0.6182345319200488,-0.009654465678248014,0.8077070023577276,0.798828125
0.5,0.2,14,queue_price_history,0.5845110082998974,0.41548899170010256,0.12240392813699869,0.12710709093797873,0.5606934943781376,-0.023817513921759792,0.8247139365963467,0.83203125
0.5,0.2,14,marked_history,0.5551768604284302,0.4448231395715698,0.11475323193982975,0.11968867212428726,0.5334550468583644,-0.02172181357006575,0.8359004278921535,0.841796875
0.5,0.2,14,price_only,0.8435971001084168,0.15640289989158318,0.1926527660866679,0.20086191394669456,0.8169491406532808,-0.026647959455135983,0.6709473722986286,0.671875
0.5,0.2,15,current_queue,0.6972677401052705,0.3027322598947295,0.16030448032663877,0.15717628652948457,0.7068819532586232,0.009614213153352758,0.7736857496069471,0.76953125
0.5,0.2,15,price_history_current_queue,0.6186084285407255,0.3813915714592745,0.13827362299330115,0.13508499617971484,0.629612600539504,0.011004171998778456,0.8165546359026498,0.81640625
0.5,0.2,15,queue_price_history,0.5650761253540333,0.4349238746459667,0.1213475488855477,0.12152073246388607,0.5685622516726072,0.0034861263185739233,0.8345592680727545,0.845703125
0.5,0.2,15,marked_history,0.5291928524329441,0.4708071475670559,0.11189597392537913,0.11244132485239176,0.5251976646694307,-0.003995187763513375,0.848315375316778,0.845703125
0.5,0.2,15,price_only,0.8492649499204037,0.1507350500795963,0.21041220448911035,0.20271763597851145,0.8764943973830539,0.027229447462650214,0.6659934015734168,0.662109375
0.5,2.0,0,current_queue,0.9701844953152569,0.029815504684743144,0.2456132665754015,0.23985438738238482,0.9873062213084078,0.017121725993150982,0.5813031268623612,0.55078125
0.5,2.0,0,price_history_current_queue,0.9630382441248112,0.036961755875188795,0.24447229302500845,0.23754236734567447,0.9838968477541635,0.020858603629352324,0.5861268888709477,0.56640625
0.5,2.0,0,queue_price_history,0.9100382339303786,0.08996176606962136,0.22359273676657473,0.22049733266599003,0.9197991785004102,0.009760944570031516,0.6422175352254509,0.640625
0.5,2.0,0,marked_history,0.895192919499204,0.10480708050079601,0.21821934507595062,0.2158064532087389,0.9020432038639874,0.00685028436478341,0.6549524740660965,0.62890625
0.5,2.0,0,price_only,0.995553370341575,0.0044466296584250165,0.24931551778198524,0.2485145498125496,0.9983340184602135,0.00278064811863854,0.5103086852376243,0.498046875
0.5,2.0,1,current_queue,0.9715738563197496,0.028426143680250426,0.24417102405436322,0.24032195885032173,0.9835633963622978,0.011989540042548263,0.5796751628164212,0.572265625
0.5,2.0,1,price_history_current_queue,0.9634842577843353,0.03651574221566467,0.2430846843349381,0.23770734360647816,0.9802390238902413,0.016754766105905983,0.5863802644873585,0.58203125
0.5,2.0,1,queue_price_history,0.9157505263199339,0.08424947368006608,0.2213924519387041,0.22222355832734245,0.9140412894719454,-0.0017092368479885156,0.6379996885640404,0.626953125
0.5,2.0,1,marked_history,0.8971152457380738,0.10288475426192623,0.2178268885392104,0.21632143940830112,0.9008621689535823,0.003746923215508513,0.6551242557566705,0.642578125
0.5,2.0,1,price_only,0.9931585145800303,0.006841485419969651,0.2479242500158514,0.2477125465052516,0.9939743704217077,0.0008158558416773154,0.5135475031327013,0.505859375
0.5,2.0,2,current_queue,0.9734613463639612,0.0265386536360388,0.23954277963513798,0.24095697590814535,0.9691552484036831,-0.0043060979602781435,0.5766106267410737,0.572265625
0.5,2.0,2,price_history_current_queue,0.9658175011718231,0.03418249882817692,0.23687348755661147,0.2384568699064286,0.9609695644998888,-0.004847936671934283,0.5831218518426651,0.578125
0.5,2.0,2,queue_price_history,0.9122726034771458,0.08772739652285422,0.22230852079086472,0.2211909048245695,0.9160381506660459,0.003765547188900098,0.6399497098571264,0.638671875
0.5,2.0,2,marked_history,0.8994764821013924,0.10052351789860758,0.21379387920627116,0.2172341171533766,0.8902872900594674,-0.009189192041925032,0.6507246016809037,0.66015625
0.5,2.0,2,price_only,0.9938986193215686,0.006101380678431356,0.24962008326925256,0.2479571133483423,0.9991977986335283,0.0052991793119596675,0.5125452508062577,0.5078125
0.5,2.0,3,current_queue,0.9688887263905187,0.031111273609481294,0.24214981954846548,0.2394007068987182,0.97662075139761,0.007732025007091248,0.5860042770048084,0.546875
0.5,2.0,3,price_history_current_queue,0.9619819341280049,0.03801806587199508,0.23951261067934893,0.23716231469490903,0.9685439618310336,0.006562027703028717,0.5906177657311473,0.578125
0.5,2.0,3,queue_price_history,0.9046654149705512,0.0953345850294488,0.22051913534655002,0.2187921706689463,0.9096022764261955,0.004936861455644315,0.6458183341279893,0.638671875
0.5,2.0,3,marked_history,0.8857682840661517,0.11423171593384829,0.21366492019053085,0.21284175223608465,0.8877867647196498,0.002018480653498078,0.662798880141764,0.65625
0.5,2.0,3,price_only,0.9949056351233285,0.0050943648766714755,0.2480955262737093,0.24829579282117892,0.9942575477457752,-0.0006480873775532858,0.5102682380807371,0.533203125
0.5,2.0,4,current_queue,0.9715276433817215,0.028472356618278516,0.23906427836227565,0.24030052193095985,0.9679218293662669,-0.003605814015454567,0.5800895608450669,0.611328125
0.5,2.0,4,price_history_current_queue,0.9649265190552357,0.03507348094476426,0.23917091833748966,0.23816941836429842,0.9688317670079637,0.0039052479527279527,0.5852941814107258,0.576171875
0.5,2.0,4,queue_price_history,0.9178932576659815,0.08210674233401849,0.2308784054804388,0.22301822667596505,0.9420159117530412,0.024122654087059714,0.6349601305229133,0.634765625
0.5,2.0,4,marked_history,0.9013853728769372,0.09861462712306279,0.22946019440197424,0.2177922977080235,0.9380104633869203,0.03662509050998308,0.6497028096262631,0.619140625
0.5,2.0,4,price_only,0.9967305931162881,0.0032694068837119117,0.24969967104838836,0.24889048119020932,0.9990700759861653,0.002339482869877174,0.509893800884237,0.529296875
0.5,2.0,5,current_queue,0.974445122151527,0.02555487784847299,0.2406024462359208,0.24128731322226504,0.9724350211809789,-0.002010100970548101,0.5743022145079909,0.5859375
0.5,2.0,5,price_history_current_queue,0.9692866806364049,0.030713319363595115,0.24068648227053052,0.23961835527410458,0.9729733339076788,0.003686653271273932,0.5783372127849373,0.58203125
0.5,2.0,5,queue_price_history,0.9142112611482105,0.0857887388517895,0.2277949467793625,0.2216567233566929,0.9345169520582912,0.02030569091008072,0.6406813120037964,0.642578125
0.5,2.0,5,marked_history,0.8960334748632481,0.10396652513675186,0.22057025221725546,0.21592087835660773,0.911056106847052,0.015022631983803825,0.6564413483531015,0.66015625
0.5,2.0,5,price_only,0.9947925406862617,0.0052074593137383385,0.25019902078498507,0.24824684979768386,1.0006268885581253,0.005834347871863654,0.5119397692114496,0.498046875
0.5,2.0,6,current_queue,0.9723922375075129,0.027607762492487087,0.24040662489531162,0.2405766924750971,0.9721799486800455,-0.00021228882746737732,0.5810717582012375,0.59765625
0.5,2.0,6,price_history_current_queue,0.9663549383088671,0.033645061691132905,0.23741482227570912,0.23861497305457172,0.9624668793052665,-0.0038880590036005636,0.5847778557414849,0.6171875
0.5,2.0,6,queue_price_history,0.9093561498846635,0.09064385011533649,0.22579519988303118,0.22023774407257946,0.926153922735381,0.016797772850717485,0.6428600064348902,0.626953125
0.5,2.0,6,marked_history,0.897508549632046,0.10249145036795404,0.21996270109739105,0.21657934441987026,0.908177666191671,0.010669116559624992,0.6514876786256787,0.654296875
0.5,2.0,6,price_only,0.9957628684594609,0.004237131540539063,0.2477103156481179,0.24858112909445745,0.9931492723201791,-0.002613596139281804,0.5098416397948443,0.494140625
0.5,2.0,7,current_queue,0.9730084652334656,0.026991534766534375,0.2407201483187685,0.24079881326041017,0.9734914980848631,0.0004830328513975024,0.5768986611881926,0.5859375
0.5,2.0,7,price_history_current_queue,0.9662197784894528,0.03378022151054716,0.23796446890649892,0.23860832300793536,0.9642386430368097,-0.0019811354526431124,0.5818422560307182,0.5859375
0.5,2.0,7,queue_price_history,0.909393633042995,0.09060636695700497,0.22891507914651818,0.22034706360958844,0.9366638301824424,0.02727019713944734,0.6418293683021103,0.630859375
0.5,2.0,7,marked_history,0.8926439999366602,0.10735600006333978,0.2296889852468614,0.21514046903710812,0.9387573742817013,0.046113374345041036,0.6541722515405296,0.626953125
0.5,2.0,7,price_only,0.994242195236248,0.005757804763751984,0.2489058630682051,0.24807318897298497,0.9966780097028876,0.002435814466639541,0.5120318521369073,0.50390625
0.5,2.0,8,current_queue,0.9746344154180355,0.025365584581964473,0.24661899173975943,0.24134699363258186,0.9906439477235931,0.016009532305557572,0.5755550057731851,0.56640625
0.5,2.0,8,price_history_current_queue,0.9657881988684545,0.03421180113154554,0.2449329071393852,0.23846665860186964,0.9850997670743925,0.019311568205938046,0.5842493118002268,0.572265625
0.5,2.0,8,queue_price_history,0.9117358501274908,0.08826414987250919,0.23365478117111965,0.22103628914741083,0.9499562532141155,0.038220403086624666,0.640925705237701,0.607421875
0.5,2.0,8,marked_history,0.8958712378545248,0.10412876214547517,0.23087811125845434,0.2160556451093843,0.9411007232179706,0.04522948536344573,0.6532077165624615,0.6171875
0.5,2.0,8,price_only,0.9935183267983138,0.006481673201686244,0.2501716660260884,0.24782339881783894,1.0007598104468483,0.007241483648534497,0.5147139359755302,0.513671875
0.5,2.0,9,current_queue,0.969570412481146,0.03042958751885405,0.2322838756910124,0.23964137736461988,0.947404691396792,-0.022165721084353995,0.5833815527244588,0.6171875
0.5,2.0,9,price_history_current_queue,0.9607770375849285,0.039222962415071505,0.22911919781686174,0.236763429913519,0.9373104009673224,-0.023466636617606063,0.5906379019146344,0.62109375
0.5,2.0,9,queue_price_history,0.9075611153288021,0.09243888467119787,0.21153820468381962,0.21955669510352346,0.8817992967361199,-0.02576181859268223,0.6459765977914635,0.669921875
0.5,2.0,9,marked_history,0.893444310483587,0.10655568951641303,0.20356466535407397,0.2151246300182677,0.8558213188616226,-0.03762299162196436,0.6574565298199644,0.693359375
0.5,2.0,9,price_only,0.9941142403355799,0.005885759664420065,0.2453090432667666,0.24803590224472713,0.9857228773244336,-0.008391363011146291,0.5124469231830412,0.537109375
0.5,2.0,10,current_queue,0.9735521546590553,0.026447845340944687,0.2375171732691252,0.2409849308410525,0.9631914030953557,-0.010360751563699644,0.5770052416130336,0.59765625
0.5,2.0,10,price_history_current_queue,0.9665332957685567,0.03346670423144327,0.23500219469639938,0.23874323910904333,0.9554503804399548,-0.01108291532860195,0.581316139593685,0.5859375
0.5,2.0,10,queue_price_history,0.9123805103495621,0.08761948965043787,0.22068068095895138,0.22122607075994014,0.9121793070661439,-0.00020120328341821647,0.6407104933739762,0.662109375
0.5,2.0,10,marked_history,0.8980370807386944,0.10196291926130563,0.21468508788696483,0.21675436602942352,0.8920708215780035,-0.005966259160690823,0.65257513483923,0.66796875
0.5,2.0,10,price_only,0.9956030813797463,0.004396918620253709,0.2480347753088151,0.24852405374945236,0.9941250061645044,-0.001478075215241903,0.5099543574064775,0.525390625
0.5,2.0,11,current_queue,0.9720928664358967,0.027907133564103348,0.23320282335917097,0.2404982373006434,0.9499539809509999,-0.02213888548489673,0.5786674343242533,0.611328125
0.5,2.0,11,price_history_current_queue,0.9621465545247476,0.03785344547525238,0.2291354902442135,0.23732360898992388,0.9367262749770711,-0.02542027954767656,0.5862111869890511,0.611328125
0.5,2.0,11,queue_price_history,0.9050895859258947,0.09491041407410528,0.2088343363854292,0.21889329816496533,0.8739400248903054,-0.0311495610355893,0.6468762809809718,0.6875
0.5,2.0,11,marked_history,0.8895881731403303,0.11041182685966966,0.2056836542914719,0.21403600400773215,0.86243174587029,-0.027156427270040306,0.6595302368345615,0.689453125
0.5,2.0,11,price_only,0.9940960559461178,0.005903944053882171,0.2462963200236681,0.24803350980758754,0.9888820012761833,-0.00521405466993452,0.5126104016440223,0.5
0.5,2.0,12,current_queue,0.9722541765040464,0.02774582349595356,0.24145634194953053,0.24054975336146295,0.9746530329403682,0.0023988564363217613,0.5785260636456903,0.5625
0.5,2.0,12,price_history_current_queue,0.9642376575560831,0.03576234244391685,0.23778971383206476,0.23794701773543742,0.9631351154744858,-0.0011025420815973241,0.5850203630287996,0.564453125
0.5,2.0,12,queue_price_history,0.9121982829441433,0.08780171705585671,0.21711839383721343,0.2210887141824654,0.9006885598190268,-0.011509723125116444,0.6422906931506621,0.669921875
0.5,2.0,12,marked_history,0.8970648538350854,0.10293514616491461,0.21429967814901107,0.21629915709401595,0.891064937390283,-0.005999916444802356,0.6559214412091936,0.66015625
0.5,2.0,12,price_only,0.994206322186824,0.005793677813175968,0.24718897344394297,0.2480533354027424,0.99124846939071,-0.0029578527961140466,0.5127129385809508,0.49609375
0.5,2.0,13,current_queue,0.9730341996443844,0.026965800355615577,0.2471917866521629,0.24080735618266996,0.9918692036676665,0.018835004023282087,0.5788734825277537,0.560546875
0.5,2.0,13,price_history_current_queue,0.9642046012989101,0.03579539870108994,0.2448679229639667,0.23796147555208774,0.9849351530040684,0.020730551705158362,0.5849738304968574,0.560546875
0.5,2.0,13,queue_price_history,0.9215019511047622,0.07849804889523782,0.2353398129696576,0.2240527370258485,0.9558512529514305,0.03434930184666829,0.6335258896584836,0.580078125
0.5,2.0,13,marked_history,0.9040317338896442,0.0959682661103558,0.23213393818819666,0.2185924339245351,0.9469526657379894,0.04292093184834522,0.6468943733398029,0.6015625
0.5,2.0,13,price_only,0.9945496733792114,0.0054503266207885925,0.24833256148840172,0.2481754793151826,0.9945683066979025,1.8633318691119172e-05,0.5119073824168591,0.494140625
0.5,2.0,14,current_queue,0.9732708114374089,0.0267291885625911,0.24022865294931717,0.24088362619618092,0.9710682548431473,-0.0022025565942616065,0.5781751409953945,0.576171875
0.5,2.0,14,price_history_current_queue,0.9642258438774083,0.035774156122591716,0.23853707934961754,0.23792262293182184,0.9660494704040283,0.001823626526620048,0.5870956997577713,0.580078125
0.5,2.0,14,queue_price_history,0.9151999847655652,0.08480001523443481,0.2254700525434413,0.2220181293969536,0.9253684195935308,0.010168434827965589,0.638262355325573,0.6328125
0.5,2.0,14,marked_history,0.8960001074964409,0.10399989250355912,0.21986436508470902,0.21593413053384597,0.9084469885771125,0.012446881080671601,0.6558244457232898,0.63671875
0.5,2.0,14,price_only,0.9935914188594679,0.00640858114053211,0.2486072259045522,0.2478503001344918,0.9956169002550577,0.002025481395589779,0.5138482014833559,0.470703125
0.5,2.0,15,current_queue,0.9726767785496524,0.0273232214503476,0.2448031063991622,0.24068679265005322,0.9851490724310168,0.012472293881364394,0.5782634878432993,0.556640625
0.5,2.0,15,price_history_current_queue,0.9678867851057067,0.03211321489429331,0.2403203787475507,0.23912750695834376,0.971284635218038,0.003397850112331291,0.5816055548095806,0.564453125
0.5,2.0,15,queue_price_history,0.9114736273000056,0.08852637269999442,0.23159401322505624,0.22082099404071537,0.9445379274039587,0.033064300103953115,0.6428830901857201,0.626953125
0.5,2.0,15,marked_history,0.9010869662928305,0.09891303370716953,0.22867000528099918,0.2175408547904526,0.9355269434260118,0.034439977133181365,0.6517813936623451,0.62109375
0.5,2.0,15,price_only,0.9956500163205181,0.004349983679481917,0.2456010097307062,0.24854364597469053,0.9865482450916045,-0.009101771228913536,0.5101094556159396,0.51171875
1.0,0.02,0,current_queue,0.24755838806265196,0.752441611937348,0.04907388890945433,0.05047177289705725,0.23070150965925956,-0.016856878403392395,0.9251616706488708,0.943359375
1.0,0.02,0,price_history_current_queue,0.08403011113987063,0.9159698888601293,0.013165837355484034,0.012665444618556336,0.07966235448194567,-0.004367756657924965,0.9859918756719981,0.984375
1.0,0.02,0,queue_price_history,0.06523884066963762,0.9347611593303624,0.010734145148885824,0.009615508439120695,0.06605967754721447,0.0008208368775768499,0.989293263487817,0.986328125
1.0,0.02,0,marked_history,0.06203365368406903,0.937966346315931,0.006893594360350128,0.009692067711000285,0.048410314513026846,-0.013623339171042186,0.9881729898239304,0.994140625
1.0,0.02,0,price_only,0.20205407516622942,0.7979459248337706,0.020129604762819015,0.03477144925150608,0.14533036328792384,-0.05672371187830558,0.9605334156372651,0.98046875
1.0,0.02,1,current_queue,0.26218092896849354,0.7378190710315065,0.054763650389545136,0.053737586908493284,0.2567949347152703,-0.005385994253223225,0.9201029954396844,0.912109375
1.0,0.02,1,price_history_current_queue,0.08963911851798409,0.9103608814820159,0.01380532668778297,0.014385109245778281,0.08687936008799631,-0.0027597584299877825,0.982960716594744,0.984375
1.0,0.02,1,queue_price_history,0.07125004400241403,0.928749955997586,0.008235189678200298,0.011305132510004486,0.060213720816223976,-0.01103632318619005,0.9866202308350562,0.9921875
1.0,0.02,1,marked_history,0.056578995055376835,0.9434210049446232,0.00702492586399977,0.008320206466609983,0.050583094568697376,-0.005995900486679459,0.9906683794317548,0.9921875
1.0,0.02,1,price_only,0.1943738544009595,0.8056261455990406,0.038164055888508706,0.03350407395520785,0.21101315295155826,0.016639298550598758,0.9616956477155101,0.95703125
1.0,0.02,2,current_queue,0.2610794995208131,0.7389205004791869,0.06274940153359182,0.053558108452490885,0.30605893648997484,0.044979436969161735,0.9196819607236482,0.9140625
1.0,0.02,2,price_history_current_queue,0.09682340084465416,0.9031765991553459,0.02475416624620686,0.01587945870339892,0.16482085554881074,0.06799745470415658,0.9805886481032287,0.97265625
1.0,0.02,2,queue_price_history,0.07794081910630278,0.9220591808936972,0.022297255706997296,0.012666892678092446,0.13128406919077426,0.05334325008447148,0.9850181834945865,0.974609375
1.0,0.02,2,marked_history,0.07142044752797258,0.9285795524720274,0.01675082232208839,0.011752672347481381,0.09945117432833862,0.028030726800366043,0.9857780748130457,0.978515625
1.0,0.02,2,price_only,0.2153585009141668,0.7846414990858332,0.04911319132929545,0.03867991897201281,0.2793114652372728,0.06395296432310599,0.9540203384332295,0.943359375
1.0,0.02,3,current_queue,0.2767781448664606,0.7232218551335394,0.06912478211461942,0.0580074364479213,0.32883074181033994,0.05205259694387937,0.9100714776546637,0.875
1.0,0.02,3,price_history_current_queue,0.08958367107673867,0.9104163289232613,0.017363055420391776,0.014386505789701442,0.10124222978352822,0.011658558706789543,0.982721799652157,0.978515625
1.0,0.02,3,queue_price_history,0.06779728297584503,0.9322027170241549,0.010517086391806707,0.010657787716437776,0.06548600459135807,-0.002311278384486956,0.9872023243174424,0.984375
1.0,0.02,3,marked_history,0.05592749950460559,0.9440725004953944,0.0063606772903406295,0.008341591514159509,0.04507051624118855,-0.010856983263417039,0.99045725315765,0.9921875
1.0,0.02,3,price_only,0.20273345459560743,0.7972665454043926,0.03982188566457259,0.035464097763303365,0.21237135617480465,0.009637901579197222,0.9590282861027799,0.951171875
1.0,0.02,4,current_queue,0.2611161571997499,0.7388838428002501,0.049160639180915774,0.05390977110536743,0.24099203668365907,-0.020124120516090832,0.9189119656650802,0.919921875
1.0,0.02,4,price_history_current_queue,0.08491051944334274,0.9150894805566573,0.012685829952590233,0.013216354940604622,0.07908499837031058,-0.005825521073032164,0.9844598630388526,0.984375
1.0,0.02,4,queue_price_history,0.061485274106816604,0.9385147258931834,0.009942116408488067,0.009294949930944062,0.06980444037355932,0.008319166266742714,0.9890432698499784,0.98828125
1.0,0.02,4,marked_history,0.05475316697578852,0.9452468330242115,0.009024791971673447,0.007929937622837026,0.05776814938524752,0.003014982409459001,0.991171602068943,0.98828125
1.0,0.02,4,price_only,0.1922744248278707,0.8077255751721293,0.042737995482512905,0.03257357622712916,0.22646613041499547,0.03419170558712478,0.9637035960610214,0.951171875
1.0,0.02,5,current_queue,0.27354915882921305,0.726450841170787,0.05445985885514237,0.056756824262706194,0.2673188232250657,-0.006230335604147319,0.914287023010738,0.9140625
1.0,0.02,5,price_history_current_queue,0.0725952880744242,0.9274047119255758,0.01319588259619125,0.010685204299857521,0.09079101340138976,0.01819572532696556,0.9874332428619169,0.982421875
1.0,0.02,5,queue_price_history,0.060045505638107316,0.9399544943618927,0.010125943450298727,0.00871068449901299,0.060254595366854985,0.00020908972874766896,0.990060694464052,0.98828125
1.0,0.02,5,marked_history,0.05722221430351887,0.9427777856964812,0.007604091937767479,0.00837047078287331,0.05096629450301138,-0.006255919800507492,0.9905760372523946,0.9921875
1.0,0.02,5,price_only,0.19833854077714683,0.8016614592228531,0.036154973305105226,0.034681269435413505,0.2017416119285539,0.003403071151407061,0.9601330599535476,0.955078125
1.0,0.02,6,current_queue,0.29182154402224275,0.7081784559777573,0.07232335462830188,0.06231496623745255,0.3424089860747792,0.05058744205253646,0.8995837465911423,0.8984375
1.0,0.02,6,price_history_current_queue,0.09698915876904171,0.9030108412309583,0.020190932385528403,0.01622014551114121,0.11195829127036291,0.014969132501321203,0.9801909015984808,0.97265625
1.0,0.02,6,queue_price_history,0.0850350846214475,0.9149649153785525,0.015481061186091261,0.01470342597052329,0.08658805210146811,0.001552967480020609,0.9811939085213441,0.978515625
1.0,0.02,6,marked_history,0.07065900782496091,0.9293409921750391,0.012201990489174697,0.011627866222579004,0.07511524156376387,0.004456233738802953,0.9858315051998594,0.984375
1.0,0.02,6,price_only,0.19489692358248475,0.8051030764175152,0.041325440024778726,0.033399295296252705,0.22672822933099718,0.03183130574851242,0.9622116434095918,0.953125
1.0,0.02,7,current_queue,0.2549384202412435,0.7450615797587565,0.0573446395522251,0.052806410305664984,0.28442579935640117,0.02948737911515764,0.9179264599913999,0.90625
1.0,0.02,7,price_history_current_queue,0.08516189958281342,0.9148381004171866,0.015323960483413654,0.013499282937332123,0.09423795355873876,0.009076053975925341,0.9838154360427696,0.982421875
1.0,0.02,7,queue_price_history,0.06779409255605419,0.9322059074439458,0.013077127341556513,0.0104050046508725,0.07954078090461247,0.011746688348558285,0.9879429647293434,0.986328125
1.0,0.02,7,marked_history,0.06386810112440561,0.9361318988755944,0.011099882313726082,0.01004508976539055,0.06683584364332798,0.0029677425189223727,0.9880556254568242,0.986328125
1.0,0.02,7,price_only,0.2064398195892032,0.7935601804107968,0.03893366995910906,0.03596610911191017,0.2194998349041422,0.013060015314939,0.9586460155233327,0.953125
1.0,0.02,8,current_queue,0.2877143053194665,0.7122856946805335,0.06320705406187913,0.06005073198685988,0.30335556282026843,0.01564125750080192,0.9081935112610201,0.9140625
1.0,0.02,8,price_history_current_queue,0.09541449830828438,0.9045855016917156,0.015285105638938458,0.01540596347263021,0.09254743990230815,-0.0028670584059762305,0.9818009002905659,0.984375
1.0,0.02,8,queue_price_history,0.07007614009354811,0.9299238599064519,0.008811668883518791,0.010710264318318294,0.05337084717217902,-0.01670529292136909,0.9878938515919237,0.990234375
1.0,0.02,8,marked_history,0.06318939140300009,0.9368106085969999,0.007477849202140386,0.009642021415061888,0.04488692864865526,-0.018302462754344828,0.9890406650109428,0.9921875
1.0,0.02,8,price_only,0.18814027802863917,0.8118597219713608,0.03727801006029803,0.03201538376937654,0.21884403820262327,0.0307037601739841,0.9640337728646837,0.95703125
1.0,0.02,9,current_queue,0.2799419338669012,0.7200580661330989,0.059464337541334664,0.05893760527831999,0.27494721839450476,-0.004994715472396438,0.9069688032401428,0.9140625
1.0,0.02,9,price_history_current_queue,0.09157478627259516,0.9084252137274048,0.01186512397656878,0.014682991590704977,0.06428475668991133,-0.027290029582683825,0.982864512448002,0.982421875
1.0,0.02,9,queue_price_history,0.06677986299519405,0.933220137004806,0.006792750612496671,0.010103627469993121,0.03912779235109982,-0.02765207064409423,0.9886019965503994,0.9921875
1.0,0.02,9,marked_history,0.05908562009285706,0.9409143799071429,0.005505802143214443,0.008861043431170229,0.029972258670824137,-0.029113361422032923,0.9898232586193421,0.9921875
1.0,0.02,9,price_only,0.1975189125082633,0.8024810874917367,0.031898703590677834,0.033502134807735215,0.19269405888013996,-0.004824853628123349,0.9627621714543336,0.966796875
1.0,0.02,10,current_queue,0.26640978646892355,0.7335902135310765,0.054892831697214775,0.055569988123367234,0.2731287308440951,0.006718944375171565,0.9139212903108553,0.90625
1.0,0.02,10,price_history_current_queue,0.08258475358203396,0.917415246417966,0.012246012884914285,0.0124598285874697,0.08582095686886915,0.0032362032868351875,0.9861109991156016,0.986328125
1.0,0.02,10,queue_price_history,0.05852315036190926,0.9414768496380908,0.009702723672678342,0.008120098391026176,0.06885141705159276,0.010328266689683493,0.9914093092700842,0.990234375
1.0,0.02,10,marked_history,0.05472519674846499,0.945274803251535,0.009249664512570139,0.008033703499489389,0.06268974426164775,0.007964547513182763,0.9910560406535607,0.990234375
1.0,0.02,10,price_only,0.1946025518585618,0.8053974481414382,0.025890664106028256,0.033135806806141935,0.1610489719695214,-0.0335535798890404,0.9630971238786057,0.97265625
1.0,0.02,11,current_queue,0.2877136237372874,0.7122863762627125,0.05758234411337199,0.06040131214609953,0.2773485922753989,-0.010365031461888552,0.9081694115258987,0.90625
1.0,0.02,11,price_history_current_queue,0.09067557554693502,0.9093244244530649,0.015109324850268606,0.014206235718149477,0.09695993641570977,0.006284360868774749,0.9836926004215036,0.984375
1.0,0.02,11,queue_price_history,0.06357062183747564,0.9364293781625244,0.01256929666384426,0.009242776158488907,0.0754725626819132,0.011901940844437561,0.9898140652030061,0.984375
1.0,0.02,11,marked_history,0.05706438567593405,0.9429356143240659,0.009973295153330612,0.0086626194838,0.051252150670077594,-0.005812235005856453,0.9893051682858518,0.986328125
1.0,0.02,11,price_only,0.20373651668123488,0.7962634833187652,0.04074090703552137,0.03556999233898058,0.2285552171910799,0.024818700509845026,0.959304567627966,0.953125
1.0,0.02,12,current_queue,0.24123988986688824,0.7587601101331117,0.04957244196290232,0.049335558105140086,0.24209124553597813,0.0008513556690898927,0.9258039346107207,0.939453125
1.0,0.02,12,price_history_current_queue,0.08218635998757909,0.9178136400124209,0.014434833914000501,0.012486925897076765,0.08668322019322688,0.004496860205647796,0.985509576972289,0.982421875
1.0,0.02,12,queue_price_history,0.06964108146287337,0.9303589185371266,0.009442327072783464,0.01086102844847071,0.0538525844748506,-0.015788496988022774,0.9870554564712475,0.98828125
1.0,0.02,12,marked_history,0.0617577853168705,0.9382422146831295,0.00842413147789887,0.00934138569063492,0.04805055538150846,-0.01370722993536204,0.9890792138478097,0.990234375
1.0,0.02,12,price_only,0.21930803174290026,0.7806919682570997,0.04060464193731065,0.03917805888039876,0.2182205609736404,-0.0010874707692598573,0.9536793745694692,0.955078125
1.0,0.02,13,current_queue,0.2529954379375271,0.7470045620624729,0.04892680939849234,0.05219155583137173,0.23312432476492242,-0.019871113172604676,0.9196375973163545,0.9296875
1.0,0.02,13,price_history_current_queue,0.07946262249411033,0.9205373775058897,0.017761391816326605,0.012041687209866562,0.11797686790913885,0.038514245415028514,0.985892042181622,0.98046875
1.0,0.02,13,queue_price_history,0.0651992524600421,0.9348007475399579,0.01272804380278475,0.009803746331587525,0.07928068852134573,0.014081436061303632,0.9891019612267229,0.984375
1.0,0.02,13,marked_history,0.05435578766499949,0.9456442123350005,0.011153919836512972,0.007888503195115856,0.07156837944005948,0.017212591775059988,0.9910652587610419,0.98828125
1.0,0.02,13,price_only,0.1967816428716718,0.8032183571283282,0.04213847808867568,0.03387017961633631,0.25527033237039776,0.05848868949872596,0.9614262556764659,0.955078125
1.0,0.02,14,current_queue,0.2749642436033643,0.7250357563966356,0.047630010954960084,0.05699332039134644,0.2404141063329872,-0.03455013727037709,0.9146448133781492,0.919921875
1.0,0.02,14,price_history_current_queue,0.08451096511270895,0.915489034887291,0.012963316542625392,0.012878540445869412,0.08486488009831905,0.00035391498561010426,0.985556292657098,0.984375
1.0,0.02,14,queue_price_history,0.07184731549179149,0.9281526845082085,0.009908295868981464,0.011245534720872957,0.07533642028085849,0.003489104789066999,0.9867387257760454,0.990234375
1.0,0.02,14,marked_history,0.0712017844056834,0.9287982155943166,0.012220827682723708,0.011687314238247298,0.07966421117411931,0.008462426768435921,0.985794377367218,0.986328125
1.0,0.02,14,price_only,0.1928574963099607,0.8071425036900393,0.03329964083276876,0.03296709215862824,0.19948636318437918,0.006628866874418465,0.9630209234683502,0.962890625
1.0,0.02,15,current_queue,0.26345471814070887,0.7365452818592911,0.053963477399729995,0.05405655882066811,0.26244149807898787,-0.0010132200617209985,0.919073366969559,0.931640625
1.0,0.02,15,price_history_current_queue,0.10100450380450794,0.898995496195492,0.01587894618811711,0.016882553609483375,0.09654808210508584,-0.004456421699422106,0.9796568326188666,0.98046875
1.0,0.02,15,queue_price_history,0.07134556572286313,0.9286544342771369,0.009736108363711304,0.011155639687409746,0.06435946390745012,-0.0069861018154130095,0.9868813444695468,0.990234375
1.0,0.02,15,marked_history,0.06481756622688178,0.9351824337731183,0.009450382937726872,0.010345394572845466,0.058023475575094276,-0.0067940906517875085,0.9874669841037893,0.990234375
1.0,0.02,15,price_only,0.2138387389731068,0.7861612610268932,0.04597414077944047,0.03784766657174156,0.24662657727504753,0.032787838301940736,0.9564801475539247,0.943359375
1.0,0.2,0,current_queue,0.5067295145788793,0.49327048542112073,0.11789417014748388,0.10665365925273378,0.5510630947104611,0.04433358013158184,0.8493420134059333,0.84765625
1.0,0.2,0,price_history_current_queue,0.36752453234038496,0.632475467659615,0.07329177823030011,0.072088574194455,0.36474468190162396,-0.002779850438761,0.9093700698967134,0.90625
1.0,0.2,0,queue_price_history,0.2723280394742751,0.7276719605257249,0.04849055013906427,0.05053018640186051,0.2610793016211499,-0.01124873785312519,0.9385557093970388,0.943359375
1.0,0.2,0,marked_history,0.2523571654212432,0.7476428345787568,0.04789589268849048,0.04664707785269851,0.2519373795060138,-0.0004197859152293981,0.9416575633253582,0.943359375
1.0,0.2,0,price_only,0.6680380199498382,0.33196198005016175,0.13935648584219124,0.15200256207830204,0.6117892512671426,-0.05624876868269568,0.7684698903915119,0.79296875
1.0,0.2,1,current_queue,0.5092247162739746,0.4907752837260254,0.1089061749009777,0.10740550727789061,0.504820917819705,-0.004403798454269636,0.8502453627316932,0.83984375
1.0,0.2,1,price_history_current_queue,0.3899398951932191,0.6100601048067809,0.07709729540042251,0.0778344385885891,0.3790153627018842,-0.010924532491334904,0.899180762723762,0.8984375
1.0,0.2,1,queue_price_history,0.2913371359771272,0.7086628640228728,0.05035759565143068,0.055343891551671756,0.2608419774002766,-0.03049515857685059,0.9307945204672429,0.93359375
1.0,0.2,1,marked_history,0.271717247862468,0.728282752137532,0.0481073031044897,0.05125009927965822,0.2553762405835889,-0.016341007278879105,0.9360091203209882,0.943359375
1.0,0.2,1,price_only,0.6756997177680586,0.3243002822319414,0.15641540295877096,0.15355269247999023,0.6917428781628363,0.01604316039477771,0.7685757376034255,0.78125
1.0,0.2,2,current_queue,0.4927153170742263,0.5072846829257738,0.1044643147860674,0.10296112203333249,0.5081923687962181,0.015477051721991819,0.8551817952117082,0.853515625
1.0,0.2,2,price_history_current_queue,0.3765166161174018,0.6234833838825982,0.07149703275139685,0.0743382792868986,0.37202686561888576,-0.004489750498516021,0.9048018508056721,0.91796875
1.0,0.2,2,queue_price_history,0.29586299816160533,0.7041370018383947,0.05536830206370223,0.05600294545823789,0.2937162962710713,-0.0021467018905340085,0.9312434342218179,0.93359375
1.0,0.2,2,marked_history,0.26781185399794594,0.7321881460020541,0.04940812951736144,0.049650298760961685,0.2619934393606025,-0.00581841463734345,0.9389063069124133,0.943359375
1.0,0.2,2,price_only,0.6930736131899798,0.30692638681002016,0.15989749661463418,0.1585839108643149,0.6962291154894992,0.0031555022995193305,0.7572960757155933,0.751953125
1.0,0.2,3,current_queue,0.5127403325430376,0.48725966745696236,0.08938923193134993,0.10778901465755134,0.4395182722016958,-0.07322206034134182,0.851338841503914,0.88671875
1.0,0.2,3,price_history_current_queue,0.3657209828923405,0.6342790171076595,0.06753830665880037,0.07167072368880466,0.346921796926085,-0.018799185966255516,0.910264844292901,0.908203125
1.0,0.2,3,queue_price_history,0.2980943803947519,0.7019056196052481,0.05330517451961614,0.05695758279731857,0.28352427753028764,-0.014570102864464252,0.927408131641438,0.9375
1.0,0.2,3,marked_history,0.2745850791678417,0.7254149208321583,0.04535709948437032,0.05185469769623699,0.2488252975558894,-0.025759781611952304,0.934113284207531,0.9375
1.0,0.2,3,price_only,0.6490427183118931,0.3509572816881069,0.14595200792857532,0.14615286940153238,0.6540948628067949,0.005052144494901767,0.7820998794386801,0.775390625
1.0,0.2,4,current_queue,0.47946350017547507,0.520536499824525,0.10356086325638034,0.0993419504405412,0.48681240761399125,0.0073489074385161834,0.8644099133366603,0.861328125
1.0,0.2,4,price_history_current_queue,0.37549955216697306,0.6245004478330269,0.07816531490150648,0.0739002966043906,0.39671282514427275,0.02121327297729969,0.9057443406677727,0.90234375
1.0,0.2,4,queue_price_history,0.2880951976729662,0.7119048023270338,0.05842826554659096,0.054008127806355485,0.3149621816899822,0.026866984017015982,0.9340369039134049,0.93359375
1.0,0.2,4,marked_history,0.2626319040642995,0.7373680959357005,0.052584171455770615,0.0482874614856532,0.2871044114983287,0.024472507434029234,0.9415362429397968,0.9375
1.0,0.2,4,price_only,0.6979961753102113,0.3020038246897887,0.15034496926187912,0.15968993711101365,0.6744423301194953,-0.023553845190716016,0.7564423184056628,0.794921875
1.0,0.2,5,current_queue,0.4814332915232339,0.5185667084767661,0.08870791090721682,0.09970841755674953,0.44487404044490986,-0.03655925107832403,0.8653557194605721,0.888671875
1.0,0.2,5,price_history_current_queue,0.37150123335915797,0.628498766640842,0.06719637927067415,0.0732223962068231,0.34565362864700055,-0.025847604712157413,0.905985547684247,0.91796875
1.0,0.2,5,queue_price_history,0.2926510364307673,0.7073489635692327,0.0478440767807715,0.05560073052410621,0.24628643347531337,-0.046364602955453915,0.930029363013238,0.9375
1.0,0.2,5,marked_history,0.25814958345840855,0.7418504165415915,0.040565750538224046,0.04813354942746767,0.212507349032756,-0.045642234425652545,0.9399709666593996,0.947265625
1.0,0.2,5,price_only,0.689026278854405,0.31097372114559496,0.15320937937570528,0.15736860445922232,0.6777319184952925,-0.011294360359112576,0.7612222451026438,0.775390625
1.0,0.2,6,current_queue,0.5062650391955644,0.4937349608044356,0.10321409115855823,0.10658015463447043,0.48908303557104593,-0.017182003624518494,0.8529605379635696,0.84765625
1.0,0.2,6,price_history_current_queue,0.38244040768715853,0.6175595923128414,0.07035982112540701,0.07626204723577684,0.3549006884246038,-0.027539719262554718,0.9017611632209506,0.908203125
1.0,0.2,6,queue_price_history,0.29492675119069467,0.7050732488093053,0.04790735535469132,0.05606746473625503,0.2653618347448126,-0.02956491644588205,0.9287864407824435,0.9375
1.0,0.2,6,marked_history,0.26698445870761456,0.7330155412923854,0.04094957396383079,0.04961691547351818,0.23866210853657696,-0.028322350171037597,0.9391530558819619,0.94921875
1.0,0.2,6,price_only,0.6705245543082761,0.32947544569172393,0.15200839568950342,0.15197813788831102,0.667127591954586,-0.003396962353690025,0.770821287675504,0.76171875
1.0,0.2,7,current_queue,0.4996670417596029,0.500332958240397,0.10625475615808601,0.10485626354597266,0.5004598393088975,0.000792797549294566,0.8531238043049639,0.849609375
1.0,0.2,7,price_history_current_queue,0.37997099231834364,0.6200290076816564,0.08254109973773976,0.07527324087975402,0.41160184631392405,0.03163085399558041,0.9043455122238258,0.900390625
1.0,0.2,7,queue_price_history,0.303890280876158,0.696109719123842,0.06336358419442378,0.05839290634930711,0.32296953306679177,0.019079252190633778,0.9260067214775239,0.908203125
1.0,0.2,7,marked_history,0.2823511791993776,0.7176488208006224,0.055816916828396394,0.05373626873370568,0.30040568119929223,0.01805450199991465,0.9320747606825277,0.927734375
1.0,0.2,7,price_only,0.6819234725634329,0.3180765274365671,0.17223173810743336,0.1553174906670412,0.7564534104652738,0.07452993790184093,0.764521891091401,0.740234375
1.0,0.2,8,current_queue,0.5359822588321171,0.46401774116788286,0.11407133568934141,0.11424174120356678,0.5405532729183269,0.004571014086209746,0.8407521638674553,0.841796875
1.0,0.2,8,price_history_current_queue,0.40993746130996184,0.5900625386900382,0.0835060165017016,0.0830824335546819,0.41700951559439214,0.007072054284430307,0.8914974381044685,0.896484375
1.0,0.2,8,queue_price_history,0.3230804371597762,0.6769195628402238,0.06342229484475144,0.06296925851629112,0.3189901700899273,-0.004090267069848885,0.918246649038823,0.9140625
1.0,0.2,8,marked_history,0.29307001058269155,0.7069299894173084,0.055477665064166085,0.05602931970562242,0.29112401776595215,-0.0019459928167394058,0.9294940019053228,0.931640625
1.0,0.2,8,price_only,0.6882138609175732,0.3117861390824268,0.16034708543377768,0.15758529046948422,0.6968897556696314,0.00867589475205821,0.7558842998555517,0.744140625
1.0,0.2,9,current_queue,0.5080267950195183,0.4919732049804817,0.11921011066455436,0.10670925433729622,0.5550894125068235,0.047062617487305225,0.8514406932033458,0.833984375
1.0,0.2,9,price_history_current_queue,0.3845410729205354,0.6154589270794646,0.08790191423018007,0.07584698994329431,0.4251873990882974,0.04064632616776198,0.904972663388274,0.888671875
1.0,0.2,9,queue_price_history,0.317477029696684,0.682522970303316,0.06578488577766367,0.061584735531620305,0.3303777388317044,0.012900709135020394,0.9216023340596206,0.908203125
1.0,0.2,9,marked_history,0.2837432038711088,0.7162567961288913,0.05912591206914743,0.0536411162205601,0.3041956054904552,0.020452401619346416,0.9338016344893553,0.9296875
1.0,0.2,9,price_only,0.6787991427516992,0.32120085724830083,0.15848568585121256,0.15445192671725916,0.6872491223256226,0.00844997957392346,0.7645479371273021,0.7578125
1.0,0.2,10,current_queue,0.5058503063871156,0.4941496936128844,0.10063634187240829,0.10533461363790378,0.49132707279179544,-0.01452323359532015,0.8586492367333527,0.876953125
1.0,0.2,10,price_history_current_queue,0.4000397365172771,0.5999602634827229,0.07278230671966249,0.07997939694580716,0.3742858585648852,-0.025753877952391868,0.8987398312333119,0.908203125
1.0,0.2,10,queue_price_history,0.3006451266318738,0.6993548733681262,0.04991786087744052,0.0572636676680463,0.26506576768405327,-0.03557935894782055,0.9281694340292684,0.935546875
1.0,0.2,10,marked_history,0.2599259139060338,0.7400740860939662,0.042598334700744256,0.04764521948464699,0.23947441915592346,-0.02045149475011035,0.9428582708443696,0.94921875
1.0,0.2,10,price_only,0.6882934514906092,0.31170654850939084,0.16034230757270906,0.1571221460859789,0.7018207480502565,0.01352729655964735,0.7613437186917313,0.76171875
1.0,0.2,11,current_queue,0.5245208714160683,0.4754791285839317,0.1157223955910254,0.11125833486983933,0.5438422029395191,0.019321331523450835,0.8429358747955747,0.833984375
1.0,0.2,11,price_history_current_queue,0.38618519837552345,0.6138148016244765,0.07809172380890103,0.07705726690012994,0.39409420090985753,0.007909002534334075,0.8990905145390613,0.89453125
1.0,0.2,11,queue_price_history,0.2830662389846701,0.7169337610153299,0.05579954700613821,0.05277813744575256,0.3188686715996827,0.03580243261501259,0.935897963697137,0.935546875
1.0,0.2,11,marked_history,0.2521033550520847,0.7478966449479153,0.049121641407037196,0.0460269475133475,0.28476872853179175,0.03266537347970705,0.9447283108981104,0.939453125
1.0,0.2,11,price_only,0.669219043117957,0.330780956882043,0.15353481552285508,0.15214191487936807,0.669884050393274,0.0006650072753170422,0.7692607792608948,0.767578125
1.0,0.2,12,current_queue,0.4915035550786912,0.5084964449213087,0.1167586471663227,0.10238691378320658,0.5535339663065635,0.062030411227872284,0.8600681267000625,0.845703125
1.0,0.2,12,price_history_current_queue,0.39099435939101645,0.6090056406089835,0.08210839880923809,0.0776386342389544,0.39854912670195525,0.0075547673109387925,0.9012371209208052,0.888671875
1.0,0.2,12,queue_price_history,0.31528617006028076,0.6847138299397193,0.05980055493033855,0.06073829292577969,0.3030205646623132,-0.01226560539796756,0.9235963142766836,0.921875
1.0,0.2,12,marked_history,0.2818615314351006,0.7181384685648994,0.05504727905249914,0.05293576968451137,0.2865595437799431,0.0046980123448424616,0.9341095987064005,0.935546875
1.0,0.2,12,price_only,0.7090109760351901,0.29098902396480986,0.16919830068411762,0.16275317599364197,0.7253031700788677,0.016292194043677544,0.7498497546480749,0.724609375
1.0,0.2,13,current_queue,0.4957648774765475,0.5042351225234525,0.11591560976827935,0.10346691079203635,0.5384498482739947,0.04268497079744715,0.8567144007668428,0.83984375
1.0,0.2,13,price_history_current_queue,0.3682880339895172,0.6317119660104829,0.09431961135303044,0.07256283347919082,0.46366806437537517,0.09538003038585796,0.9069011945579292,0.884765625
1.0,0.2,13,queue_price_history,0.2887332214823017,0.7112667785176983,0.06820748714356967,0.05427588431461403,0.3575436149228046,0.06881039344050294,0.9324944270161192,0.916015625
1.0,0.2,13,marked_history,0.26754070021172355,0.7324592997882764,0.05728982227045094,0.049839974745202756,0.31265904289017493,0.045118342678451384,0.9386452908515568,0.9296875
1.0,0.2,13,price_only,0.6684411879226826,0.3315588120773174,0.1677173365579427,0.1516541638368576,0.7404888028423616,0.07204761491967904,0.7715043183934406,0.734375
1.0,0.2,14,current_queue,0.5242681475805502,0.4757318524194498,0.12577581139883065,0.11137570284972347,0.5810142463409311,0.05674609876038095,0.8413143529064004,0.814453125
1.0,0.2,14,price_history_current_queue,0.39136744028720527,0.6086325597127947,0.08874082434239061,0.07800618117891905,0.43079784746989247,0.0394304071826872,0.9003355676170487,0.884765625
1.0,0.2,14,queue_price_history,0.31769893420271667,0.6823010657972833,0.06456292075776997,0.061645407049387264,0.32675166385087584,0.009052729648159175,0.9217700397244947,0.912109375
1.0,0.2,14,marked_history,0.2832477377218933,0.7167522622781066,0.059720840103726316,0.053765092467392375,0.3037266104337628,0.02047887271186949,0.9325481414502697,0.921875
1.0,0.2,14,price_only,0.6691672834323903,0.3308327165676097,0.14779191876697806,0.15196662792273094,0.6535093012276456,-0.01565798220474468,0.7685650911322743,0.765625
1.0,0.2,15,current_queue,0.516277274977861,0.483722725022139,0.09765809934812103,0.1090613394835978,0.47051204979238204,-0.045765225185478986,0.8476013360119388,0.86328125
1.0,0.2,15,price_history_current_queue,0.38376767106365595,0.616232328936344,0.062596052426103,0.07612846216359619,0.31539617740341885,-0.06837149366023709,0.902972247126186,0.919921875
1.0,0.2,15,queue_price_history,0.3034284945171544,0.6965715054828456,0.04160097524002901,0.05755429055579504,0.22308282470197616,-0.08034566981517827,0.9287504092924218,0.943359375
1.0,0.2,15,marked_history,0.27020282588847533,0.7297971741115247,0.03910417329428531,0.0498214905981759,0.2110045171163038,-0.059198308772171526,0.9401145772604264,0.953125
1.0,0.2,15,price_only,0.6701520657178635,0.32984793428213655,0.14301199980366713,0.15220364494041827,0.6325690044860146,-0.03758306123184885,0.7699227454735031,0.783203125
1.0,2.0,0,current_queue,0.9207606856535915,0.07923931434640852,0.2302777553540873,0.22372185195499766,0.9393703680444254,0.018609682390833937,0.6344820598329171,0.619140625
1.0,2.0,0,price_history_current_queue,0.9039567457037949,0.09604325429620508,0.22216404438328358,0.21877563099918626,0.9143905445418445,0.010433798838049624,0.639749522649748,0.630859375
1.0,2.0,0,queue_price_history,0.7618214530894387,0.23817854691056128,0.1756018927615459,0.1758880735626016,0.7598819961671507,-0.0019394569222880298,0.7406633537417766,0.7421875
1.0,2.0,0,marked_history,0.7237349264597047,0.2762650735402953,0.16740912965837493,0.16519708733171995,0.7304280336316161,0.0066931071719114055,0.7611276894514283,0.763671875
1.0,2.0,0,price_only,0.9810886601398324,0.018911339860167575,0.24404483227977378,0.24399718377922744,0.981855185400101,0.0007665252602685468,0.5249523206918287,0.513671875
1.0,2.0,1,current_queue,0.9171157565141427,0.08288424348585732,0.22995079287131037,0.22255371313121403,0.9412084601585601,0.0240927036444174,0.6379133365009937,0.638671875
1.0,2.0,1,price_history_current_queue,0.8878408215965902,0.11215917840340983,0.221036289741885,0.21366767342105783,0.9118897140298378,0.024048892433247593,0.6548371797500577,0.640625
1.0,2.0,1,queue_price_history,0.7589069416657854,0.24109305833421457,0.17069238540487708,0.1750259990408386,0.7413048495570362,-0.01760209210874919,0.7427871457137657,0.755859375
1.0,2.0,1,marked_history,0.7339490069135133,0.2660509930864867,0.16519356062578894,0.16793852850074137,0.7196443404014734,-0.014304666512039876,0.7581643471280181,0.76953125
1.0,2.0,1,price_only,0.9766616988209363,0.02333830117906366,0.2428866924361913,0.242593961942835,0.9778708695232907,0.0012091707023543785,0.532806499482857,0.513671875
1.0,2.0,2,current_queue,0.9118324459065626,0.08816755409343735,0.21085679106837008,0.22074777667120205,0.8805599097244694,-0.03127253618209325,0.6449900973441841,0.669921875
1.0,2.0,2,price_history_current_queue,0.8873005205927652,0.11269947940723479,0.19783335494964438,0.21340333244943593,0.8356286704651936,-0.051671850127571584,0.6569611796423989,0.697265625
1.0,2.0,2,queue_price_history,0.7434234313873519,0.2565765686126481,0.17073548505121255,0.17026290485959417,0.7446868973867622,0.001263465999410296,0.7545006423017971,0.7578125
1.0,2.0,2,marked_history,0.7116043932367999,0.2883956067632001,0.1608555188764969,0.16134759269314436,0.7116413022507172,3.690901391728563e-05,0.7729402710523641,0.779296875
1.0,2.0,2,price_only,0.9782694832301739,0.02173051676982607,0.23998603875882174,0.24304462556106748,0.9681557538089223,-0.01011372942125166,0.5304708528073956,0.541015625
1.0,2.0,3,current_queue,0.9105832608781077,0.0894167391218923,0.22487602513141258,0.2204306215768554,0.9223402818367271,0.011757020958619413,0.6441307075577236,0.615234375
1.0,2.0,3,price_history_current_queue,0.887612121225791,0.11238787877420897,0.22187719687238255,0.2135432555205093,0.9153119858081246,0.027699864582333533,0.6544043422503835,0.626953125
1.0,2.0,3,queue_price_history,0.7392024609884014,0.26079753901159863,0.17716155791907529,0.169462027940852,0.7629341603725042,0.0237316993841028,0.754000756215154,0.73046875
1.0,2.0,3,marked_history,0.702961251318808,0.29703874868119196,0.1813802540481295,0.15911447482557334,0.7746496656105389,0.0716884142917309,0.7749331258121358,0.720703125
1.0,2.0,3,price_only,0.9777849175959854,0.022215082404014597,0.2475361796093877,0.24290668335151167,0.9945710837594045,0.016786166163419103,0.5293608655479513,0.5390625
1.0,2.0,4,current_queue,0.9180142147256429,0.08198578527435707,0.236353444525506,0.22274081688221448,0.9614418268656562,0.04342761214001323,0.6391664371541201,0.591796875
1.0,2.0,4,price_history_current_queue,0.8976105692836412,0.10238943071635875,0.23098234688080266,0.2166437312336547,0.9462247394497532,0.048614170166111914,0.648027864622446,0.619140625
1.0,2.0,4,queue_price_history,0.7640407776268134,0.23595922237318656,0.18172643973469532,0.17708762362085198,0.7810484828691299,0.01700770524231643,0.7371490361131776,0.73046875
1.0,2.0,4,marked_history,0.7295335335489938,0.27046646645100625,0.16930579191259476,0.16709225135390793,0.7396822350318002,0.010148701482806444,0.7586482763548176,0.76171875
1.0,2.0,4,price_only,0.9833134485939503,0.016686551406049688,0.2454853508328858,0.24463055375609732,0.9880679199792486,0.004754471385298276,0.5252805058258667,0.525390625
1.0,2.0,5,current_queue,0.9187088678795634,0.0812911321204366,0.2346315563233063,0.2229848112330078,0.9571819086750113,0.03847304079544789,0.6378028798399025,0.6171875
1.0,2.0,5,price_history_current_queue,0.8941321194067653,0.10586788059323471,0.2277313590769163,0.21554671336073972,0.9325999222038156,0.03846780279705031,0.6505495429349981,0.625
1.0,2.0,5,queue_price_history,0.7461210641077314,0.2538789358922686,0.1715615173279629,0.17162719278859118,0.7433046307914464,-0.0028164333162850053,0.7496731963526957,0.75
1.0,2.0,5,marked_history,0.7107465562116088,0.28925344378839124,0.15273962132237257,0.16175621740000495,0.676027249831235,-0.03471930638037379,0.7692544029744561,0.791015625
1.0,2.0,5,price_only,0.9808254273029413,0.01917457269705869,0.24352523335717094,0.243825086200939,0.9798705349538364,-0.0009548923491049521,0.5283146725871348,0.50390625
1.0,2.0,6,current_queue,0.916439925814049,0.08356007418595102,0.23511804032221162,0.222273647493744,0.9569138907401376,0.04047396492608857,0.6392489537340718,0.599609375
1.0,2.0,6,price_history_current_queue,0.9000850150242174,0.09991498497578255,0.22805451934959942,0.21749134257551855,0.9353188799219188,0.035233864897701306,0.6441127090954775,0.623046875
1.0,2.0,6,queue_price_history,0.7560510907391887,0.24394890926081125,0.1728405738650276,0.17451300651850254,0.7551923093939201,-0.0008587813452686222,0.7437747450402982,0.7578125
1.0,2.0,6,marked_history,0.7236827960603841,0.2763172039396159,0.15936306915666676,0.16517252714907696,0.7090802294107388,-0.014602566649645321,0.7649393603591831,0.779296875
1.0,2.0,6,price_only,0.9840585295944572,0.015941470405542835,0.2446704960392651,0.24488923231125537,0.9847246765973361,0.0006661470028789251,0.523703922638239,0.53515625
1.0,2.0,7,current_queue,0.9162214663025656,0.08377853369743438,0.21182097580501588,0.22222839670863026,0.883887917524369,-0.03233354877819661,0.6393130110956566,0.677734375
1.0,2.0,7,price_history_current_queue,0.8846340921058488,0.11536590789415124,0.20116002383609305,0.21274658555199819,0.8475534566137539,-0.03708063549209484,0.6557079207403007,0.669921875
1.0,2.0,7,queue_price_history,0.7210000947687145,0.2789999052312855,0.16179339268082787,0.16429315131788524,0.7163814587740779,-0.004618635994636633,0.7637284437744307,0.783203125
1.0,2.0,7,marked_history,0.6941748193846236,0.30582518061537645,0.14993532001967408,0.15641117168767404,0.6760374773052125,-0.01813734207941109,0.780879090443112,0.79296875
1.0,2.0,7,price_only,0.9765622936064033,0.023437706393596658,0.24250324667686696,0.24252096635556794,0.9764569804126848,-0.00010531319371853698,0.5324585379204436,0.533203125
1.0,2.0,8,current_queue,0.9129302632297083,0.08706973677029173,0.2198889335121193,0.22117182663359947,0.9095915188510135,-0.003338744378694747,0.6416758297569158,0.64453125
1.0,2.0,8,price_history_current_queue,0.8723873410003637,0.12761265899963625,0.21015616158698325,0.208949783614001,0.8745354136752508,0.002148072674887036,0.6654735896144757,0.640625
1.0,2.0,8,queue_price_history,0.7516551138738967,0.24834488612610328,0.1735865622754006,0.17298052069565362,0.7494774848542354,-0.0021776290196613424,0.7473928137399053,0.744140625
1.0,2.0,8,marked_history,0.7278623282621433,0.27213767173785675,0.16618883218201952,0.16641338540260103,0.7257491993068963,-0.0021131289552469568,0.7602870090442493,0.76953125
1.0,2.0,8,price_only,0.9718096564610713,0.028190343538928686,0.2431050054223053,0.241036165850789,0.9760554225953098,0.004245766134238438,0.537195489048303,0.5078125
1.0,2.0,9,current_queue,0.915583569178968,0.084416430821032,0.22557500203924163,0.22196274628509122,0.9276348692978005,0.012051300118832486,0.6416307609060707,0.630859375
1.0,2.0,9,price_history_current_queue,0.8894632869869812,0.11053671301301882,0.21833014509992088,0.21414845154485185,0.9017090954382707,0.01224580845128953,0.6547090964673459,0.640625
1.0,2.0,9,queue_price_history,0.7514542534230391,0.24854574657696094,0.17428660942642332,0.17293890620483676,0.7590355361810595,0.007581282758020391,0.7478601555152186,0.748046875
1.0,2.0,9,marked_history,0.7140299031973486,0.2859700968026514,0.16388306264175703,0.16224550495535495,0.7213595622886876,0.00732965909133898,0.7692847891262586,0.75390625
1.0,2.0,9,price_only,0.9778453652663551,0.022154634733644873,0.24496647775692465,0.24298254308464087,0.9827156246226366,0.004870259356281492,0.529462785260841,0.537109375
1.0,2.0,10,current_queue,0.910161147054633,0.08983885294536698,0.21823861685337506,0.22032556531530792,0.9031247437671646,-0.007036403287468462,0.641779031610648,0.64453125
1.0,2.0,10,price_history_current_queue,0.8894260378935218,0.11057396210647819,0.21489064032771332,0.21400039535138063,0.8910412011589567,0.0016151632654348713,0.6529340320245451,0.6484375
1.0,2.0,10,queue_price_history,0.740682585508555,0.25931741449144496,0.17662922048948104,0.1700069459527784,0.7650330876919639,0.02435050218340884,0.7529977189721471,0.744140625
1.0,2.0,10,marked_history,0.7070177133404617,0.2929822866595383,0.16716034432220223,0.16038450334341184,0.730380276854774,0.023362563514312318,0.7731049936979153,0.76171875
1.0,2.0,10,price_only,0.9816505676136236,0.01834943238637643,0.24404558091991702,0.24413957049364637,0.9815094702634525,-0.00014109735017109326,0.5263115856891487,0.48046875
1.0,2.0,11,current_queue,0.9154205674841109,0.08457943251588906,0.23043569033015282,0.22194645629670823,0.9416729739535887,0.026252406469477796,0.6398517220489937,0.62890625
1.0,2.0,11,price_history_current_queue,0.8942381857674842,0.10576181423251585,0.22190066262393332,0.21567737710813611,0.9140034392730172,0.019765253505533042,0.6488045134474499,0.666015625
1.0,2.0,11,queue_price_history,0.7547504233564792,0.24524957664352076,0.17407532047721724,0.1739965661892467,0.7558197098066167,0.0010692864501374855,0.7447786581809648,0.748046875
1.0,2.0,11,marked_history,0.7227523120958272,0.27724768790417276,0.16593548776411723,0.1649834251060443,0.7256358049045039,0.002883492808676613,0.7625057678626463,0.759765625
1.0,2.0,11,price_only,0.981065123752086,0.018934876247914012,0.242009877123037,0.2439456022870337,0.9737254763985166,-0.007339647353569401,0.5270554219507999,0.56640625
1.0,2.0,12,current_queue,0.9115803155250819,0.0884196844749181,0.22160430972599035,0.22071559410322894,0.9153382478899272,0.00375793236484534,0.6447098490907565,0.654296875
1.0,2.0,12,price_history_current_queue,0.8895639232914084,0.11043607670859157,0.2137323957808886,0.21418636389612847,0.8873767791637401,-0.0021871441276682946,0.6542718249621832,0.671875
1.0,2.0,12,queue_price_history,0.7571581455173264,0.2428418544826736,0.1825783055157648,0.17470177032566536,0.7850552271783003,0.027897081660973932,0.7438745006951387,0.728515625
1.0,2.0,12,marked_history,0.727758527761942,0.27224147223805795,0.17446227973442296,0.16631462375441672,0.7587897169434031,0.031031189181461083,0.761382830091347,0.74609375
1.0,2.0,12,price_only,0.98005355031794,0.019946449682060052,0.243326763977169,0.2436685168593944,0.9781045170946986,-0.0019490332232413587,0.5275605788778925,0.521484375
1.0,2.0,13,current_queue,0.9235960278906059,0.07640397210939409,0.21256139280220568,0.22458297400054394,0.8858646632566419,-0.03773136463396398,0.6352426514961367,0.662109375
1.0,2.0,13,price_history_current_queue,0.9025648075139199,0.09743519248608012,0.20284959572146402,0.2184403600037518,0.8519244695906268,-0.05064033792329303,0.6424706152891106,0.66796875
1.0,2.0,13,queue_price_history,0.7523772181772117,0.2476227818227883,0.15969223703570673,0.1732217389604221,0.707524764570685,-0.04485245360652668,0.746814719445883,0.779296875
1.0,2.0,13,marked_history,0.7087709670797278,0.29122903292027225,0.14988209810892933,0.16081709995310034,0.6668524610190024,-0.041918506060725336,0.7719765804847172,0.7890625
1.0,2.0,13,price_only,0.9820052058300586,0.01799479416994143,0.24197951058103528,0.2442073482129739,0.9747001164583541,-0.007305089371704487,0.527020555918212,0.533203125
1.0,2.0,14,current_queue,0.9164883327594016,0.08351166724059844,0.23179011114006337,0.22231426296335052,0.9446876923783947,0.028199359618993114,0.6396625475320739,0.609375
1.0,2.0,14,price_history_current_queue,0.8951311175061849,0.1048688824938151,0.22500991135136011,0.21598392700074476,0.924744884078043,0.029613766571858102,0.6492175018385885,0.630859375
1.0,2.0,14,queue_price_history,0.7378885375863763,0.2621114624136237,0.18253669902487624,0.16928462588833304,0.7821739592817178,0.044285421695341554,0.754000331002527,0.7265625
1.0,2.0,14,marked_history,0.7069066585328213,0.2930933414671787,0.17125391750629332,0.1604989564349031,0.7464279277840116,0.03952126925119026,0.771080329231314,0.75
1.0,2.0,14,price_only,0.980928313116586,0.019071686883413985,0.2435924323800813,0.24388772196303377,0.980180875225177,-0.0007474378914089641,0.5274378610012439,0.56640625
1.0,2.0,15,current_queue,0.9203980842481579,0.07960191575184206,0.2165362215554711,0.22354763090556615,0.8983291181749178,-0.02206896607324016,0.6373212892130015,0.650390625
1.0,2.0,15,price_history_current_queue,0.9058904102625305,0.09410958973746952,0.20839322989432504,0.2192591550751963,0.8698261839149888,-0.036064226347541695,0.6409244185450802,0.65625
1.0,2.0,15,queue_price_history,0.7456745196667911,0.2543254803332089,0.15549145214080248,0.17150562936333785,0.6884579493493977,-0.057216570317393356,0.7485232391204908,0.76953125
1.0,2.0,15,marked_history,0.7097067090594311,0.2902932909405689,0.14463670910345242,0.16119286575356306,0.6510420234089613,-0.05866468565046978,0.7712207716183264,0.798828125
1.0,2.0,15,price_only,0.986785299859029,0.013214700140971036,0.24372516158842555,0.24570441260879694,0.9811568123721206,-0.005628487486908362,0.5228251107147297,0.533203125
