beta,kappa,horizon,replica,comparison,r2_gain
0.0,0.02,1.0,0,price_history_current_queue - current_queue,-3.7926809816889215e-34
0.0,0.02,1.0,0,queue_price_history - price_history_current_queue,-5.64624566606876e-35
0.0,0.02,1.0,0,marked_history - queue_price_history,-7.742549782618448e-34
0.0,0.02,4.0,0,price_history_current_queue - current_queue,-1.385226107524695e-34
0.0,0.02,4.0,0,queue_price_history - price_history_current_queue,9.186507091603928e-35
0.0,0.02,4.0,0,marked_history - queue_price_history,-2.795710432103699e-34
0.0,0.02,16.0,0,price_history_current_queue - current_queue,-8.542188684338913e-35
0.0,0.02,16.0,0,queue_price_history - price_history_current_queue,-1.3693227856756833e-35
0.0,0.02,16.0,0,marked_history - queue_price_history,-7.610207249510972e-35
0.0,0.02,1.0,1,price_history_current_queue - current_queue,-2.525971529924333e-34
0.0,0.02,1.0,1,queue_price_history - price_history_current_queue,-4.410858669090195e-34
0.0,0.02,1.0,1,marked_history - queue_price_history,-5.362459804057694e-34
0.0,0.02,4.0,1,price_history_current_queue - current_queue,-2.5217289387784962e-34
0.0,0.02,4.0,1,queue_price_history - price_history_current_queue,1.6255299781108226e-34
0.0,0.02,4.0,1,marked_history - queue_price_history,-3.547376261849499e-34
0.0,0.02,16.0,1,price_history_current_queue - current_queue,-7.763393658497752e-35
0.0,0.02,16.0,1,queue_price_history - price_history_current_queue,2.25803783017912e-35
0.0,0.02,16.0,1,marked_history - queue_price_history,-9.298765834067493e-35
0.0,0.02,1.0,2,price_history_current_queue - current_queue,-3.0080099122969248e-34
0.0,0.02,1.0,2,queue_price_history - price_history_current_queue,-3.7347646793026795e-34
0.0,0.02,1.0,2,marked_history - queue_price_history,-2.785712387853032e-34
0.0,0.02,4.0,2,price_history_current_queue - current_queue,5.671405218212705e-36
0.0,0.02,4.0,2,queue_price_history - price_history_current_queue,1.0571031581988218e-35
0.0,0.02,4.0,2,marked_history - queue_price_history,-2.589201120446716e-34
0.0,0.02,16.0,2,price_history_current_queue - current_queue,-9.729091013511256e-35
0.0,0.02,16.0,2,queue_price_history - price_history_current_queue,-1.3237176715498535e-35
0.0,0.02,16.0,2,marked_history - queue_price_history,-3.2274388458282545e-36
0.0,0.02,1.0,3,price_history_current_queue - current_queue,-4.989842634411617e-34
0.0,0.02,1.0,3,queue_price_history - price_history_current_queue,-2.1481178115168514e-35
0.0,0.02,1.0,3,marked_history - queue_price_history,-9.805391877529493e-34
0.0,0.02,4.0,3,price_history_current_queue - current_queue,3.466456418323658e-34
0.0,0.02,4.0,3,queue_price_history - price_history_current_queue,-2.443966372384359e-36
0.0,0.02,4.0,3,marked_history - queue_price_history,-1.991189444447958e-34
0.0,0.02,16.0,3,price_history_current_queue - current_queue,-4.7663191070999877e-35
0.0,0.02,16.0,3,queue_price_history - price_history_current_queue,6.225682759126676e-35
0.0,0.02,16.0,3,marked_history - queue_price_history,-1.1773135615869155e-34
0.0,0.02,1.0,4,price_history_current_queue - current_queue,-1.0027862979130517e-34
0.0,0.02,1.0,4,queue_price_history - price_history_current_queue,-2.70058284148481e-34
0.0,0.02,1.0,4,marked_history - queue_price_history,-8.905275554494602e-34
0.0,0.02,4.0,4,price_history_current_queue - current_queue,1.751119446241965e-34
0.0,0.02,4.0,4,queue_price_history - price_history_current_queue,-2.702746161001036e-34
0.0,0.02,4.0,4,marked_history - queue_price_history,-3.5053961696157185e-34
0.0,0.02,16.0,4,price_history_current_queue - current_queue,-5.711163522835216e-35
0.0,0.02,16.0,4,queue_price_history - price_history_current_queue,-1.2161363766889075e-36
0.0,0.02,16.0,4,marked_history - queue_price_history,-7.511980849855328e-35
0.0,0.02,1.0,5,price_history_current_queue - current_queue,-5.4795147574419695e-34
0.0,0.02,1.0,5,queue_price_history - price_history_current_queue,-3.515538556975992e-34
0.0,0.02,1.0,5,marked_history - queue_price_history,-6.708336883625095e-34
0.0,0.02,4.0,5,price_history_current_queue - current_queue,8.723439778941596e-35
0.0,0.02,4.0,5,queue_price_history - price_history_current_queue,7.998435400530993e-36
0.0,0.02,4.0,5,marked_history - queue_price_history,-1.8452530792452893e-34
0.0,0.02,16.0,5,price_history_current_queue - current_queue,-1.0618975419915352e-34
0.0,0.02,16.0,5,queue_price_history - price_history_current_queue,9.553686728411856e-36
0.0,0.02,16.0,5,marked_history - queue_price_history,-7.310850602941389e-35
0.0,0.02,1.0,6,price_history_current_queue - current_queue,-1.490662354149108e-35
0.0,0.02,1.0,6,queue_price_history - price_history_current_queue,-2.9265602016598495e-34
0.0,0.02,1.0,6,marked_history - queue_price_history,-8.827893030718266e-34
0.0,0.02,4.0,6,price_history_current_queue - current_queue,-1.9271084122916572e-34
0.0,0.02,4.0,6,queue_price_history - price_history_current_queue,4.729250334848999e-34
0.0,0.02,4.0,6,marked_history - queue_price_history,-5.567916690004081e-34
0.0,0.02,16.0,6,price_history_current_queue - current_queue,-6.37068363480882e-35
0.0,0.02,16.0,6,queue_price_history - price_history_current_queue,3.180664369801758e-36
0.0,0.02,16.0,6,marked_history - queue_price_history,-6.885202871100276e-35
0.0,0.02,1.0,7,price_history_current_queue - current_queue,-2.788637619732658e-34
0.0,0.02,1.0,7,queue_price_history - price_history_current_queue,3.0376002497674245e-36
0.0,0.02,1.0,7,marked_history - queue_price_history,-8.572767498041247e-34
0.0,0.02,4.0,7,price_history_current_queue - current_queue,7.690893220656685e-35
0.0,0.02,4.0,7,queue_price_history - price_history_current_queue,-1.5748966078121374e-34
0.0,0.02,4.0,7,marked_history - queue_price_history,-2.2779169824903812e-34
0.0,0.02,16.0,7,price_history_current_queue - current_queue,-7.582142563895073e-35
0.0,0.02,16.0,7,queue_price_history - price_history_current_queue,-3.292923112265354e-35
0.0,0.02,16.0,7,marked_history - queue_price_history,-5.416484323868284e-35
0.0,0.02,1.0,8,price_history_current_queue - current_queue,-4.464303989334378e-34
0.0,0.02,1.0,8,queue_price_history - price_history_current_queue,-9.801573180072676e-35
0.0,0.02,1.0,8,marked_history - queue_price_history,-7.94932220070308e-34
0.0,0.02,4.0,8,price_history_current_queue - current_queue,3.858894272185964e-35
0.0,0.02,4.0,8,queue_price_history - price_history_current_queue,1.006820596470338e-34
0.0,0.02,4.0,8,marked_history - queue_price_history,-8.339889075524332e-35
0.0,0.02,16.0,8,price_history_current_queue - current_queue,-8.787754683478019e-35
0.0,0.02,16.0,8,queue_price_history - price_history_current_queue,7.838232820140142e-35
0.0,0.02,16.0,8,marked_history - queue_price_history,-7.605529801908322e-35
0.0,0.02,1.0,9,price_history_current_queue - current_queue,-2.839331285254343e-34
0.0,0.02,1.0,9,queue_price_history - price_history_current_queue,-3.3096120991413695e-34
0.0,0.02,1.0,9,marked_history - queue_price_history,-5.497170295014004e-34
0.0,0.02,4.0,9,price_history_current_queue - current_queue,-1.6709012198565225e-34
0.0,0.02,4.0,9,queue_price_history - price_history_current_queue,-1.68809083979626e-34
0.0,0.02,4.0,9,marked_history - queue_price_history,-2.1801583275950035e-34
0.0,0.02,16.0,9,price_history_current_queue - current_queue,-1.466964504380995e-34
0.0,0.02,16.0,9,queue_price_history - price_history_current_queue,1.5494045183776948e-35
0.0,0.02,16.0,9,marked_history - queue_price_history,-6.033907407418042e-36
0.0,0.02,1.0,10,price_history_current_queue - current_queue,-8.012323400229237e-34
0.0,0.02,1.0,10,queue_price_history - price_history_current_queue,-5.176746862952835e-35
0.0,0.02,1.0,10,marked_history - queue_price_history,-8.466940246031293e-34
0.0,0.02,4.0,10,price_history_current_queue - current_queue,-1.9058260256996015e-34
0.0,0.02,4.0,10,queue_price_history - price_history_current_queue,4.408494365497299e-36
0.0,0.02,4.0,10,marked_history - queue_price_history,-1.8865315543386717e-34
0.0,0.02,16.0,10,price_history_current_queue - current_queue,-8.442792922782608e-35
0.0,0.02,16.0,10,queue_price_history - price_history_current_queue,-3.2180839506229555e-35
0.0,0.02,16.0,10,marked_history - queue_price_history,-7.254721231709598e-35
0.0,0.02,1.0,11,price_history_current_queue - current_queue,-5.5603176647777386e-34
0.0,0.02,1.0,11,queue_price_history - price_history_current_queue,-2.3157147788013255e-34
0.0,0.02,1.0,11,marked_history - queue_price_history,-3.3506603561105564e-34
0.0,0.02,4.0,11,price_history_current_queue - current_queue,-1.3597340180902544e-34
0.0,0.02,4.0,11,queue_price_history - price_history_current_queue,3.939580243331671e-35
0.0,0.02,4.0,11,marked_history - queue_price_history,-7.113228441729461e-35
0.0,0.02,16.0,11,price_history_current_queue - current_queue,-6.791653919047284e-35
0.0,0.02,16.0,11,queue_price_history - price_history_current_queue,-2.3901757249539682e-35
0.0,0.02,16.0,11,marked_history - queue_price_history,-3.620344444450825e-35
0.0,0.02,1.0,12,price_history_current_queue - current_queue,-6.5467895370485835e-34
0.0,0.02,1.0,12,queue_price_history - price_history_current_queue,-4.602754611244838e-34
0.0,0.02,1.0,12,marked_history - queue_price_history,-6.551466984651232e-34
0.0,0.02,4.0,12,price_history_current_queue - current_queue,-1.9294471360929822e-34
0.0,0.02,4.0,12,queue_price_history - price_history_current_queue,1.9223140284989414e-34
0.0,0.02,4.0,12,marked_history - queue_price_history,-2.61925372129374e-34
0.0,0.02,16.0,12,price_history_current_queue - current_queue,-8.190210752239531e-35
0.0,0.02,16.0,12,queue_price_history - price_history_current_queue,3.7419580821197153e-37
0.0,0.02,16.0,12,marked_history - queue_price_history,-6.763589233431382e-35
0.0,0.02,1.0,13,price_history_current_queue - current_queue,-3.8828661911495405e-35
0.0,0.02,1.0,13,queue_price_history - price_history_current_queue,-6.575643541947424e-34
0.0,0.02,1.0,13,marked_history - queue_price_history,-5.674387091059389e-34
0.0,0.02,4.0,13,price_history_current_queue - current_queue,5.444549009484197e-35
0.0,0.02,4.0,13,queue_price_history - price_history_current_queue,-1.2938989430829622e-34
0.0,0.02,4.0,13,marked_history - queue_price_history,-1.3732986161379366e-34
0.0,0.02,16.0,13,price_history_current_queue - current_queue,-1.1588376435564493e-34
0.0,0.02,16.0,13,queue_price_history - price_history_current_queue,-1.0500869867948452e-35
0.0,0.02,16.0,13,marked_history - queue_price_history,-5.79535757968291e-35
0.0,0.02,1.0,14,price_history_current_queue - current_queue,-4.247824040346276e-34
0.0,0.02,1.0,14,queue_price_history - price_history_current_queue,-1.3841152137190679e-34
0.0,0.02,1.0,14,marked_history - queue_price_history,-8.349243970729624e-34
0.0,0.02,4.0,14,price_history_current_queue - current_queue,1.0373409420776252e-34
0.0,0.02,4.0,14,queue_price_history - price_history_current_queue,-5.224708972159663e-35
0.0,0.02,4.0,14,marked_history - queue_price_history,-1.8723822753406563e-34
0.0,0.02,16.0,14,price_history_current_queue - current_queue,-9.032151320716463e-35
0.0,0.02,16.0,14,queue_price_history - price_history_current_queue,3.15727713178851e-35
0.0,0.02,16.0,14,marked_history - queue_price_history,-4.190993051974077e-35
0.0,0.02,1.0,15,price_history_current_queue - current_queue,-6.883777711283852e-35
0.0,0.02,1.0,15,queue_price_history - price_history_current_queue,-7.901341820216525e-35
0.0,0.02,1.0,15,marked_history - queue_price_history,-7.22706582275894e-34
0.0,0.02,4.0,15,price_history_current_queue - current_queue,5.02942553474904e-35
0.0,0.02,4.0,15,queue_price_history - price_history_current_queue,1.1894749253538077e-34
0.0,0.02,4.0,15,marked_history - queue_price_history,-1.8784629572241018e-34
0.0,0.02,16.0,15,price_history_current_queue - current_queue,-9.499896080981428e-35
0.0,0.02,16.0,15,queue_price_history - price_history_current_queue,2.212432716053282e-35
0.0,0.02,16.0,15,marked_history - queue_price_history,-9.2052168820145e-35
0.0,0.2,1.0,0,price_history_current_queue - current_queue,5.926766450397824e-34
0.0,0.2,1.0,0,queue_price_history - price_history_current_queue,-2.7327128868334795e-34
0.0,0.2,1.0,0,marked_history - queue_price_history,-7.5724368601195885e-34
0.0,0.2,4.0,0,price_history_current_queue - current_queue,2.385615213541394e-34
0.0,0.2,4.0,0,queue_price_history - price_history_current_queue,-2.0058064682062414e-34
0.0,0.2,4.0,0,marked_history - queue_price_history,-4.602608441007267e-35
0.0,0.2,16.0,0,price_history_current_queue - current_queue,-2.269731449185746e-35
0.0,0.2,16.0,0,queue_price_history - price_history_current_queue,2.0615850308678362e-35
0.0,0.2,16.0,0,marked_history - queue_price_history,-8.64626189349789e-35
0.0,0.2,1.0,1,price_history_current_queue - current_queue,-2.366673377878626e-34
0.0,0.2,1.0,1,queue_price_history - price_history_current_queue,1.1486093811815916e-34
0.0,0.2,1.0,1,marked_history - queue_price_history,-6.419334571260293e-34
0.0,0.2,4.0,1,price_history_current_queue - current_queue,-1.5923201001320077e-34
0.0,0.2,4.0,1,queue_price_history - price_history_current_queue,-4.1617590044575706e-35
0.0,0.2,4.0,1,marked_history - queue_price_history,-2.8462268662123193e-34
0.0,0.2,16.0,1,price_history_current_queue - current_queue,-1.0324296220948454e-34
0.0,0.2,16.0,1,queue_price_history - price_history_current_queue,7.378673593179834e-35
0.0,0.2,16.0,1,marked_history - queue_price_history,-1.682127094102883e-34
0.0,0.2,1.0,2,price_history_current_queue - current_queue,2.1629431278636888e-34
0.0,0.2,1.0,2,queue_price_history - price_history_current_queue,-1.705549047547559e-34
0.0,0.2,1.0,2,marked_history - queue_price_history,-7.229992881766541e-34
0.0,0.2,4.0,2,price_history_current_queue - current_queue,1.9037211742784125e-34
0.0,0.2,4.0,2,queue_price_history - price_history_current_queue,-2.474369781801671e-34
0.0,0.2,4.0,2,marked_history - queue_price_history,-9.747800803921895e-35
0.0,0.2,16.0,2,price_history_current_queue - current_queue,-4.168775175861511e-35
0.0,0.2,16.0,2,queue_price_history - price_history_current_queue,-2.3901757249539746e-35
0.0,0.2,16.0,2,marked_history - queue_price_history,-9.598122480637095e-35
0.0,0.2,1.0,3,price_history_current_queue - current_queue,2.031059203876636e-34
0.0,0.2,1.0,3,queue_price_history - price_history_current_queue,-5.888285308226185e-35
0.0,0.2,1.0,3,marked_history - queue_price_history,-6.171340319049342e-34
0.0,0.2,4.0,3,price_history_current_queue - current_queue,2.3956717258870907e-34
0.0,0.2,4.0,3,queue_price_history - price_history_current_queue,6.095883588153172e-35
0.0,0.2,4.0,3,marked_history - queue_price_history,-2.6362094688533494e-34
0.0,0.2,16.0,3,price_history_current_queue - current_queue,-3.6215138063514966e-35
0.0,0.2,16.0,3,queue_price_history - price_history_current_queue,7.441819135815604e-35
0.0,0.2,16.0,3,marked_history - queue_price_history,-1.4102504521988715e-34
0.0,0.2,1.0,4,price_history_current_queue - current_queue,2.9813466338338554e-34
0.0,0.2,1.0,4,queue_price_history - price_history_current_queue,-3.1792209387056335e-35
0.0,0.2,1.0,4,marked_history - queue_price_history,-6.209079647265248e-34
0.0,0.2,4.0,4,price_history_current_queue - current_queue,3.7717768105866193e-34
0.0,0.2,4.0,4,queue_price_history - price_history_current_queue,-5.115958315398067e-35
0.0,0.2,4.0,4,marked_history - queue_price_history,-3.364020315825635e-34
0.0,0.2,16.0,4,price_history_current_queue - current_queue,-3.8916364054045147e-35
0.0,0.2,16.0,4,queue_price_history - price_history_current_queue,6.771774766736041e-35
0.0,0.2,16.0,4,marked_history - queue_price_history,-1.5004082547399444e-34
0.0,0.2,1.0,5,price_history_current_queue - current_queue,3.1696138998405073e-34
0.0,0.2,1.0,5,queue_price_history - price_history_current_queue,-2.129919616937828e-35
0.0,0.2,1.0,5,marked_history - queue_price_history,-8.925894693633631e-34
0.0,0.2,4.0,5,price_history_current_queue - current_queue,1.3441815048114432e-34
0.0,0.2,4.0,5,queue_price_history - price_history_current_queue,2.413679899157292e-34
0.0,0.2,4.0,5,marked_history - queue_price_history,-4.063766477182026e-34
0.0,0.2,16.0,5,price_history_current_queue - current_queue,-1.7014215654638127e-35
0.0,0.2,16.0,5,queue_price_history - price_history_current_queue,5.092571077384814e-35
0.0,0.2,16.0,5,marked_history - queue_price_history,-1.2534390213200422e-34
0.0,0.2,1.0,6,price_history_current_queue - current_queue,6.124207725940767e-34
0.0,0.2,1.0,6,queue_price_history - price_history_current_queue,-5.696745656025653e-34
0.0,0.2,1.0,6,marked_history - queue_price_history,-3.583781786647463e-34
0.0,0.2,4.0,6,price_history_current_queue - current_queue,1.3026691573379308e-34
0.0,0.2,4.0,6,queue_price_history - price_history_current_queue,1.7727526414042218e-35
0.0,0.2,4.0,6,marked_history - queue_price_history,-3.690506158490566e-35
0.0,0.2,16.0,6,price_history_current_queue - current_queue,-2.579612352861286e-35
0.0,0.2,16.0,6,queue_price_history - price_history_current_queue,2.1095288687949952e-35
0.0,0.2,16.0,6,marked_history - queue_price_history,-4.999022125331816e-35
0.0,0.2,1.0,7,price_history_current_queue - current_queue,1.955154826627874e-35
0.0,0.2,1.0,7,queue_price_history - price_history_current_queue,8.050490276390081e-35
0.0,0.2,1.0,7,marked_history - queue_price_history,-6.277578674852495e-34
0.0,0.2,4.0,7,price_history_current_queue - current_queue,1.1524061531028105e-34
0.0,0.2,4.0,7,queue_price_history - price_history_current_queue,2.1377104906009616e-34
0.0,0.2,4.0,7,marked_history - queue_price_history,-1.2647818317564686e-34
0.0,0.2,16.0,7,price_history_current_queue - current_queue,1.0021431488676932e-35
0.0,0.2,16.0,7,queue_price_history - price_history_current_queue,-9.039167492120504e-36
0.0,0.2,16.0,7,marked_history - queue_price_history,-5.179103858033832e-35
0.0,0.2,1.0,8,price_history_current_queue - current_queue,-2.0965526059535836e-34
0.0,0.2,1.0,8,queue_price_history - price_history_current_queue,-2.9976409610683645e-35
0.0,0.2,1.0,8,marked_history - queue_price_history,-5.095085205471233e-34
0.0,0.2,4.0,8,price_history_current_queue - current_queue,-6.417458110835319e-35
0.0,0.2,4.0,8,queue_price_history - price_history_current_queue,2.1563033448214943e-35
0.0,0.2,4.0,8,marked_history - queue_price_history,-1.994463657769816e-34
0.0,0.2,16.0,8,price_history_current_queue - current_queue,-5.596566056570318e-35
0.0,0.2,16.0,8,queue_price_history - price_history_current_queue,1.754042850993664e-36
0.0,0.2,16.0,8,marked_history - queue_price_history,-9.93957615563052e-35
0.0,0.2,1.0,9,price_history_current_queue - current_queue,-1.9638884983234292e-34
0.0,0.2,1.0,9,queue_price_history - price_history_current_queue,-2.1905071804158653e-35
0.0,0.2,1.0,9,marked_history - queue_price_history,-8.114266178175427e-34
0.0,0.2,4.0,9,price_history_current_queue - current_queue,-9.114006653762883e-35
0.0,0.2,4.0,9,queue_price_history - price_history_current_queue,2.9886551457130015e-34
0.0,0.2,4.0,9,marked_history - queue_price_history,-2.9771953990865098e-34
0.0,0.2,16.0,9,price_history_current_queue - current_queue,-1.1472609607398946e-34
0.0,0.2,16.0,9,queue_price_history - price_history_current_queue,9.380621167113882e-35
0.0,0.2,16.0,9,marked_history - queue_price_history,-1.663651176072416e-34
0.0,0.2,1.0,10,price_history_current_queue - current_queue,1.779821799519315e-34
0.0,0.2,1.0,10,queue_price_history - price_history_current_queue,-5.318051458752071e-34
0.0,0.2,1.0,10,marked_history - queue_price_history,-6.202708452034611e-34
0.0,0.2,4.0,10,price_history_current_queue - current_queue,1.28688277167899e-34
0.0,0.2,4.0,10,queue_price_history - price_history_current_queue,5.359185590735833e-35
0.0,0.2,4.0,10,marked_history - queue_price_history,-3.446343393632271e-34
0.0,0.2,16.0,10,price_history_current_queue - current_queue,-2.515297448324853e-35
0.0,0.2,16.0,10,queue_price_history - price_history_current_queue,-3.4379239879474936e-35
0.0,0.2,16.0,10,marked_history - queue_price_history,-1.2271283785551374e-34
0.0,0.2,1.0,11,price_history_current_queue - current_queue,2.882504492052397e-34
0.0,0.2,1.0,11,queue_price_history - price_history_current_queue,-1.477866976976703e-34
0.0,0.2,1.0,11,marked_history - queue_price_history,-6.070451793941722e-34
0.0,0.2,4.0,11,price_history_current_queue - current_queue,-7.053590984795673e-35
0.0,0.2,4.0,11,queue_price_history - price_history_current_queue,2.9561468848745864e-35
0.0,0.2,4.0,11,marked_history - queue_price_history,-2.7152583333381288e-34
0.0,0.2,16.0,11,price_history_current_queue - current_queue,-4.862206782954322e-35
0.0,0.2,16.0,11,queue_price_history - price_history_current_queue,7.306173155338764e-35
0.0,0.2,16.0,11,marked_history - queue_price_history,-1.510230894705508e-34
0.0,0.2,1.0,12,price_history_current_queue - current_queue,2.794424134012969e-34
0.0,0.2,1.0,12,queue_price_history - price_history_current_queue,-3.7196525038645868e-34
0.0,0.2,1.0,12,marked_history - queue_price_history,-5.659159806559205e-34
0.0,0.2,4.0,12,price_history_current_queue - current_queue,2.7266011437745543e-34
0.0,0.2,4.0,12,queue_price_history - price_history_current_queue,-2.036209877623464e-34
0.0,0.2,4.0,12,marked_history - queue_price_history,-1.0683290324451829e-34
0.0,0.2,16.0,12,price_history_current_queue - current_queue,2.783081323576546e-35
0.0,0.2,16.0,12,queue_price_history - price_history_current_queue,-4.3324858419542486e-35
0.0,0.2,16.0,12,marked_history - queue_price_history,-5.500678380715996e-35
0.0,0.2,1.0,13,price_history_current_queue - current_queue,1.4482784666340059e-34
0.0,0.2,1.0,13,queue_price_history - price_history_current_queue,-2.8027192949957927e-34
0.0,0.2,1.0,13,marked_history - queue_price_history,-4.651056566254077e-34
0.0,0.2,4.0,13,price_history_current_queue - current_queue,5.984794207590243e-35
0.0,0.2,4.0,13,queue_price_history - price_history_current_queue,6.924961175722824e-35
0.0,0.2,4.0,13,marked_history - queue_price_history,-4.901965087576846e-35
0.0,0.2,16.0,13,price_history_current_queue - current_queue,-1.3821857665829736e-35
0.0,0.2,16.0,13,queue_price_history - price_history_current_queue,2.522313619728832e-35
0.0,0.2,16.0,13,marked_history - queue_price_history,-6.370683634808837e-35
0.0,0.2,1.0,14,price_history_current_queue - current_queue,4.737260463868531e-34
0.0,0.2,1.0,14,queue_price_history - price_history_current_queue,-2.972697010024893e-34
0.0,0.2,1.0,14,marked_history - queue_price_history,-7.6671551740732405e-34
0.0,0.2,4.0,14,price_history_current_queue - current_queue,3.531005195240229e-34
0.0,0.2,4.0,14,queue_price_history - price_history_current_queue,-1.066458053404122e-34
0.0,0.2,4.0,14,marked_history - queue_price_history,-4.3051227734787485e-34
0.0,0.2,16.0,14,price_history_current_queue - current_queue,2.3410625251261532e-35
0.0,0.2,16.0,14,queue_price_history - price_history_current_queue,3.992201528861482e-35
0.0,0.2,16.0,14,marked_history - queue_price_history,-1.335879035316742e-34
0.0,0.2,1.0,15,price_history_current_queue - current_queue,1.6424016777838153e-34
0.0,0.2,1.0,15,queue_price_history - price_history_current_queue,-5.916329895434416e-34
0.0,0.2,1.0,15,marked_history - queue_price_history,-5.039807275873358e-34
0.0,0.2,4.0,15,price_history_current_queue - current_queue,2.1871744989989836e-34
0.0,0.2,4.0,15,queue_price_history - price_history_current_queue,1.1263293827180385e-34
0.0,0.2,4.0,15,marked_history - queue_price_history,-4.619914997137072e-34
0.0,0.2,16.0,15,price_history_current_queue - current_queue,-5.528743066331895e-35
0.0,0.2,16.0,15,queue_price_history - price_history_current_queue,2.1282386592055938e-35
0.0,0.2,16.0,15,marked_history - queue_price_history,-2.0477865604400198e-34
0.0,2.0,1.0,0,price_history_current_queue - current_queue,1.0707152615737247e-34
0.0,2.0,1.0,0,queue_price_history - price_history_current_queue,1.1816500671104088e-33
0.0,2.0,1.0,0,marked_history - queue_price_history,0.0
0.0,2.0,4.0,0,price_history_current_queue - current_queue,-2.330304395640069e-34
0.0,2.0,4.0,0,queue_price_history - price_history_current_queue,7.643884872250103e-34
0.0,2.0,4.0,0,marked_history - queue_price_history,0.0
0.0,2.0,16.0,0,price_history_current_queue - current_queue,-5.814067370093532e-35
0.0,2.0,16.0,0,queue_price_history - price_history_current_queue,2.325159203277148e-34
0.0,2.0,16.0,0,marked_history - queue_price_history,0.0
0.0,2.0,1.0,1,price_history_current_queue - current_queue,-3.8499230738543268e-34
0.0,2.0,1.0,1,queue_price_history - price_history_current_queue,2.389988992475467e-33
0.0,2.0,1.0,1,marked_history - queue_price_history,0.0
0.0,2.0,4.0,1,price_history_current_queue - current_queue,-2.4782286760738653e-34
0.0,2.0,4.0,1,queue_price_history - price_history_current_queue,1.114460359426319e-33
0.0,2.0,4.0,1,marked_history - queue_price_history,0.0
0.0,2.0,16.0,1,price_history_current_queue - current_queue,-1.0231916630796143e-34
0.0,2.0,16.0,1,queue_price_history - price_history_current_queue,3.1968015640309134e-34
0.0,2.0,16.0,1,marked_history - queue_price_history,0.0
0.0,2.0,1.0,2,price_history_current_queue - current_queue,-2.9928685028113283e-34
0.0,2.0,1.0,2,queue_price_history - price_history_current_queue,1.7372190220734383e-33
0.0,2.0,1.0,2,marked_history - queue_price_history,0.0
0.0,2.0,4.0,2,price_history_current_queue - current_queue,1.675695603649247e-35
0.0,2.0,4.0,2,queue_price_history - price_history_current_queue,1.0302429153406112e-33
0.0,2.0,4.0,2,marked_history - queue_price_history,0.0
0.0,2.0,16.0,2,price_history_current_queue - current_queue,-1.8907412571810596e-34
0.0,2.0,16.0,2,queue_price_history - price_history_current_queue,3.5297188971495017e-34
0.0,2.0,16.0,2,marked_history - queue_price_history,0.0
0.0,2.0,1.0,3,price_history_current_queue - current_queue,7.815008196516237e-34
0.0,2.0,1.0,3,queue_price_history - price_history_current_queue,9.119603146734328e-34
0.0,2.0,1.0,3,marked_history - queue_price_history,0.0
0.0,2.0,4.0,3,price_history_current_queue - current_queue,2.5038377016983725e-34
0.0,2.0,4.0,3,queue_price_history - price_history_current_queue,7.614416952353411e-34
0.0,2.0,4.0,3,marked_history - queue_price_history,0.0
0.0,2.0,16.0,3,price_history_current_queue - current_queue,-2.8859851708348384e-35
0.0,2.0,16.0,3,queue_price_history - price_history_current_queue,2.1174805297195026e-34
0.0,2.0,16.0,3,marked_history - queue_price_history,0.0
0.0,2.0,1.0,4,price_history_current_queue - current_queue,1.7436300486938198e-34
0.0,2.0,1.0,4,queue_price_history - price_history_current_queue,1.4174747334786073e-33
0.0,2.0,1.0,4,marked_history - queue_price_history,0.0
0.0,2.0,4.0,4,price_history_current_queue - current_queue,6.864154356888401e-36
0.0,2.0,4.0,4,queue_price_history - price_history_current_queue,9.43593198501526e-34
0.0,2.0,4.0,4,marked_history - queue_price_history,0.0
0.0,2.0,16.0,4,price_history_current_queue - current_queue,4.4786560795371384e-36
0.0,2.0,16.0,4,queue_price_history - price_history_current_queue,2.9085538555176263e-34
0.0,2.0,16.0,4,marked_history - queue_price_history,0.0
0.0,2.0,1.0,5,price_history_current_queue - current_queue,2.090495676733747e-34
0.0,2.0,1.0,5,queue_price_history - price_history_current_queue,8.633137633290942e-34
0.0,2.0,1.0,5,marked_history - queue_price_history,0.0
0.0,2.0,4.0,5,price_history_current_queue - current_queue,-5.015393191941116e-35
0.0,2.0,4.0,5,queue_price_history - price_history_current_queue,6.541059663735376e-34
0.0,2.0,4.0,5,marked_history - queue_price_history,0.0
0.0,2.0,16.0,5,price_history_current_queue - current_queue,-4.0810730333117895e-36
0.0,2.0,16.0,5,queue_price_history - price_history_current_queue,1.4707064624631204e-34
0.0,2.0,16.0,5,marked_history - queue_price_history,0.0
0.0,2.0,1.0,6,price_history_current_queue - current_queue,-6.115232873353234e-35
0.0,2.0,1.0,6,queue_price_history - price_history_current_queue,1.5391702264805454e-33
0.0,2.0,1.0,6,marked_history - queue_price_history,0.0
0.0,2.0,4.0,6,price_history_current_queue - current_queue,2.146480704855937e-34
0.0,2.0,4.0,6,queue_price_history - price_history_current_queue,9.491008930536461e-34
0.0,2.0,4.0,6,marked_history - queue_price_history,0.0
0.0,2.0,16.0,6,price_history_current_queue - current_queue,-9.06723217773637e-35
0.0,2.0,16.0,6,queue_price_history - price_history_current_queue,2.6953791810268688e-34
0.0,2.0,16.0,6,marked_history - queue_price_history,0.0
0.0,2.0,1.0,7,price_history_current_queue - current_queue,-4.552636491033685e-35
0.0,2.0,1.0,7,queue_price_history - price_history_current_queue,1.5695264959961476e-33
0.0,2.0,1.0,7,marked_history - queue_price_history,0.0
0.0,2.0,4.0,7,price_history_current_queue - current_queue,1.1101921884889027e-34
0.0,2.0,4.0,7,queue_price_history - price_history_current_queue,8.027669448047509e-34
0.0,2.0,4.0,7,marked_history - queue_price_history,0.0
0.0,2.0,16.0,7,price_history_current_queue - current_queue,-2.145779087715534e-34
0.0,2.0,16.0,7,queue_price_history - price_history_current_queue,3.66454632429588e-34
0.0,2.0,16.0,7,marked_history - queue_price_history,0.0
0.0,2.0,1.0,8,price_history_current_queue - current_queue,-8.566507757616825e-35
0.0,2.0,1.0,8,queue_price_history - price_history_current_queue,1.4965411383918968e-33
0.0,2.0,1.0,8,marked_history - queue_price_history,0.0
0.0,2.0,4.0,8,price_history_current_queue - current_queue,-8.634568274491305e-35
0.0,2.0,4.0,8,queue_price_history - price_history_current_queue,9.020925446470168e-34
0.0,2.0,4.0,8,marked_history - queue_price_history,0.0
0.0,2.0,16.0,8,price_history_current_queue - current_queue,-2.3621110393380802e-35
0.0,2.0,16.0,8,queue_price_history - price_history_current_queue,2.2592071920797876e-34
0.0,2.0,16.0,8,marked_history - queue_price_history,0.0
0.0,2.0,1.0,9,price_history_current_queue - current_queue,-1.0137472386037956e-34
0.0,2.0,1.0,9,queue_price_history - price_history_current_queue,1.5086462266173163e-33
0.0,2.0,1.0,9,marked_history - queue_price_history,0.0
0.0,2.0,4.0,9,price_history_current_queue - current_queue,-1.8536724849300688e-34
0.0,2.0,4.0,9,queue_price_history - price_history_current_queue,9.906366277651752e-34
0.0,2.0,4.0,9,marked_history - queue_price_history,0.0
0.0,2.0,16.0,9,price_history_current_queue - current_queue,-1.2209307604816295e-34
0.0,2.0,16.0,9,queue_price_history - price_history_current_queue,2.9239894326063717e-34
0.0,2.0,16.0,9,marked_history - queue_price_history,0.0
0.0,2.0,1.0,10,price_history_current_queue - current_queue,4.7913580687979436e-34
0.0,2.0,1.0,10,queue_price_history - price_history_current_queue,1.1436929452405009e-33
0.0,2.0,1.0,10,marked_history - queue_price_history,0.0
0.0,2.0,4.0,10,price_history_current_queue - current_queue,-1.698381224522098e-34
0.0,2.0,4.0,10,queue_price_history - price_history_current_queue,7.984870802483265e-34
0.0,2.0,4.0,10,marked_history - queue_price_history,0.0
0.0,2.0,16.0,10,price_history_current_queue - current_queue,-4.455268841523805e-35
0.0,2.0,16.0,10,queue_price_history - price_history_current_queue,2.1308112553870545e-34
0.0,2.0,16.0,10,marked_history - queue_price_history,0.0
0.0,2.0,1.0,11,price_history_current_queue - current_queue,-1.8144458745467479e-34
0.0,2.0,1.0,11,queue_price_history - price_history_current_queue,1.4065499699216688e-33
0.0,2.0,1.0,11,marked_history - queue_price_history,0.0
0.0,2.0,4.0,11,price_history_current_queue - current_queue,-1.8130956269770828e-34
0.0,2.0,4.0,11,queue_price_history - price_history_current_queue,7.49338799563485e-34
0.0,2.0,4.0,11,marked_history - queue_price_history,0.0
0.0,2.0,16.0,11,price_history_current_queue - current_queue,-9.219249224822492e-35
0.0,2.0,16.0,11,queue_price_history - price_history_current_queue,2.201674586567197e-34
0.0,2.0,16.0,11,marked_history - queue_price_history,0.0
0.0,2.0,1.0,12,price_history_current_queue - current_queue,-1.987332377303745e-34
0.0,2.0,1.0,12,queue_price_history - price_history_current_queue,9.691760961960627e-34
0.0,2.0,1.0,12,marked_history - queue_price_history,0.0
0.0,2.0,4.0,12,price_history_current_queue - current_queue,-9.682316537484832e-36
0.0,2.0,4.0,12,queue_price_history - price_history_current_queue,7.797772898377276e-34
0.0,2.0,4.0,12,marked_history - queue_price_history,0.0
0.0,2.0,16.0,12,price_history_current_queue - current_queue,-1.1811724558591063e-34
0.0,2.0,16.0,12,queue_price_history - price_history_current_queue,2.7018106714805123e-34
0.0,2.0,16.0,12,marked_history - queue_price_history,0.0
0.0,2.0,1.0,13,price_history_current_queue - current_queue,2.0101532056463633e-34
0.0,2.0,1.0,13,queue_price_history - price_history_current_queue,1.0183894226366284e-33
0.0,2.0,1.0,13,marked_history - queue_price_history,0.0
0.0,2.0,4.0,13,price_history_current_queue - current_queue,1.5329165155783655e-34
0.0,2.0,4.0,13,queue_price_history - price_history_current_queue,5.1053171221020565e-34
0.0,2.0,4.0,13,marked_history - queue_price_history,0.0
0.0,2.0,16.0,13,price_history_current_queue - current_queue,-8.967836416180068e-35
0.0,2.0,16.0,13,queue_price_history - price_history_current_queue,2.6311812126805024e-34
0.0,2.0,16.0,13,marked_history - queue_price_history,0.0
0.0,2.0,1.0,14,price_history_current_queue - current_queue,3.081822228020312e-34
0.0,2.0,1.0,14,queue_price_history - price_history_current_queue,1.5508868672995886e-33
0.0,2.0,1.0,14,marked_history - queue_price_history,0.0
0.0,2.0,4.0,14,price_history_current_queue - current_queue,2.0192541300638673e-34
0.0,2.0,4.0,14,queue_price_history - price_history_current_queue,7.126091422636783e-34
0.0,2.0,4.0,14,marked_history - queue_price_history,0.0
0.0,2.0,16.0,14,price_history_current_queue - current_queue,-1.5572392431121395e-34
0.0,2.0,16.0,14,queue_price_history - price_history_current_queue,2.8631826137719258e-34
0.0,2.0,16.0,14,marked_history - queue_price_history,0.0
0.0,2.0,1.0,15,price_history_current_queue - current_queue,4.013772601672772e-34
0.0,2.0,1.0,15,queue_price_history - price_history_current_queue,1.0038566294777554e-33
0.0,2.0,1.0,15,marked_history - queue_price_history,0.0
0.0,2.0,4.0,15,price_history_current_queue - current_queue,7.459359564325556e-35
0.0,2.0,4.0,15,queue_price_history - price_history_current_queue,4.642483681819872e-34
0.0,2.0,4.0,15,marked_history - queue_price_history,0.0
0.0,2.0,16.0,15,price_history_current_queue - current_queue,-1.121418062735257e-34
0.0,2.0,16.0,15,queue_price_history - price_history_current_queue,2.849267207154043e-34
0.0,2.0,16.0,15,marked_history - queue_price_history,0.0
0.5,0.02,1.0,0,price_history_current_queue - current_queue,0.020492828932857823
0.5,0.02,1.0,0,queue_price_history - price_history_current_queue,0.002121962110794406
0.5,0.02,1.0,0,marked_history - queue_price_history,0.0009295938191857613
0.5,0.02,4.0,0,price_history_current_queue - current_queue,0.09638452869707172
0.5,0.02,4.0,0,queue_price_history - price_history_current_queue,0.008059129669080085
0.5,0.02,4.0,0,marked_history - queue_price_history,0.00669742355300315
0.5,0.02,16.0,0,price_history_current_queue - current_queue,0.1355870606243642
0.5,0.02,16.0,0,queue_price_history - price_history_current_queue,0.00856350232126171
0.5,0.02,16.0,0,marked_history - queue_price_history,0.00976481106537677
0.5,0.02,1.0,1,price_history_current_queue - current_queue,0.021424947030842644
0.5,0.02,1.0,1,queue_price_history - price_history_current_queue,-0.00012226275750466258
0.5,0.02,1.0,1,marked_history - queue_price_history,0.002261678101814429
0.5,0.02,4.0,1,price_history_current_queue - current_queue,0.08202886240216328
0.5,0.02,4.0,1,queue_price_history - price_history_current_queue,0.007971086126947054
0.5,0.02,4.0,1,marked_history - queue_price_history,0.008838203235649239
0.5,0.02,16.0,1,price_history_current_queue - current_queue,0.0979146847520304
0.5,0.02,16.0,1,queue_price_history - price_history_current_queue,0.017261235047046613
0.5,0.02,16.0,1,marked_history - queue_price_history,0.012634591588436734
0.5,0.02,1.0,2,price_history_current_queue - current_queue,0.021280753542652825
0.5,0.02,1.0,2,queue_price_history - price_history_current_queue,0.0032968722991204066
0.5,0.02,1.0,2,marked_history - queue_price_history,0.0010261438254051838
0.5,0.02,4.0,2,price_history_current_queue - current_queue,0.10883813232412604
0.5,0.02,4.0,2,queue_price_history - price_history_current_queue,0.01152121018717484
0.5,0.02,4.0,2,marked_history - queue_price_history,0.0035031281048801426
0.5,0.02,16.0,2,price_history_current_queue - current_queue,0.14499748749017966
0.5,0.02,16.0,2,queue_price_history - price_history_current_queue,0.01570193279881992
0.5,0.02,16.0,2,marked_history - queue_price_history,0.006179898552682521
0.5,0.02,1.0,3,price_history_current_queue - current_queue,0.02604451930713781
0.5,0.02,1.0,3,queue_price_history - price_history_current_queue,0.001948341862259599
0.5,0.02,1.0,3,marked_history - queue_price_history,0.0006610461917966254
0.5,0.02,4.0,3,price_history_current_queue - current_queue,0.12577730372411144
0.5,0.02,4.0,3,queue_price_history - price_history_current_queue,0.010366583840067422
0.5,0.02,4.0,3,marked_history - queue_price_history,0.004171376863773905
0.5,0.02,16.0,3,price_history_current_queue - current_queue,0.1694082344053578
0.5,0.02,16.0,3,queue_price_history - price_history_current_queue,0.01422293738405488
0.5,0.02,16.0,3,marked_history - queue_price_history,0.0056640319447164
0.5,0.02,1.0,4,price_history_current_queue - current_queue,0.019405233021238862
0.5,0.02,1.0,4,queue_price_history - price_history_current_queue,7.644480277111865e-05
0.5,0.02,1.0,4,marked_history - queue_price_history,-7.247919301661901e-05
0.5,0.02,4.0,4,price_history_current_queue - current_queue,0.0873120087306853
0.5,0.02,4.0,4,queue_price_history - price_history_current_queue,0.0023988942806548426
0.5,0.02,4.0,4,marked_history - queue_price_history,0.002065240728255715
0.5,0.02,16.0,4,price_history_current_queue - current_queue,0.11253487851250714
0.5,0.02,16.0,4,queue_price_history - price_history_current_queue,0.004422400908581359
0.5,0.02,16.0,4,marked_history - queue_price_history,0.004977056069442914
0.5,0.02,1.0,5,price_history_current_queue - current_queue,0.02985788986123639
0.5,0.02,1.0,5,queue_price_history - price_history_current_queue,0.0010354508817818817
0.5,0.02,1.0,5,marked_history - queue_price_history,0.0020045312288406703
0.5,0.02,4.0,5,price_history_current_queue - current_queue,0.12548219152898926
0.5,0.02,4.0,5,queue_price_history - price_history_current_queue,0.009900053442221352
0.5,0.02,4.0,5,marked_history - queue_price_history,0.0027408625851414094
0.5,0.02,16.0,5,price_history_current_queue - current_queue,0.16412240421896437
0.5,0.02,16.0,5,queue_price_history - price_history_current_queue,0.018370455995108753
0.5,0.02,16.0,5,marked_history - queue_price_history,0.00021825002373999998
0.5,0.02,1.0,6,price_history_current_queue - current_queue,0.023949802527893256
0.5,0.02,1.0,6,queue_price_history - price_history_current_queue,0.00032855946280407905
0.5,0.02,1.0,6,marked_history - queue_price_history,0.0010632146724669058
0.5,0.02,4.0,6,price_history_current_queue - current_queue,0.12206625823347508
0.5,0.02,4.0,6,queue_price_history - price_history_current_queue,0.0025076602594617577
0.5,0.02,4.0,6,marked_history - queue_price_history,0.007664843179524254
0.5,0.02,16.0,6,price_history_current_queue - current_queue,0.16322989539683525
0.5,0.02,16.0,6,queue_price_history - price_history_current_queue,0.005577152518546355
0.5,0.02,16.0,6,marked_history - queue_price_history,0.011848675420898848
0.5,0.02,1.0,7,price_history_current_queue - current_queue,0.02443417980563635
0.5,0.02,1.0,7,queue_price_history - price_history_current_queue,0.003834061442436185
0.5,0.02,1.0,7,marked_history - queue_price_history,0.0023110219584871845
0.5,0.02,4.0,7,price_history_current_queue - current_queue,0.12196241442313523
0.5,0.02,4.0,7,queue_price_history - price_history_current_queue,0.011567382512105285
0.5,0.02,4.0,7,marked_history - queue_price_history,0.010534276469663961
0.5,0.02,16.0,7,price_history_current_queue - current_queue,0.1610309511441536
0.5,0.02,16.0,7,queue_price_history - price_history_current_queue,0.015090670430889911
0.5,0.02,16.0,7,marked_history - queue_price_history,0.014341384283220904
0.5,0.02,1.0,8,price_history_current_queue - current_queue,0.015579314369810178
0.5,0.02,1.0,8,queue_price_history - price_history_current_queue,0.004453447585621657
0.5,0.02,1.0,8,marked_history - queue_price_history,0.0002094906992123036
0.5,0.02,4.0,8,price_history_current_queue - current_queue,0.08100406302022731
0.5,0.02,4.0,8,queue_price_history - price_history_current_queue,0.021533737781393537
0.5,0.02,4.0,8,marked_history - queue_price_history,-0.00041672659211903915
0.5,0.02,16.0,8,price_history_current_queue - current_queue,0.11070464237302974
0.5,0.02,16.0,8,queue_price_history - price_history_current_queue,0.03258691956226487
0.5,0.02,16.0,8,marked_history - queue_price_history,-0.0010508064535062658
0.5,0.02,1.0,9,price_history_current_queue - current_queue,0.02105456653306299
0.5,0.02,1.0,9,queue_price_history - price_history_current_queue,0.0011331741847739351
0.5,0.02,1.0,9,marked_history - queue_price_history,-0.00019869332945628214
0.5,0.02,4.0,9,price_history_current_queue - current_queue,0.11484733671238649
0.5,0.02,4.0,9,queue_price_history - price_history_current_queue,0.0038986024558737976
0.5,0.02,4.0,9,marked_history - queue_price_history,0.0020938289426088125
0.5,0.02,16.0,9,price_history_current_queue - current_queue,0.15142121370505227
0.5,0.02,16.0,9,queue_price_history - price_history_current_queue,0.005122756258820678
0.5,0.02,16.0,9,marked_history - queue_price_history,0.00380651686212525
0.5,0.02,1.0,10,price_history_current_queue - current_queue,0.028357972757755073
0.5,0.02,1.0,10,queue_price_history - price_history_current_queue,0.0022135922033847517
0.5,0.02,1.0,10,marked_history - queue_price_history,0.0022474493614832087
0.5,0.02,4.0,10,price_history_current_queue - current_queue,0.13574329109019903
0.5,0.02,4.0,10,queue_price_history - price_history_current_queue,0.008355201846562835
0.5,0.02,4.0,10,marked_history - queue_price_history,0.007652647997414815
0.5,0.02,16.0,10,price_history_current_queue - current_queue,0.18022929811786423
0.5,0.02,16.0,10,queue_price_history - price_history_current_queue,0.00991418988800583
0.5,0.02,16.0,10,marked_history - queue_price_history,0.010199682533441265
0.5,0.02,1.0,11,price_history_current_queue - current_queue,0.021340691560152694
0.5,0.02,1.0,11,queue_price_history - price_history_current_queue,0.00019211553163958782
0.5,0.02,1.0,11,marked_history - queue_price_history,-0.00124948087010452
0.5,0.02,4.0,11,price_history_current_queue - current_queue,0.11975295977544613
0.5,0.02,4.0,11,queue_price_history - price_history_current_queue,-0.0018892084770523998
0.5,0.02,4.0,11,marked_history - queue_price_history,0.005270385133301871
0.5,0.02,16.0,11,price_history_current_queue - current_queue,0.1574566111999946
0.5,0.02,16.0,11,queue_price_history - price_history_current_queue,-0.0004106118415366724
0.5,0.02,16.0,11,marked_history - queue_price_history,0.010686316333276278
0.5,0.02,1.0,12,price_history_current_queue - current_queue,0.021017779389455666
0.5,0.02,1.0,12,queue_price_history - price_history_current_queue,0.002472418850084266
0.5,0.02,1.0,12,marked_history - queue_price_history,-4.910054935031274e-06
0.5,0.02,4.0,12,price_history_current_queue - current_queue,0.1086893179231771
0.5,0.02,4.0,12,queue_price_history - price_history_current_queue,0.008334507180328389
0.5,0.02,4.0,12,marked_history - queue_price_history,-6.963289878152174e-05
0.5,0.02,16.0,12,price_history_current_queue - current_queue,0.14768740236695513
0.5,0.02,16.0,12,queue_price_history - price_history_current_queue,0.01045773142441077
0.5,0.02,16.0,12,marked_history - queue_price_history,0.00044137259812657
0.5,0.02,1.0,13,price_history_current_queue - current_queue,0.02988073255922998
0.5,0.02,1.0,13,queue_price_history - price_history_current_queue,0.0010428452047753388
0.5,0.02,1.0,13,marked_history - queue_price_history,0.0014405446995291449
0.5,0.02,4.0,13,price_history_current_queue - current_queue,0.10942645363435552
0.5,0.02,4.0,13,queue_price_history - price_history_current_queue,0.009452783024518324
0.5,0.02,4.0,13,marked_history - queue_price_history,0.007298632635493477
0.5,0.02,16.0,13,price_history_current_queue - current_queue,0.13456734556778527
0.5,0.02,16.0,13,queue_price_history - price_history_current_queue,0.013576912180799015
0.5,0.02,16.0,13,marked_history - queue_price_history,0.009836105283323036
0.5,0.02,1.0,14,price_history_current_queue - current_queue,0.019573067070441423
0.5,0.02,1.0,14,queue_price_history - price_history_current_queue,0.001452177503094757
0.5,0.02,1.0,14,marked_history - queue_price_history,0.0018956629760049277
0.5,0.02,4.0,14,price_history_current_queue - current_queue,0.11455458176770354
0.5,0.02,4.0,14,queue_price_history - price_history_current_queue,0.008109560980862053
0.5,0.02,4.0,14,marked_history - queue_price_history,0.009340218831818448
0.5,0.02,16.0,14,price_history_current_queue - current_queue,0.15654691677980284
0.5,0.02,16.0,14,queue_price_history - price_history_current_queue,0.012278000345151306
0.5,0.02,16.0,14,marked_history - queue_price_history,0.014349988288261032
0.5,0.02,1.0,15,price_history_current_queue - current_queue,0.01955702798572689
0.5,0.02,1.0,15,queue_price_history - price_history_current_queue,0.003940983190255964
0.5,0.02,1.0,15,marked_history - queue_price_history,0.0032398492223323877
0.5,0.02,4.0,15,price_history_current_queue - current_queue,0.103823243280261
0.5,0.02,4.0,15,queue_price_history - price_history_current_queue,0.011624977792586888
0.5,0.02,4.0,15,marked_history - queue_price_history,0.012045707657905158
0.5,0.02,16.0,15,price_history_current_queue - current_queue,0.14413879645568414
0.5,0.02,16.0,15,queue_price_history - price_history_current_queue,0.014532650884520756
0.5,0.02,16.0,15,marked_history - queue_price_history,0.016275944888768278
0.5,0.2,1.0,0,price_history_current_queue - current_queue,0.008920851596259983
0.5,0.2,1.0,0,queue_price_history - price_history_current_queue,0.00011008317852192987
0.5,0.2,1.0,0,marked_history - queue_price_history,0.003655223490398379
0.5,0.2,4.0,0,price_history_current_queue - current_queue,0.022211818088795483
0.5,0.2,4.0,0,queue_price_history - price_history_current_queue,0.001163272798606946
0.5,0.2,4.0,0,marked_history - queue_price_history,0.009188691412701804
0.5,0.2,16.0,0,price_history_current_queue - current_queue,0.007560325455779791
0.5,0.2,16.0,0,queue_price_history - price_history_current_queue,0.000596076231053282
0.5,0.2,16.0,0,marked_history - queue_price_history,0.003245995009035962
0.5,0.2,1.0,1,price_history_current_queue - current_queue,0.006918649573169157
0.5,0.2,1.0,1,queue_price_history - price_history_current_queue,0.0054158988179087335
0.5,0.2,1.0,1,marked_history - queue_price_history,-0.001732713859213687
0.5,0.2,4.0,1,price_history_current_queue - current_queue,0.02090677483890996
0.5,0.2,4.0,1,queue_price_history - price_history_current_queue,0.013786036944476504
0.5,0.2,4.0,1,marked_history - queue_price_history,-0.0007612838209175406
0.5,0.2,16.0,1,price_history_current_queue - current_queue,0.00728684486043326
0.5,0.2,16.0,1,queue_price_history - price_history_current_queue,0.004839604771278267
0.5,0.2,16.0,1,marked_history - queue_price_history,-0.0001914688257792912
0.5,0.2,1.0,2,price_history_current_queue - current_queue,0.0035359928698818354
0.5,0.2,1.0,2,queue_price_history - price_history_current_queue,0.00402071061663314
0.5,0.2,1.0,2,marked_history - queue_price_history,0.0015234807719751175
0.5,0.2,4.0,2,price_history_current_queue - current_queue,0.014457230557673686
0.5,0.2,4.0,2,queue_price_history - price_history_current_queue,0.01125153048490946
0.5,0.2,4.0,2,marked_history - queue_price_history,0.005296220738974786
0.5,0.2,16.0,2,price_history_current_queue - current_queue,0.005189538768275734
0.5,0.2,16.0,2,queue_price_history - price_history_current_queue,0.0040743662604857695
0.5,0.2,16.0,2,marked_history - queue_price_history,0.0018919243309619374
0.5,0.2,1.0,3,price_history_current_queue - current_queue,0.008456692471650469
0.5,0.2,1.0,3,queue_price_history - price_history_current_queue,0.0023064061490315766
0.5,0.2,1.0,3,marked_history - queue_price_history,0.008679498131446854
0.5,0.2,4.0,3,price_history_current_queue - current_queue,0.015849269080455707
0.5,0.2,4.0,3,queue_price_history - price_history_current_queue,0.008465173172902404
0.5,0.2,4.0,3,marked_history - queue_price_history,0.016941859649225354
0.5,0.2,16.0,3,price_history_current_queue - current_queue,0.0053027475090721326
0.5,0.2,16.0,3,queue_price_history - price_history_current_queue,0.0030511111516100357
0.5,0.2,16.0,3,marked_history - queue_price_history,0.0057583958506167215
0.5,0.2,1.0,4,price_history_current_queue - current_queue,0.003526630070702046
0.5,0.2,1.0,4,queue_price_history - price_history_current_queue,0.002567184839275404
0.5,0.2,1.0,4,marked_history - queue_price_history,0.001274961683602576
0.5,0.2,4.0,4,price_history_current_queue - current_queue,0.016117053816156406
0.5,0.2,4.0,4,queue_price_history - price_history_current_queue,0.0053816665723276595
0.5,0.2,4.0,4,marked_history - queue_price_history,0.006433563968142071
0.5,0.2,16.0,4,price_history_current_queue - current_queue,0.005763595232120678
0.5,0.2,16.0,4,queue_price_history - price_history_current_queue,0.001913460132930003
0.5,0.2,16.0,4,marked_history - queue_price_history,0.0025113998847358793
0.5,0.2,1.0,5,price_history_current_queue - current_queue,0.0042554213920481705
0.5,0.2,1.0,5,queue_price_history - price_history_current_queue,0.004444912237183474
0.5,0.2,1.0,5,marked_history - queue_price_history,0.004916856583325141
0.5,0.2,4.0,5,price_history_current_queue - current_queue,0.011968000689909051
0.5,0.2,4.0,5,queue_price_history - price_history_current_queue,0.01442767896055765
0.5,0.2,4.0,5,marked_history - queue_price_history,0.007984973429274327
0.5,0.2,16.0,5,price_history_current_queue - current_queue,0.004172789280198762
0.5,0.2,16.0,5,queue_price_history - price_history_current_queue,0.005353181216865321
0.5,0.2,16.0,5,marked_history - queue_price_history,0.002564472315076495
0.5,0.2,1.0,6,price_history_current_queue - current_queue,0.002177990679400189
0.5,0.2,1.0,6,queue_price_history - price_history_current_queue,0.003992469227740387
0.5,0.2,1.0,6,marked_history - queue_price_history,0.004065412466795844
0.5,0.2,4.0,6,price_history_current_queue - current_queue,0.01375488257100016
0.5,0.2,4.0,6,queue_price_history - price_history_current_queue,0.013613823567264807
0.5,0.2,4.0,6,marked_history - queue_price_history,0.008466580791614001
0.5,0.2,16.0,6,price_history_current_queue - current_queue,0.005100365993450744
0.5,0.2,16.0,6,queue_price_history - price_history_current_queue,0.005115209798529264
0.5,0.2,16.0,6,marked_history - queue_price_history,0.002826781532503143
0.5,0.2,1.0,7,price_history_current_queue - current_queue,0.001677800673162871
0.5,0.2,1.0,7,queue_price_history - price_history_current_queue,0.005537642565295212
0.5,0.2,1.0,7,marked_history - queue_price_history,0.005316242825443061
0.5,0.2,4.0,7,price_history_current_queue - current_queue,0.009456244976720669
0.5,0.2,4.0,7,queue_price_history - price_history_current_queue,0.015560400443771953
0.5,0.2,4.0,7,marked_history - queue_price_history,0.01152090737822303
0.5,0.2,16.0,7,price_history_current_queue - current_queue,0.00355397014802239
0.5,0.2,16.0,7,queue_price_history - price_history_current_queue,0.0058887369330163095
0.5,0.2,16.0,7,marked_history - queue_price_history,0.0038721622243747
0.5,0.2,1.0,8,price_history_current_queue - current_queue,0.004606473983327214
0.5,0.2,1.0,8,queue_price_history - price_history_current_queue,0.0015789565401655463
0.5,0.2,1.0,8,marked_history - queue_price_history,0.0031463153470571584
0.5,0.2,4.0,8,price_history_current_queue - current_queue,0.01940147146211126
0.5,0.2,4.0,8,queue_price_history - price_history_current_queue,0.006247011892001374
0.5,0.2,4.0,8,marked_history - queue_price_history,0.005080898569410311
0.5,0.2,16.0,8,price_history_current_queue - current_queue,0.006974714775556677
0.5,0.2,16.0,8,queue_price_history - price_history_current_queue,0.002297670641548946
0.5,0.2,16.0,8,marked_history - queue_price_history,0.0018241482292435443
0.5,0.2,1.0,9,price_history_current_queue - current_queue,0.005637849304846063
0.5,0.2,1.0,9,queue_price_history - price_history_current_queue,0.002794373821325397
0.5,0.2,1.0,9,marked_history - queue_price_history,0.0014913565694190756
0.5,0.2,4.0,9,price_history_current_queue - current_queue,0.01704078517504915
0.5,0.2,4.0,9,queue_price_history - price_history_current_queue,0.008079500443648635
0.5,0.2,4.0,9,marked_history - queue_price_history,0.004757111989685525
0.5,0.2,16.0,9,price_history_current_queue - current_queue,0.0060629458283096025
0.5,0.2,16.0,9,queue_price_history - price_history_current_queue,0.002969607966455408
0.5,0.2,16.0,9,marked_history - queue_price_history,0.0017722014284294965
0.5,0.2,1.0,10,price_history_current_queue - current_queue,0.006426484593103871
0.5,0.2,1.0,10,queue_price_history - price_history_current_queue,0.005056059865182794
0.5,0.2,1.0,10,marked_history - queue_price_history,-0.0002453354385282082
0.5,0.2,4.0,10,price_history_current_queue - current_queue,0.02303632766136521
0.5,0.2,4.0,10,queue_price_history - price_history_current_queue,0.00951438003610123
0.5,0.2,4.0,10,marked_history - queue_price_history,0.0022890802813734655
0.5,0.2,16.0,10,price_history_current_queue - current_queue,0.008142928633035021
0.5,0.2,16.0,10,queue_price_history - price_history_current_queue,0.0033019166000896744
0.5,0.2,16.0,10,marked_history - queue_price_history,0.0010136332397216515
0.5,0.2,1.0,11,price_history_current_queue - current_queue,0.005670837068453504
0.5,0.2,1.0,11,queue_price_history - price_history_current_queue,0.0012211533047805183
0.5,0.2,1.0,11,marked_history - queue_price_history,0.002293764814150136
0.5,0.2,4.0,11,price_history_current_queue - current_queue,0.016581823035898013
0.5,0.2,4.0,11,queue_price_history - price_history_current_queue,0.008262807418359969
0.5,0.2,4.0,11,marked_history - queue_price_history,0.006553606306965226
0.5,0.2,16.0,11,price_history_current_queue - current_queue,0.005725765840484018
0.5,0.2,16.0,11,queue_price_history - price_history_current_queue,0.003356219899012623
0.5,0.2,16.0,11,marked_history - queue_price_history,0.0023610437646642978
0.5,0.2,1.0,12,price_history_current_queue - current_queue,0.004771334804351883
0.5,0.2,1.0,12,queue_price_history - price_history_current_queue,0.0018841665062885847
0.5,0.2,1.0,12,marked_history - queue_price_history,0.002598979567443562
0.5,0.2,4.0,12,price_history_current_queue - current_queue,0.01532908224939866
0.5,0.2,4.0,12,queue_price_history - price_history_current_queue,0.008547999999988844
0.5,0.2,4.0,12,marked_history - queue_price_history,0.009589561354211658
0.5,0.2,16.0,12,price_history_current_queue - current_queue,0.005495497382165279
0.5,0.2,16.0,12,queue_price_history - price_history_current_queue,0.00333093163098824
0.5,0.2,16.0,12,marked_history - queue_price_history,0.003522105246350291
0.5,0.2,1.0,13,price_history_current_queue - current_queue,0.009084989787016051
0.5,0.2,1.0,13,queue_price_history - price_history_current_queue,0.0032054120597467544
0.5,0.2,1.0,13,marked_history - queue_price_history,0.002820171695381042
0.5,0.2,4.0,13,price_history_current_queue - current_queue,0.023522280066523647
0.5,0.2,4.0,13,queue_price_history - price_history_current_queue,0.009445420179301028
0.5,0.2,4.0,13,marked_history - queue_price_history,0.0058126403841132525
0.5,0.2,16.0,13,price_history_current_queue - current_queue,0.008003980218371396
0.5,0.2,16.0,13,queue_price_history - price_history_current_queue,0.003575348682140839
0.5,0.2,16.0,13,marked_history - queue_price_history,0.0020572040500826806
0.5,0.2,1.0,14,price_history_current_queue - current_queue,0.00749840988850159
0.5,0.2,1.0,14,queue_price_history - price_history_current_queue,0.0012059331059812062
0.5,0.2,1.0,14,marked_history - queue_price_history,0.0008693056659959109
0.5,0.2,4.0,14,price_history_current_queue - current_queue,0.0237335223412403
0.5,0.2,4.0,14,queue_price_history - price_history_current_queue,0.008106363507701124
0.5,0.2,4.0,14,marked_history - queue_price_history,0.005773176369901522
0.5,0.2,16.0,14,price_history_current_queue - current_queue,0.008368369371719813
0.5,0.2,16.0,14,queue_price_history - price_history_current_queue,0.003211924743595725
0.5,0.2,16.0,14,marked_history - queue_price_history,0.0020856594469639326
0.5,0.2,1.0,15,price_history_current_queue - current_queue,0.006737862272963087
0.5,0.2,1.0,15,queue_price_history - price_history_current_queue,0.0044148250590375715
0.5,0.2,1.0,15,marked_history - queue_price_history,0.003826709690090235
0.5,0.2,4.0,15,price_history_current_queue - current_queue,0.01818167614082397
0.5,0.2,4.0,15,queue_price_history - price_history_current_queue,0.012203999107601187
0.5,0.2,4.0,15,marked_history - queue_price_history,0.008192440263529405
0.5,0.2,16.0,15,price_history_current_queue - current_queue,0.006355112332733523
0.5,0.2,16.0,15,queue_price_history - price_history_current_queue,0.004418542943826687
0.5,0.2,16.0,15,marked_history - queue_price_history,0.002812871744410442
0.5,2.0,1.0,0,price_history_current_queue - current_queue,0.00014635424685564114
0.5,2.0,1.0,0,queue_price_history - price_history_current_queue,0.0012434860761209726
0.5,2.0,1.0,0,marked_history - queue_price_history,0.0005874581591286774
0.5,2.0,4.0,0,price_history_current_queue - current_queue,6.694345166711556e-05
0.5,2.0,4.0,0,queue_price_history - price_history_current_queue,0.0006736259257240607
0.5,2.0,4.0,0,marked_history - queue_price_history,0.00023392122113323363
0.5,2.0,16.0,0,price_history_current_queue - current_queue,1.677843964472162e-05
0.5,2.0,16.0,0,queue_price_history - price_history_current_queue,0.0001734329944644928
0.5,2.0,16.0,0,marked_history - queue_price_history,5.959002751708248e-05
0.5,2.0,1.0,1,price_history_current_queue - current_queue,8.762678421098092e-05
0.5,2.0,1.0,1,queue_price_history - price_history_current_queue,0.0009404946616241571
0.5,2.0,1.0,1,marked_history - queue_price_history,0.0008161611047758393
0.5,2.0,4.0,1,price_history_current_queue - current_queue,4.383222209320824e-05
0.5,2.0,4.0,1,queue_price_history - price_history_current_queue,0.0005656205803424829
0.5,2.0,4.0,1,marked_history - queue_price_history,0.00032344518518071365
0.5,2.0,16.0,1,price_history_current_queue - current_queue,1.1254559141165749e-05
0.5,2.0,16.0,1,queue_price_history - price_history_current_queue,0.0001471663476491681
0.5,2.0,16.0,1,marked_history - queue_price_history,8.128331000868928e-05
0.5,2.0,1.0,2,price_history_current_queue - current_queue,0.00014251672335847097
0.5,2.0,1.0,2,queue_price_history - price_history_current_queue,0.0017383315181562014
0.5,2.0,1.0,2,marked_history - queue_price_history,0.0004865563797657388
0.5,2.0,4.0,2,price_history_current_queue - current_queue,9.683013425093389e-05
0.5,2.0,4.0,2,queue_price_history - price_history_current_queue,0.0007816762819937799
0.5,2.0,4.0,2,marked_history - queue_price_history,0.0002615822005551672
0.5,2.0,16.0,2,price_history_current_queue - current_queue,2.5012753316665324e-05
0.5,2.0,16.0,2,queue_price_history - price_history_current_queue,0.0001986131066500187
0.5,2.0,16.0,2,marked_history - queue_price_history,6.746692160292644e-05
0.5,2.0,1.0,3,price_history_current_queue - current_queue,5.513969670195695e-05
0.5,2.0,1.0,3,queue_price_history - price_history_current_queue,7.411692811769238e-05
0.5,2.0,1.0,3,marked_history - queue_price_history,0.000944405627398644
0.5,2.0,4.0,3,price_history_current_queue - current_queue,7.640270262513686e-05
0.5,2.0,4.0,3,queue_price_history - price_history_current_queue,0.00029442315695533635
0.5,2.0,4.0,3,marked_history - queue_price_history,0.00040214364681898226
0.5,2.0,16.0,3,price_history_current_queue - current_queue,2.0364383435963536e-05
0.5,2.0,16.0,3,queue_price_history - price_history_current_queue,8.026332049150676e-05
0.5,2.0,16.0,3,marked_history - queue_price_history,0.00010147780446040846
0.5,2.0,1.0,4,price_history_current_queue - current_queue,0.00013911317863221545
0.5,2.0,1.0,4,queue_price_history - price_history_current_queue,0.0005370985310416501
0.5,2.0,1.0,4,marked_history - queue_price_history,9.663828724132341e-05
0.5,2.0,4.0,4,price_history_current_queue - current_queue,4.472907392156763e-05
0.5,2.0,4.0,4,queue_price_history - price_history_current_queue,0.0002472965338543505
0.5,2.0,4.0,4,marked_history - queue_price_history,2.2539942550613577e-05
0.5,2.0,16.0,4,price_history_current_queue - current_queue,1.0926855709745162e-05
0.5,2.0,16.0,4,queue_price_history - price_history_current_queue,6.386613097628598e-05
0.5,2.0,16.0,4,marked_history - queue_price_history,5.580727874123602e-06
0.5,2.0,1.0,5,price_history_current_queue - current_queue,8.367338392490955e-05
0.5,2.0,1.0,5,queue_price_history - price_history_current_queue,0.0005269160056802644
0.5,2.0,1.0,5,marked_history - queue_price_history,0.00048662253912626975
0.5,2.0,4.0,5,price_history_current_queue - current_queue,4.201081885591336e-05
0.5,2.0,4.0,5,queue_price_history - price_history_current_queue,0.0003341081597433129
0.5,2.0,4.0,5,marked_history - queue_price_history,0.00018296480324106958
0.5,2.0,16.0,5,price_history_current_queue - current_queue,1.0460915554888942e-05
0.5,2.0,16.0,5,queue_price_history - price_history_current_queue,8.707494939762112e-05
0.5,2.0,16.0,5,marked_history - queue_price_history,4.673362803341287e-05
0.5,2.0,1.0,6,price_history_current_queue - current_queue,0.00024603193776673207
0.5,2.0,1.0,6,queue_price_history - price_history_current_queue,0.0007533654871367293
0.5,2.0,1.0,6,marked_history - queue_price_history,0.0004980780421183392
0.5,2.0,4.0,6,price_history_current_queue - current_queue,0.0001308765553027176
0.5,2.0,4.0,6,queue_price_history - price_history_current_queue,0.0003421779696213034
0.5,2.0,4.0,6,marked_history - queue_price_history,0.0002475632804453112
0.5,2.0,16.0,6,price_history_current_queue - current_queue,3.3585722757200095e-05
0.5,2.0,16.0,6,queue_price_history - price_history_current_queue,8.764665332050477e-05
0.5,2.0,16.0,6,marked_history - queue_price_history,6.339969904936555e-05
0.5,2.0,1.0,7,price_history_current_queue - current_queue,0.00021837728961582634
0.5,2.0,1.0,7,queue_price_history - price_history_current_queue,-6.118119212943641e-05
0.5,2.0,1.0,7,marked_history - queue_price_history,-0.0006342469949752673
0.5,2.0,4.0,7,price_history_current_queue - current_queue,0.00011650001570499483
0.5,2.0,4.0,7,queue_price_history - price_history_current_queue,9.496882802515371e-05
0.5,2.0,4.0,7,marked_history - queue_price_history,-0.0001505112135709217
0.5,2.0,16.0,7,price_history_current_queue - current_queue,2.979167863758731e-05
0.5,2.0,16.0,7,queue_price_history - price_history_current_queue,2.6128337987236395e-05
0.5,2.0,16.0,7,marked_history - queue_price_history,-3.662670826478093e-05
0.5,2.0,1.0,8,price_history_current_queue - current_queue,0.0003288534832816671
0.5,2.0,1.0,8,queue_price_history - price_history_current_queue,0.000911882668117818
0.5,2.0,1.0,8,marked_history - queue_price_history,0.0003139887741455121
0.5,2.0,4.0,8,price_history_current_queue - current_queue,0.00011114749182666473
0.5,2.0,4.0,8,queue_price_history - price_history_current_queue,0.0004337768954784616
0.5,2.0,4.0,8,marked_history - queue_price_history,0.0001398155361543622
0.5,2.0,16.0,8,price_history_current_queue - current_queue,2.769730780610703e-05
0.5,2.0,16.0,8,queue_price_history - price_history_current_queue,0.00011114892228816145
0.5,2.0,16.0,8,marked_history - queue_price_history,3.5193025347352486e-05
0.5,2.0,1.0,9,price_history_current_queue - current_queue,8.702007598567803e-05
0.5,2.0,1.0,9,queue_price_history - price_history_current_queue,0.0005172293060545828
0.5,2.0,1.0,9,marked_history - queue_price_history,0.0007103286555889119
0.5,2.0,4.0,9,price_history_current_queue - current_queue,8.059072773485458e-05
0.5,2.0,4.0,9,queue_price_history - price_history_current_queue,0.00034512579290818085
0.5,2.0,4.0,9,marked_history - queue_price_history,0.0003349952637712204
0.5,2.0,16.0,9,price_history_current_queue - current_queue,2.1399005107854755e-05
0.5,2.0,16.0,9,queue_price_history - price_history_current_queue,9.115565039202545e-05
0.5,2.0,16.0,9,marked_history - queue_price_history,8.524495075998188e-05
0.5,2.0,1.0,10,price_history_current_queue - current_queue,0.000148252834728674
0.5,2.0,1.0,10,queue_price_history - price_history_current_queue,0.00036955531257161706
0.5,2.0,1.0,10,marked_history - queue_price_history,0.00027121248756281516
0.5,2.0,4.0,10,price_history_current_queue - current_queue,8.247001048509966e-05
0.5,2.0,4.0,10,queue_price_history - price_history_current_queue,0.0002348043713708182
0.5,2.0,4.0,10,marked_history - queue_price_history,0.00016670790025556694
0.5,2.0,16.0,10,price_history_current_queue - current_queue,2.1352432722758574e-05
0.5,2.0,16.0,10,queue_price_history - price_history_current_queue,6.207216369219455e-05
0.5,2.0,16.0,10,marked_history - queue_price_history,4.360341464425309e-05
0.5,2.0,1.0,11,price_history_current_queue - current_queue,5.694947819347185e-05
0.5,2.0,1.0,11,queue_price_history - price_history_current_queue,-0.00024035951535339995
0.5,2.0,1.0,11,marked_history - queue_price_history,-0.0002871037640579053
0.5,2.0,4.0,11,price_history_current_queue - current_queue,9.659370776771862e-05
0.5,2.0,4.0,11,queue_price_history - price_history_current_queue,0.00019664470894291864
0.5,2.0,4.0,11,marked_history - queue_price_history,-5.172400658401437e-06
0.5,2.0,16.0,11,price_history_current_queue - current_queue,2.589849714839908e-05
0.5,2.0,16.0,11,queue_price_history - price_history_current_queue,5.6211555060416e-05
0.5,2.0,16.0,11,marked_history - queue_price_history,3.938844606177597e-07
0.5,2.0,1.0,12,price_history_current_queue - current_queue,0.00013043427011022322
0.5,2.0,1.0,12,queue_price_history - price_history_current_queue,0.0010920921877355606
0.5,2.0,1.0,12,marked_history - queue_price_history,-6.0904088441983925e-05
0.5,2.0,4.0,12,price_history_current_queue - current_queue,0.0001206318723209579
0.5,2.0,4.0,12,queue_price_history - price_history_current_queue,0.0005945302385829385
0.5,2.0,4.0,12,marked_history - queue_price_history,-3.3386227224464822e-06
0.5,2.0,16.0,12,price_history_current_queue - current_queue,3.15618789501561e-05
0.5,2.0,16.0,12,queue_price_history - price_history_current_queue,0.00015423359968827637
0.5,2.0,16.0,12,marked_history - queue_price_history,7.035301714163469e-08
0.5,2.0,1.0,13,price_history_current_queue - current_queue,-9.920780361078195e-05
0.5,2.0,1.0,13,queue_price_history - price_history_current_queue,0.0003888482249365352
0.5,2.0,1.0,13,marked_history - queue_price_history,0.00028658627243165994
0.5,2.0,4.0,13,price_history_current_queue - current_queue,2.2616219647176473e-05
0.5,2.0,4.0,13,queue_price_history - price_history_current_queue,0.0002539459911338412
0.5,2.0,4.0,13,marked_history - queue_price_history,0.00012515113862986951
0.5,2.0,16.0,13,price_history_current_queue - current_queue,7.027945309198845e-06
0.5,2.0,16.0,13,queue_price_history - price_history_current_queue,6.605173774438641e-05
0.5,2.0,16.0,13,marked_history - queue_price_history,3.201813453945231e-05
0.5,2.0,1.0,14,price_history_current_queue - current_queue,0.00018290297321528612
0.5,2.0,1.0,14,queue_price_history - price_history_current_queue,0.0005189384088021791
0.5,2.0,1.0,14,marked_history - queue_price_history,0.000554277415804577
0.5,2.0,4.0,14,price_history_current_queue - current_queue,0.00010465117397105985
0.5,2.0,4.0,14,queue_price_history - price_history_current_queue,0.00028944211168460573
0.5,2.0,4.0,14,marked_history - queue_price_history,0.0002971068302003729
0.5,2.0,16.0,14,price_history_current_queue - current_queue,2.6756820266630812e-05
0.5,2.0,16.0,14,queue_price_history - price_history_current_queue,7.546041125368627e-05
0.5,2.0,16.0,14,marked_history - queue_price_history,7.603821866018227e-05
0.5,2.0,1.0,15,price_history_current_queue - current_queue,0.00020157880204713877
0.5,2.0,1.0,15,queue_price_history - price_history_current_queue,0.0007517356980030425
0.5,2.0,1.0,15,marked_history - queue_price_history,0.00044780854236212587
0.5,2.0,4.0,15,price_history_current_queue - current_queue,0.0001547972593575361
0.5,2.0,4.0,15,queue_price_history - price_history_current_queue,0.00031510422191456184
0.5,2.0,4.0,15,marked_history - queue_price_history,0.0001781577904202079
0.5,2.0,16.0,15,price_history_current_queue - current_queue,4.048685623384223e-05
0.5,2.0,16.0,15,queue_price_history - price_history_current_queue,8.035866470690099e-05
0.5,2.0,16.0,15,marked_history - queue_price_history,4.4976005845759374e-05
1.0,0.02,1.0,0,price_history_current_queue - current_queue,0.028369996528651215
1.0,0.02,1.0,0,queue_price_history - price_history_current_queue,0.0005591391550668944
1.0,0.02,1.0,0,marked_history - queue_price_history,0.002643405410408153
1.0,0.02,4.0,0,price_history_current_queue - current_queue,0.09085503784157746
1.0,0.02,4.0,0,queue_price_history - price_history_current_queue,0.004799324162046441
1.0,0.02,4.0,0,marked_history - queue_price_history,0.009348464620618786
1.0,0.02,16.0,0,price_history_current_queue - current_queue,0.08925931200027536
1.0,0.02,16.0,0,queue_price_history - price_history_current_queue,0.00564653229221748
1.0,0.02,16.0,0,marked_history - queue_price_history,0.009445490842944401
1.0,0.02,1.0,1,price_history_current_queue - current_queue,0.028234733292235373
1.0,0.02,1.0,1,queue_price_history - price_history_current_queue,0.006383097868054773
1.0,0.02,1.0,1,marked_history - queue_price_history,0.0006314378856492031
1.0,0.02,4.0,1,price_history_current_queue - current_queue,0.10225167239249465
1.0,0.02,4.0,1,queue_price_history - price_history_current_queue,0.014592244083008634
1.0,0.02,4.0,1,marked_history - queue_price_history,0.002739377547023109
1.0,0.02,16.0,1,price_history_current_queue - current_queue,0.10146964575899871
1.0,0.02,16.0,1,queue_price_history - price_history_current_queue,0.013959684005863433
1.0,0.02,16.0,1,marked_history - queue_price_history,0.00291682952176942
1.0,0.02,1.0,2,price_history_current_queue - current_queue,0.025898499031216125
1.0,0.02,1.0,2,queue_price_history - price_history_current_queue,0.0020396075886468736
1.0,0.02,1.0,2,marked_history - queue_price_history,0.00336530815810479
1.0,0.02,4.0,2,price_history_current_queue - current_queue,0.09335998375811885
1.0,0.02,4.0,2,queue_price_history - price_history_current_queue,0.005699942557067969
1.0,0.02,4.0,2,marked_history - queue_price_history,0.012959897251540207
1.0,0.02,16.0,2,price_history_current_queue - current_queue,0.09367321387076134
1.0,0.02,16.0,2,queue_price_history - price_history_current_queue,0.005948733581103475
1.0,0.02,16.0,2,marked_history - queue_price_history,0.013486754770099902
1.0,0.02,1.0,3,price_history_current_queue - current_queue,0.042642285500875815
1.0,0.02,1.0,3,queue_price_history - price_history_current_queue,0.003591322692320503
1.0,0.02,1.0,3,marked_history - queue_price_history,0.0038391832208830934
1.0,0.02,4.0,3,price_history_current_queue - current_queue,0.1327038291563539
1.0,0.02,4.0,3,queue_price_history - price_history_current_queue,0.014648030913612765
1.0,0.02,4.0,3,marked_history - queue_price_history,0.010318949029581696
1.0,0.02,16.0,3,price_history_current_queue - current_queue,0.12918926759584745
1.0,0.02,16.0,3,queue_price_history - price_history_current_queue,0.016209707327205516
1.0,0.02,16.0,3,marked_history - queue_price_history,0.010269458238171226
1.0,0.02,1.0,4,price_history_current_queue - current_queue,0.027785627049830616
1.0,0.02,1.0,4,queue_price_history - price_history_current_queue,0.0003076805646233889
1.0,0.02,1.0,4,marked_history - queue_price_history,0.001456192278302385
1.0,0.02,4.0,4,price_history_current_queue - current_queue,0.09222677927301323
1.0,0.02,4.0,4,queue_price_history - price_history_current_queue,0.005146041365058251
1.0,0.02,4.0,4,marked_history - queue_price_history,0.0026532950964685657
1.0,0.02,16.0,4,price_history_current_queue - current_queue,0.09067480058398208
1.0,0.02,16.0,4,queue_price_history - price_history_current_queue,0.006296566621374414
1.0,0.02,16.0,4,marked_history - queue_price_history,0.0023644970053310005
1.0,0.02,1.0,5,price_history_current_queue - current_queue,0.03017624444046047
1.0,0.02,1.0,5,queue_price_history - price_history_current_queue,0.0016480658546302056
1.0,0.02,1.0,5,marked_history - queue_price_history,0.001320469416830869
1.0,0.02,4.0,5,price_history_current_queue - current_queue,0.10326644936359942
1.0,0.02,4.0,5,queue_price_history - price_history_current_queue,0.006645930008166271
1.0,0.02,4.0,5,marked_history - queue_price_history,0.005646685928649839
1.0,0.02,16.0,5,price_history_current_queue - current_queue,0.10226943051049178
1.0,0.02,16.0,5,queue_price_history - price_history_current_queue,0.007286966596661574
1.0,0.02,16.0,5,marked_history - queue_price_history,0.0060636829422741545
1.0,0.02,1.0,6,price_history_current_queue - current_queue,0.043898280671580456
1.0,0.02,1.0,6,queue_price_history - price_history_current_queue,0.00563263436539777
1.0,0.02,1.0,6,marked_history - queue_price_history,0.0035889622952050447
1.0,0.02,4.0,6,price_history_current_queue - current_queue,0.13415506699229657
1.0,0.02,4.0,6,queue_price_history - price_history_current_queue,0.013309410728090864
1.0,0.02,4.0,6,marked_history - queue_price_history,0.008455943087977934
1.0,0.02,16.0,6,price_history_current_queue - current_queue,0.1302532092039285
1.0,0.02,16.0,6,queue_price_history - price_history_current_queue,0.012118649316040443
1.0,0.02,16.0,6,marked_history - queue_price_history,0.008181782973012414
1.0,0.02,1.0,7,price_history_current_queue - current_queue,0.02457347457266628
1.0,0.02,1.0,7,queue_price_history - price_history_current_queue,0.0003822623259853748
1.0,0.02,1.0,7,marked_history - queue_price_history,-0.0024597636164285564
1.0,0.02,4.0,7,price_history_current_queue - current_queue,0.09997038345024178
1.0,0.02,4.0,7,queue_price_history - price_history_current_queue,0.0033299303881901936
1.0,0.02,4.0,7,marked_history - queue_price_history,0.0023728170710893997
1.0,0.02,16.0,7,price_history_current_queue - current_queue,0.10264228978054751
1.0,0.02,16.0,7,queue_price_history - price_history_current_queue,0.004849059739153177
1.0,0.02,16.0,7,marked_history - queue_price_history,0.004177716838158241
1.0,0.02,1.0,8,price_history_current_queue - current_queue,0.03837224696020907
1.0,0.02,1.0,8,queue_price_history - price_history_current_queue,0.00410043397843237
1.0,0.02,1.0,8,marked_history - queue_price_history,0.0009993751464915201
1.0,0.02,4.0,8,price_history_current_queue - current_queue,0.1220128667233397
1.0,0.02,4.0,8,queue_price_history - price_history_current_queue,0.015299370407813116
1.0,0.02,4.0,8,marked_history - queue_price_history,0.0033965938610301385
1.0,0.02,16.0,8,price_history_current_queue - current_queue,0.11935050563633084
1.0,0.02,16.0,8,queue_price_history - price_history_current_queue,0.015780919691742553
1.0,0.02,16.0,8,marked_history - queue_price_history,0.003323702480254803
1.0,0.02,1.0,9,price_history_current_queue - current_queue,0.03712934038992725
1.0,0.02,1.0,9,queue_price_history - price_history_current_queue,0.004557805095648976
1.0,0.02,1.0,9,marked_history - queue_price_history,0.0009695066168617687
1.0,0.02,4.0,9,price_history_current_queue - current_queue,0.12142935500518351
1.0,0.02,4.0,9,queue_price_history - price_history_current_queue,0.01243208566278456
1.0,0.02,4.0,9,marked_history - queue_price_history,0.0031804442496715345
1.0,0.02,16.0,9,price_history_current_queue - current_queue,0.118661165474925
1.0,0.02,16.0,9,queue_price_history - price_history_current_queue,0.01246404248352389
1.0,0.02,16.0,9,marked_history - queue_price_history,0.003179331980693548
1.0,0.02,1.0,10,price_history_current_queue - current_queue,0.03575695351197621
1.0,0.02,1.0,10,queue_price_history - price_history_current_queue,0.000914725976663861
1.0,0.02,1.0,10,marked_history - queue_price_history,0.000489372659678553
1.0,0.02,4.0,10,price_history_current_queue - current_queue,0.10946417547433286
1.0,0.02,4.0,10,queue_price_history - price_history_current_queue,0.005406208520602547
1.0,0.02,4.0,10,marked_history - queue_price_history,0.0013042405660909503
1.0,0.02,16.0,10,price_history_current_queue - current_queue,0.10646837136317551
1.0,0.02,16.0,10,queue_price_history - price_history_current_queue,0.006022511860293388
1.0,0.02,16.0,10,marked_history - queue_price_history,0.001178976942940019
1.0,0.02,1.0,11,price_history_current_queue - current_queue,0.02902970546873339
1.0,0.02,1.0,11,queue_price_history - price_history_current_queue,0.001027889489782103
1.0,0.02,1.0,11,marked_history - queue_price_history,0.0003814308144548429
1.0,0.02,4.0,11,price_history_current_queue - current_queue,0.10379589877068542
1.0,0.02,4.0,11,queue_price_history - price_history_current_queue,0.005193513561727726
1.0,0.02,4.0,11,marked_history - queue_price_history,0.004690562664664704
1.0,0.02,16.0,11,price_history_current_queue - current_queue,0.10452351238718384
1.0,0.02,16.0,11,queue_price_history - price_history_current_queue,0.005939079842560936
1.0,0.02,16.0,11,marked_history - queue_price_history,0.005894866484177734
1.0,0.02,1.0,12,price_history_current_queue - current_queue,0.025007921728036342
1.0,0.02,1.0,12,queue_price_history - price_history_current_queue,0.0026337703696873082
1.0,0.02,1.0,12,marked_history - queue_price_history,0.0003015649790238116
1.0,0.02,4.0,12,price_history_current_queue - current_queue,0.0871401289240315
1.0,0.02,4.0,12,queue_price_history - price_history_current_queue,0.01112673070682646
1.0,0.02,4.0,12,marked_history - queue_price_history,0.0022560528738552275
1.0,0.02,16.0,12,price_history_current_queue - current_queue,0.08685016869733343
1.0,0.02,16.0,12,queue_price_history - price_history_current_queue,0.01196553324016733
1.0,0.02,16.0,12,marked_history - queue_price_history,0.0024389150506468225
1.0,0.02,1.0,13,price_history_current_queue - current_queue,0.025427770669886104
1.0,0.02,1.0,13,queue_price_history - price_history_current_queue,0.0018690245181173053
1.0,0.02,1.0,13,marked_history - queue_price_history,0.0006412887187731432
1.0,0.02,4.0,13,price_history_current_queue - current_queue,0.08026802143450726
1.0,0.02,4.0,13,queue_price_history - price_history_current_queue,0.01015542982148204
1.0,0.02,4.0,13,marked_history - queue_price_history,0.0033261041766380704
1.0,0.02,16.0,13,price_history_current_queue - current_queue,0.077902588689683
1.0,0.02,16.0,13,queue_price_history - price_history_current_queue,0.011731257696809667
1.0,0.02,16.0,13,marked_history - queue_price_history,0.0037197787915792414
1.0,0.02,1.0,14,price_history_current_queue - current_queue,0.027206920206578496
1.0,0.02,1.0,14,queue_price_history - price_history_current_queue,0.0013196909011140919
1.0,0.02,1.0,14,marked_history - queue_price_history,-0.004834632633963789
1.0,0.02,4.0,14,price_history_current_queue - current_queue,0.08872515066071454
1.0,0.02,4.0,14,queue_price_history - price_history_current_queue,0.006452268542882438
1.0,0.02,4.0,14,marked_history - queue_price_history,-0.007236609341287458
1.0,0.02,16.0,14,price_history_current_queue - current_queue,0.08650450679306709
1.0,0.02,16.0,14,queue_price_history - price_history_current_queue,0.007208424467398282
1.0,0.02,16.0,14,marked_history - queue_price_history,-0.0061203394707421985
1.0,0.02,1.0,15,price_history_current_queue - current_queue,0.02902510763335536
1.0,0.02,1.0,15,queue_price_history - price_history_current_queue,0.0031254049077198824
1.0,0.02,1.0,15,marked_history - queue_price_history,-0.0006727045726555945
1.0,0.02,4.0,15,price_history_current_queue - current_queue,0.0945955796321992
1.0,0.02,4.0,15,queue_price_history - price_history_current_queue,0.01372742282378896
1.0,0.02,4.0,15,marked_history - queue_price_history,0.0001365565543921908
1.0,0.02,16.0,15,price_history_current_queue - current_queue,0.09414087423890546
1.0,0.02,16.0,15,queue_price_history - price_history_current_queue,0.01473782132630093
1.0,0.02,16.0,15,marked_history - queue_price_history,0.0005430197322991348
1.0,0.2,1.0,0,price_history_current_queue - current_queue,0.0279524091781219
1.0,0.2,1.0,0,queue_price_history - price_history_current_queue,0.0078711559348338
1.0,0.2,1.0,0,marked_history - queue_price_history,-0.0021187554569911784
1.0,0.2,4.0,0,price_history_current_queue - current_queue,0.05556047260548155
1.0,0.2,4.0,0,queue_price_history - price_history_current_queue,0.023976446911407802
1.0,0.2,4.0,0,marked_history - queue_price_history,0.0001682091496851909
1.0,0.2,16.0,0,price_history_current_queue - current_queue,0.01561646319342687
1.0,0.2,16.0,0,queue_price_history - price_history_current_queue,0.007200270297668386
1.0,0.2,16.0,0,marked_history - queue_price_history,9.846073740746887e-05
1.0,0.2,1.0,1,price_history_current_queue - current_queue,0.01573071193104174
1.0,0.2,1.0,1,queue_price_history - price_history_current_queue,0.012915686665891895
1.0,0.2,1.0,1,marked_history - queue_price_history,-0.002483265371570609
1.0,0.2,4.0,1,price_history_current_queue - current_queue,0.03725221590905247
1.0,0.2,4.0,1,queue_price_history - price_history_current_queue,0.028380960930653683
1.0,0.2,4.0,1,marked_history - queue_price_history,0.0010682841913922283
1.0,0.2,16.0,1,price_history_current_queue - current_queue,0.010636347232917738
1.0,0.2,16.0,1,queue_price_history - price_history_current_queue,0.008290468383058167
1.0,0.2,16.0,1,marked_history - queue_price_history,0.00042899917198328547
1.0,0.2,1.0,2,price_history_current_queue - current_queue,0.02032704314136976
1.0,0.2,1.0,2,queue_price_history - price_history_current_queue,0.009471824979204388
1.0,0.2,1.0,2,marked_history - queue_price_history,0.006265987303732838
1.0,0.2,4.0,2,price_history_current_queue - current_queue,0.04036734344530786
1.0,0.2,4.0,2,queue_price_history - price_history_current_queue,0.01842016130188717
1.0,0.2,4.0,2,marked_history - queue_price_history,0.008698105963815777
1.0,0.2,16.0,2,price_history_current_queue - current_queue,0.011386350208616784
1.0,0.2,16.0,2,queue_price_history - price_history_current_queue,0.00528200345166217
1.0,0.2,16.0,2,marked_history - queue_price_history,0.0023577420771691677
1.0,0.2,1.0,3,price_history_current_queue - current_queue,0.01479796578048338
1.0,0.2,1.0,3,queue_price_history - price_history_current_queue,0.007916268547728212
1.0,0.2,1.0,3,marked_history - queue_price_history,0.006494806296130417
1.0,0.2,4.0,3,price_history_current_queue - current_queue,0.028339754798539202
1.0,0.2,4.0,3,queue_price_history - price_history_current_queue,0.015879622950469373
1.0,0.2,4.0,3,marked_history - queue_price_history,0.01014882003582461
1.0,0.2,16.0,3,price_history_current_queue - current_queue,0.007891579727784223
1.0,0.2,16.0,3,queue_price_history - price_history_current_queue,0.0045778467777132835
1.0,0.2,16.0,3,marked_history - queue_price_history,0.002831818614980617
1.0,0.2,1.0,4,price_history_current_queue - current_queue,0.016970518896528303
1.0,0.2,1.0,4,queue_price_history - price_history_current_queue,0.008752702658577959
1.0,0.2,1.0,4,marked_history - queue_price_history,0.004256052687685469
1.0,0.2,4.0,4,price_history_current_queue - current_queue,0.03210108117910655
1.0,0.2,4.0,4,queue_price_history - price_history_current_queue,0.02122864718028195
1.0,0.2,4.0,4,marked_history - queue_price_history,0.007609268958364833
1.0,0.2,16.0,4,price_history_current_queue - current_queue,0.00898743448258373
1.0,0.2,16.0,4,queue_price_history - price_history_current_queue,0.006186741805175039
1.0,0.2,16.0,4,marked_history - queue_price_history,0.002115617242273884
1.0,0.2,1.0,5,price_history_current_queue - current_queue,0.01676040001972585
1.0,0.2,1.0,5,queue_price_history - price_history_current_queue,0.00725451573086211
1.0,0.2,1.0,5,marked_history - queue_price_history,0.008655470222435542
1.0,0.2,4.0,5,price_history_current_queue - current_queue,0.028565702033581906
1.0,0.2,4.0,5,queue_price_history - price_history_current_queue,0.0184853233144222
1.0,0.2,4.0,5,marked_history - queue_price_history,0.01032035056469679
1.0,0.2,16.0,5,price_history_current_queue - current_queue,0.007903126723558574
1.0,0.2,16.0,5,queue_price_history - price_history_current_queue,0.0055582738665517824
1.0,0.2,16.0,5,marked_history - queue_price_history,0.002802436755958698
1.0,0.2,1.0,6,price_history_current_queue - current_queue,0.021063225508996593
1.0,0.2,1.0,6,queue_price_history - price_history_current_queue,0.01302777551790588
1.0,0.2,1.0,6,marked_history - queue_price_history,0.006749814598776556
1.0,0.2,4.0,6,price_history_current_queue - current_queue,0.04098252510666051
1.0,0.2,4.0,6,queue_price_history - price_history_current_queue,0.02555512440238536
1.0,0.2,4.0,6,marked_history - queue_price_history,0.008631093639552426
1.0,0.2,16.0,6,price_history_current_queue - current_queue,0.011512795141058659
1.0,0.2,16.0,6,queue_price_history - price_history_current_queue,0.007329212498854363
1.0,0.2,16.0,6,marked_history - queue_price_history,0.0024126243167411276
1.0,0.2,1.0,7,price_history_current_queue - current_queue,0.009302354788544832
1.0,0.2,1.0,7,queue_price_history - price_history_current_queue,0.011252467974536662
1.0,0.2,1.0,7,marked_history - queue_price_history,0.0032364679032923947
1.0,0.2,4.0,7,price_history_current_queue - current_queue,0.027117043739417934
1.0,0.2,4.0,7,queue_price_history - price_history_current_queue,0.022233460723057243
1.0,0.2,4.0,7,marked_history - queue_price_history,0.008119836353957608
1.0,0.2,16.0,7,price_history_current_queue - current_queue,0.007802486845522333
1.0,0.2,16.0,7,queue_price_history - price_history_current_queue,0.006362267740426372
1.0,0.2,16.0,7,marked_history - queue_price_history,0.0023689656360091635
1.0,0.2,1.0,8,price_history_current_queue - current_queue,0.015403867275369163
1.0,0.2,1.0,8,queue_price_history - price_history_current_queue,0.008014232844488049
1.0,0.2,1.0,8,marked_history - queue_price_history,0.0040965470163109325
1.0,0.2,4.0,8,price_history_current_queue - current_queue,0.035190096168933635
1.0,0.2,4.0,8,queue_price_history - price_history_current_queue,0.020614509366186577
1.0,0.2,4.0,8,marked_history - queue_price_history,0.008829272718424054
1.0,0.2,16.0,8,price_history_current_queue - current_queue,0.010078138654766616
1.0,0.2,16.0,8,queue_price_history - price_history_current_queue,0.006075427609734366
1.0,0.2,16.0,8,marked_history - queue_price_history,0.002549010025666991
1.0,0.2,1.0,9,price_history_current_queue - current_queue,0.019096400071529882
1.0,0.2,1.0,9,queue_price_history - price_history_current_queue,0.0133168879574844
1.0,0.2,1.0,9,marked_history - queue_price_history,0.0048868008377303965
1.0,0.2,4.0,9,price_history_current_queue - current_queue,0.03888716559862424
1.0,0.2,4.0,9,queue_price_history - price_history_current_queue,0.025242279169257822
1.0,0.2,4.0,9,marked_history - queue_price_history,0.007575945454983747
1.0,0.2,16.0,9,price_history_current_queue - current_queue,0.010941709865782318
1.0,0.2,16.0,9,queue_price_history - price_history_current_queue,0.007236992574738632
1.0,0.2,16.0,9,marked_history - queue_price_history,0.0021638336349755656
1.0,0.2,1.0,10,price_history_current_queue - current_queue,0.015962184554149286
1.0,0.2,1.0,10,queue_price_history - price_history_current_queue,0.010864390626391864
1.0,0.2,1.0,10,marked_history - queue_price_history,0.0016303884918548186
1.0,0.2,4.0,10,price_history_current_queue - current_queue,0.03330723840176262
1.0,0.2,4.0,10,queue_price_history - price_history_current_queue,0.022758091771269372
1.0,0.2,4.0,10,marked_history - queue_price_history,0.007425966836373435
1.0,0.2,16.0,10,price_history_current_queue - current_queue,0.009450832614113386
1.0,0.2,16.0,10,queue_price_history - price_history_current_queue,0.0067621199865969765
1.0,0.2,16.0,10,marked_history - queue_price_history,0.0022132498133066664
1.0,0.2,1.0,11,price_history_current_queue - current_queue,0.02229535387529939
1.0,0.2,1.0,11,queue_price_history - price_history_current_queue,0.014439048240720386
1.0,0.2,1.0,11,marked_history - queue_price_history,0.004772837254987126
1.0,0.2,4.0,11,price_history_current_queue - current_queue,0.04672863593177094
1.0,0.2,4.0,11,queue_price_history - price_history_current_queue,0.02543403009070209
1.0,0.2,4.0,11,marked_history - queue_price_history,0.008104793721231697
1.0,0.2,16.0,11,price_history_current_queue - current_queue,0.01314895242118344
1.0,0.2,16.0,11,queue_price_history - price_history_current_queue,0.007279284736137281
1.0,0.2,16.0,11,marked_history - queue_price_history,0.0022917818712211435
1.0,0.2,1.0,12,price_history_current_queue - current_queue,0.01970382490505841
1.0,0.2,1.0,12,queue_price_history - price_history_current_queue,0.009906905128888997
1.0,0.2,1.0,12,marked_history - queue_price_history,0.007599218577056836
1.0,0.2,4.0,12,price_history_current_queue - current_queue,0.041257985300013074
1.0,0.2,4.0,12,queue_price_history - price_history_current_queue,0.02267755222675148
1.0,0.2,4.0,12,marked_history - queue_price_history,0.007390741654116706
1.0,0.2,16.0,12,price_history_current_queue - current_queue,0.011724671626915125
1.0,0.2,16.0,12,queue_price_history - price_history_current_queue,0.006705559145759368
1.0,0.2,16.0,12,marked_history - queue_price_history,0.0019655860802670153
1.0,0.2,1.0,13,price_history_current_queue - current_queue,0.01367669775549246
1.0,0.2,1.0,13,queue_price_history - price_history_current_queue,0.015263493064131339
1.0,0.2,1.0,13,marked_history - queue_price_history,0.005596293523763712
1.0,0.2,4.0,13,price_history_current_queue - current_queue,0.027523310171094037
1.0,0.2,4.0,13,queue_price_history - price_history_current_queue,0.02931150529997063
1.0,0.2,4.0,13,marked_history - queue_price_history,0.012232281836435389
1.0,0.2,16.0,13,price_history_current_queue - current_queue,0.007700554687871599
1.0,0.2,16.0,13,queue_price_history - price_history_current_queue,0.008436436021154289
1.0,0.2,16.0,13,marked_history - queue_price_history,0.0035334836147824975
1.0,0.2,1.0,14,price_history_current_queue - current_queue,0.02165716402341789
1.0,0.2,1.0,14,queue_price_history - price_history_current_queue,0.010945271807997696
1.0,0.2,1.0,14,marked_history - queue_price_history,0.005663905858609694
1.0,0.2,4.0,14,price_history_current_queue - current_queue,0.04572989940937114
1.0,0.2,4.0,14,queue_price_history - price_history_current_queue,0.023887802843894485
1.0,0.2,4.0,14,marked_history - queue_price_history,0.006929096582202212
1.0,0.2,16.0,14,price_history_current_queue - current_queue,0.012889643534099158
1.0,0.2,16.0,14,queue_price_history - price_history_current_queue,0.007100574917568913
1.0,0.2,16.0,14,marked_history - queue_price_history,0.0018858601386133728
1.0,0.2,1.0,15,price_history_current_queue - current_queue,0.022617007848654634
1.0,0.2,1.0,15,queue_price_history - price_history_current_queue,0.013938031622638318
1.0,0.2,1.0,15,marked_history - queue_price_history,0.0025592157516601977
1.0,0.2,4.0,15,price_history_current_queue - current_queue,0.044070283502170716
1.0,0.2,4.0,15,queue_price_history - price_history_current_queue,0.024581617560331427
1.0,0.2,4.0,15,marked_history - queue_price_history,0.0036277475792622993
1.0,0.2,16.0,15,price_history_current_queue - current_queue,0.012360551444760988
1.0,0.2,16.0,15,queue_price_history - price_history_current_queue,0.006997990785525272
1.0,0.2,16.0,15,marked_history - queue_price_history,0.000986888421558425
1.0,2.0,1.0,0,price_history_current_queue - current_queue,0.0015994316617161492
1.0,2.0,1.0,0,queue_price_history - price_history_current_queue,0.0077447774892469975
1.0,2.0,1.0,0,marked_history - queue_price_history,0.0011520264926845182
1.0,2.0,4.0,0,price_history_current_queue - current_queue,0.0008111692142735363
1.0,2.0,4.0,0,queue_price_history - price_history_current_queue,0.003355241860264921
1.0,2.0,4.0,0,marked_history - queue_price_history,0.0005455745196473929
1.0,2.0,16.0,0,price_history_current_queue - current_queue,0.0001956632948181364
1.0,2.0,16.0,0,queue_price_history - price_history_current_queue,0.000809145017814688
1.0,2.0,16.0,0,marked_history - queue_price_history,0.00013167677307010216
1.0,2.0,1.0,1,price_history_current_queue - current_queue,0.0012784983557408186
1.0,2.0,1.0,1,queue_price_history - price_history_current_queue,0.007187022311531124
1.0,2.0,1.0,1,marked_history - queue_price_history,0.0004044553889849368
1.0,2.0,4.0,1,price_history_current_queue - current_queue,0.0006759227381629813
1.0,2.0,4.0,1,queue_price_history - price_history_current_queue,0.0034052412146349433
1.0,2.0,4.0,1,marked_history - queue_price_history,0.00024516238379065095
1.0,2.0,16.0,1,price_history_current_queue - current_queue,0.00016322810711247461
1.0,2.0,16.0,1,queue_price_history - price_history_current_queue,0.0008219525898033754
1.0,2.0,16.0,1,marked_history - queue_price_history,5.921875774338008e-05
1.0,2.0,1.0,2,price_history_current_queue - current_queue,0.0018895608264704884
1.0,2.0,1.0,2,queue_price_history - price_history_current_queue,0.00476138582148609
1.0,2.0,1.0,2,marked_history - queue_price_history,0.003297693542642413
1.0,2.0,4.0,2,price_history_current_queue - current_queue,0.001050955081960325
1.0,2.0,4.0,2,queue_price_history - price_history_current_queue,0.0020767492316407917
1.0,2.0,4.0,2,marked_history - queue_price_history,0.001185939702840555
1.0,2.0,16.0,2,price_history_current_queue - current_queue,0.0002538496845988624
1.0,2.0,16.0,2,queue_price_history - price_history_current_queue,0.0005009904375563885
1.0,2.0,16.0,2,marked_history - queue_price_history,0.000285161131484277
1.0,2.0,1.0,3,price_history_current_queue - current_queue,0.0008157770765824004
1.0,2.0,1.0,3,queue_price_history - price_history_current_queue,0.005961530139434218
1.0,2.0,1.0,3,marked_history - queue_price_history,-0.0005270820501567474
1.0,2.0,4.0,3,price_history_current_queue - current_queue,0.00032334271220915147
1.0,2.0,4.0,3,queue_price_history - price_history_current_queue,0.002816134303863747
1.0,2.0,4.0,3,marked_history - queue_price_history,-0.0002591729729031227
1.0,2.0,16.0,3,price_history_current_queue - current_queue,7.781228235367818e-05
1.0,2.0,16.0,3,queue_price_history - price_history_current_queue,0.0006797370217443928
1.0,2.0,16.0,3,marked_history - queue_price_history,-6.258478741495984e-05
1.0,2.0,1.0,4,price_history_current_queue - current_queue,0.001586508497290161
1.0,2.0,1.0,4,queue_price_history - price_history_current_queue,0.0069584594464161915
1.0,2.0,1.0,4,marked_history - queue_price_history,0.0013209767310548655
1.0,2.0,4.0,4,price_history_current_queue - current_queue,0.0006329559950550166
1.0,2.0,4.0,4,queue_price_history - price_history_current_queue,0.0032098164206021927
1.0,2.0,4.0,4,marked_history - queue_price_history,0.0006602606814623249
1.0,2.0,16.0,4,price_history_current_queue - current_queue,0.0001523864572313347
1.0,2.0,16.0,4,queue_price_history - price_history_current_queue,0.000774689222202482
1.0,2.0,16.0,4,marked_history - queue_price_history,0.00015945144761639636
1.0,2.0,1.0,5,price_history_current_queue - current_queue,0.001589406947920195
1.0,2.0,1.0,5,queue_price_history - price_history_current_queue,0.007745648959640624
1.0,2.0,1.0,5,marked_history - queue_price_history,0.004406521195114556
1.0,2.0,4.0,5,price_history_current_queue - current_queue,0.0007097299840934769
1.0,2.0,4.0,5,queue_price_history - price_history_current_queue,0.003538542494243829
1.0,2.0,4.0,5,marked_history - queue_price_history,0.0017951520700222733
1.0,2.0,16.0,5,price_history_current_queue - current_queue,0.00017100883226749204
1.0,2.0,16.0,5,queue_price_history - price_history_current_queue,0.0008541446398374909
1.0,2.0,16.0,5,marked_history - queue_price_history,0.0004325150804695374
1.0,2.0,1.0,6,price_history_current_queue - current_queue,0.0008712304178652771
1.0,2.0,1.0,6,queue_price_history - price_history_current_queue,0.006469036541882191
1.0,2.0,1.0,6,marked_history - queue_price_history,0.004207854033827082
1.0,2.0,4.0,6,price_history_current_queue - current_queue,0.0005166005768975028
1.0,2.0,4.0,6,queue_price_history - price_history_current_queue,0.003380486544328672
1.0,2.0,4.0,6,marked_history - queue_price_history,0.0014833615375634292
1.0,2.0,16.0,6,price_history_current_queue - current_queue,0.00012488054003979387
1.0,2.0,16.0,6,queue_price_history - price_history_current_queue,0.0008166764483027282
1.0,2.0,16.0,6,marked_history - queue_price_history,0.00035673778383471755
1.0,2.0,1.0,7,price_history_current_queue - current_queue,0.0010093528263241472
1.0,2.0,1.0,7,queue_price_history - price_history_current_queue,0.008304690052327516
1.0,2.0,1.0,7,marked_history - queue_price_history,0.002565711966153639
1.0,2.0,4.0,7,price_history_current_queue - current_queue,0.0007016589476153294
1.0,2.0,4.0,7,queue_price_history - price_history_current_queue,0.0035742776306636006
1.0,2.0,4.0,7,marked_history - queue_price_history,0.001004465870285305
1.0,2.0,16.0,7,price_history_current_queue - current_queue,0.00016977978706093618
1.0,2.0,16.0,7,queue_price_history - price_history_current_queue,0.0008615984397816985
1.0,2.0,16.0,7,marked_history - queue_price_history,0.0002419787203240198
1.0,2.0,1.0,8,price_history_current_queue - current_queue,0.0008359000642660786
1.0,2.0,1.0,8,queue_price_history - price_history_current_queue,0.006069591143478436
1.0,2.0,1.0,8,marked_history - queue_price_history,0.0015680907329259734
1.0,2.0,4.0,8,price_history_current_queue - current_queue,0.0006203731319486626
1.0,2.0,4.0,8,queue_price_history - price_history_current_queue,0.002759717502864569
1.0,2.0,4.0,8,marked_history - queue_price_history,0.0007470144232934603
1.0,2.0,16.0,8,price_history_current_queue - current_queue,0.00015022842906965497
1.0,2.0,16.0,8,queue_price_history - price_history_current_queue,0.0006657291174460666
1.0,2.0,16.0,8,marked_history - queue_price_history,0.0001801535077309754
1.0,2.0,1.0,9,price_history_current_queue - current_queue,0.0008627110812986955
1.0,2.0,1.0,9,queue_price_history - price_history_current_queue,0.005773120798580596
1.0,2.0,1.0,9,marked_history - queue_price_history,0.003348907653160985
1.0,2.0,4.0,9,price_history_current_queue - current_queue,0.0005076789984626568
1.0,2.0,4.0,9,queue_price_history - price_history_current_queue,0.0027822213163585024
1.0,2.0,4.0,9,marked_history - queue_price_history,0.0012056859175784685
1.0,2.0,16.0,9,price_history_current_queue - current_queue,0.00012270302014233265
1.0,2.0,16.0,9,queue_price_history - price_history_current_queue,0.0006718721764493268
1.0,2.0,16.0,9,marked_history - queue_price_history,0.0002899974143895938
1.0,2.0,1.0,10,price_history_current_queue - current_queue,0.0008877625136496588
1.0,2.0,1.0,10,queue_price_history - price_history_current_queue,0.004420438403813891
1.0,2.0,1.0,10,marked_history - queue_price_history,0.002525915027605419
1.0,2.0,4.0,10,price_history_current_queue - current_queue,0.0004132362566934163
1.0,2.0,4.0,10,queue_price_history - price_history_current_queue,0.002370763254414343
1.0,2.0,4.0,10,marked_history - queue_price_history,0.0009247935012900541
1.0,2.0,16.0,10,price_history_current_queue - current_queue,9.958753530901286e-05
1.0,2.0,16.0,10,queue_price_history - price_history_current_queue,0.0005728447119279524
1.0,2.0,16.0,10,marked_history - queue_price_history,0.00022256704109790658
1.0,2.0,1.0,11,price_history_current_queue - current_queue,0.0012505857001122638
1.0,2.0,1.0,11,queue_price_history - price_history_current_queue,0.007936919756495332
1.0,2.0,1.0,11,marked_history - queue_price_history,0.0005387936083973959
1.0,2.0,4.0,11,price_history_current_queue - current_queue,0.0007194599996415025
1.0,2.0,4.0,11,queue_price_history - price_history_current_queue,0.0034266249498857188
1.0,2.0,4.0,11,marked_history - queue_price_history,0.0004254048310687957
1.0,2.0,16.0,11,price_history_current_queue - current_queue,0.00017378637986916167
1.0,2.0,16.0,11,queue_price_history - price_history_current_queue,0.0008263460915113683
1.0,2.0,16.0,11,marked_history - queue_price_history,0.00010317050140187209
1.0,2.0,1.0,12,price_history_current_queue - current_queue,0.0016024830577816107
1.0,2.0,1.0,12,queue_price_history - price_history_current_queue,0.006065423659302291
1.0,2.0,1.0,12,marked_history - queue_price_history,0.0008567180043731295
1.0,2.0,4.0,12,price_history_current_queue - current_queue,0.0007513682396069787
1.0,2.0,4.0,12,queue_price_history - price_history_current_queue,0.002459943986394707
1.0,2.0,4.0,12,marked_history - queue_price_history,0.00047241699907363694
1.0,2.0,16.0,12,price_history_current_queue - current_queue,0.00018120271018350626
1.0,2.0,16.0,12,queue_price_history - price_history_current_queue,0.0005928736434131713
1.0,2.0,16.0,12,marked_history - queue_price_history,0.00011415554109451152
1.0,2.0,1.0,13,price_history_current_queue - current_queue,0.0011890006762411826
1.0,2.0,1.0,13,queue_price_history - price_history_current_queue,0.006907475793404471
1.0,2.0,1.0,13,marked_history - queue_price_history,0.0015260538637290179
1.0,2.0,4.0,13,price_history_current_queue - current_queue,0.0007312840725143801
1.0,2.0,4.0,13,queue_price_history - price_history_current_queue,0.003060319904644032
1.0,2.0,4.0,13,marked_history - queue_price_history,0.0006653979262997299
1.0,2.0,16.0,13,price_history_current_queue - current_queue,0.00017675911003229859
1.0,2.0,16.0,13,queue_price_history - price_history_current_queue,0.0007383184635429798
1.0,2.0,16.0,13,marked_history - queue_price_history,0.00016047534301264908
1.0,2.0,1.0,14,price_history_current_queue - current_queue,0.0011488089518782666
1.0,2.0,1.0,14,queue_price_history - price_history_current_queue,0.005250462249957294
1.0,2.0,1.0,14,marked_history - queue_price_history,0.003678200461255279
1.0,2.0,4.0,14,price_history_current_queue - current_queue,0.0005997572241498239
1.0,2.0,4.0,14,queue_price_history - price_history_current_queue,0.002743055267175844
1.0,2.0,4.0,14,marked_history - queue_price_history,0.0013027279860857441
1.0,2.0,16.0,14,price_history_current_queue - current_queue,0.00014476733582027365
1.0,2.0,16.0,14,queue_price_history - price_history_current_queue,0.0006627398415941179
1.0,2.0,16.0,14,marked_history - queue_price_history,0.0003133568987476211
1.0,2.0,1.0,15,price_history_current_queue - current_queue,0.0010803499109605414
1.0,2.0,1.0,15,queue_price_history - price_history_current_queue,0.009634705094346822
1.0,2.0,1.0,15,marked_history - queue_price_history,0.0018838224325150002
1.0,2.0,4.0,15,price_history_current_queue - current_queue,0.0006229867753589789
1.0,2.0,4.0,15,queue_price_history - price_history_current_queue,0.004168536428548206
1.0,2.0,4.0,15,marked_history - queue_price_history,0.0008455643960122368
1.0,2.0,16.0,15,price_history_current_queue - current_queue,0.00015054256198151412
1.0,2.0,16.0,15,queue_price_history - price_history_current_queue,0.0010051063673839594
1.0,2.0,16.0,15,marked_history - queue_price_history,0.00020394870279955536
