beta,kappa,horizon,replica,arm,oracle_gap,conditional_r2,hidden_recovery,direct_risk_r2,projection_identity_residual,realized_r2,risk_identity_residual
0.0,0.02,1.0,0,current_queue,5.551115123125783e-17,0.18368242717095268,,0.18368242717095273,5.551115123125783e-17,0.3235922355697437,-1.2090118698892601e-33
0.0,0.02,1.0,0,price_history_current_queue,5.551115123125783e-17,0.18368242717095268,,0.18368242717095273,5.551115123125783e-17,0.3235922355697437,-1.588279968058152e-33
0.0,0.02,1.0,0,queue_price_history,5.551115123125783e-17,0.18368242717095268,,0.18368242717095273,5.551115123125783e-17,0.3235922355697437,-1.6447424247188397e-33
0.0,0.02,1.0,0,marked_history,5.551115123125783e-17,0.18368242717095268,,0.18368242717095273,5.551115123125783e-17,0.3235922355697437,-2.4189974029806846e-33
0.0,0.02,1.0,0,price_only,0.18368242717095273,2.2845689858270417e-31,,0.011604210071228444,0.011604210071228444,0.17619525495068866,-0.02468123648066925
0.0,0.02,4.0,0,current_queue,-2.7755575615628914e-17,0.10446344065705102,,0.10446344065705099,-2.7755575615628914e-17,0.17342308517190985,-7.003321051156924e-34
0.0,0.02,4.0,0,price_history_current_queue,-2.7755575615628914e-17,0.10446344065705102,,0.10446344065705099,-2.7755575615628914e-17,0.17342308517190985,-8.38854715868162e-34
0.0,0.02,4.0,0,queue_price_history,-2.7755575615628914e-17,0.10446344065705102,,0.10446344065705099,-2.7755575615628914e-17,0.17342308517190985,-7.469896449521227e-34
0.0,0.02,4.0,0,marked_history,-2.7755575615628914e-17,0.10446344065705102,,0.10446344065705099,-2.7755575615628914e-17,0.17342308517190985,-1.0265606881624925e-33
0.0,0.02,4.0,0,price_only,0.10446344065705099,3.035580023188067e-31,,0.003386041636208495,0.003386041636208495,0.08293434041680359,-0.010588654265736228
0.0,0.02,16.0,0,current_queue,3.469446951953614e-18,0.02852351341957533,,0.028523513419575333,3.469446951953614e-18,0.004522817890210251,-1.5342510531430904e-34
0.0,0.02,16.0,0,price_history_current_queue,3.469446951953614e-18,0.02852351341957533,,0.028523513419575333,3.469446951953614e-18,0.004522817890210251,-2.3884699215769816e-34
0.0,0.02,16.0,0,queue_price_history,3.469446951953614e-18,0.02852351341957533,,0.028523513419575333,3.469446951953614e-18,0.004522817890210251,-2.52540220014455e-34
0.0,0.02,16.0,0,marked_history,3.469446951953614e-18,0.02852351341957533,,0.028523513419575333,3.469446951953614e-18,0.004522817890210251,-3.2864229250956472e-34
0.0,0.02,16.0,0,price_only,0.028523513419575333,8.146862523773061e-32,,0.00081229086421113,0.00081229086421113,-0.004497766958710958,-0.018690637706442994
0.0,0.02,1.0,1,current_queue,5.551115123125783e-17,0.18368242717095268,,0.18368242717095273,5.551115123125783e-17,0.30034094912535814,-9.077519126406885e-34
0.0,0.02,1.0,1,price_history_current_queue,5.551115123125783e-17,0.18368242717095268,,0.18368242717095273,5.551115123125783e-17,0.300340949125358,1.1102230246251565e-16
0.0,0.02,1.0,1,queue_price_history,5.551115123125783e-17,0.18368242717095268,,0.18368242717095273,5.551115123125783e-17,0.30034094912535814,-1.6014349325421412e-33
0.0,0.02,1.0,1,marked_history,5.551115123125783e-17,0.18368242717095268,,0.18368242717095273,5.551115123125783e-17,0.300340949125358,1.1102230246251565e-16
0.0,0.02,1.0,1,price_only,0.18368242717095273,2.2831037585885156e-31,,0.028016133752256533,0.028016133752256533,0.191738740706336,-0.04706408499967407
0.0,0.02,4.0,1,current_queue,-2.7755575615628914e-17,0.10446344065705102,,0.10446344065705099,-2.7755575615628914e-17,0.25192109801576057,-5.7523380922855166e-34
0.0,0.02,4.0,1,price_history_current_queue,-2.7755575615628914e-17,0.10446344065705102,,0.10446344065705099,-2.7755575615628914e-17,0.25192109801576057,-8.274067031064013e-34
0.0,0.02,4.0,1,queue_price_history,-2.7755575615628914e-17,0.10446344065705102,,0.10446344065705099,-2.7755575615628914e-17,0.25192109801576057,-6.64853705295319e-34
0.0,0.02,4.0,1,marked_history,-2.7755575615628914e-17,0.10446344065705102,,0.10446344065705099,-2.7755575615628914e-17,0.25192109801576057,-1.019591331480269e-33
0.0,0.02,4.0,1,price_only,0.10446344065705099,2.9972487892373476e-31,,0.010117411619601183,0.010117411619601183,0.19173874070633534,-0.03416367172802458
0.0,0.02,16.0,1,current_queue,3.469446951953614e-18,0.02852351341957533,,0.028523513419575333,3.469446951953614e-18,0.4046941341138247,-1.3359948242249188e-34
0.0,0.02,16.0,1,price_history_current_queue,3.469446951953614e-18,0.02852351341957533,,0.028523513419575333,3.469446951953614e-18,0.4046941341138247,-2.112334190074694e-34
0.0,0.02,16.0,1,queue_price_history,3.469446951953614e-18,0.02852351341957533,,0.028523513419575333,3.469446951953614e-18,0.4046941341138247,-1.886530407056782e-34
0.0,0.02,16.0,1,marked_history,3.469446951953614e-18,0.02852351341957533,,0.028523513419575333,3.469446951953614e-18,0.4046941341138247,-2.8164069904635314e-34
0.0,0.02,16.0,1,price_only,0.028523513419575333,8.025114502107662e-32,,0.0026205796468611493,0.0026205796468611493,0.39477552338948074,-0.015984323048370216
0.0,0.02,1.0,2,current_queue,5.551115123125783e-17,0.18368242717095268,,0.18368242717095273,5.551115123125783e-17,0.05695321540407938,-1.0554015985771891e-33
0.0,0.02,1.0,2,price_history_current_queue,5.551115123125783e-17,0.18368242717095268,,0.18368242717095273,5.551115123125783e-17,0.05695321540407938,-1.3562025898068815e-33
0.0,0.02,1.0,2,queue_price_history,5.551115123125783e-17,0.18368242717095268,,0.18368242717095273,5.551115123125783e-17,0.05695321540407938,-1.7296790577371496e-33
0.0,0.02,1.0,2,marked_history,5.551115123125783e-17,0.18368242717095268,,0.18368242717095273,5.551115123125783e-17,0.05695321540407938,-2.0082502965224528e-33
0.0,0.02,1.0,2,price_only,0.18368242717095273,2.364471091404354e-31,,0.028448137769806314,0.028448137769806314,-0.08804400289531689,-0.01023707110175015
0.0,0.02,4.0,2,current_queue,-2.7755575615628914e-17,0.10446344065705102,,0.10446344065705099,-2.7755575615628914e-17,-0.01853645403063986,-5.640891788761568e-34
0.0,0.02,4.0,2,price_history_current_queue,-2.7755575615628914e-17,0.10446344065705102,,0.10446344065705099,-2.7755575615628914e-17,-0.01853645403063986,-5.58417773657944e-34
0.0,0.02,4.0,2,queue_price_history,-2.7755575615628914e-17,0.10446344065705102,,0.10446344065705099,-2.7755575615628914e-17,-0.01853645403063986,-5.478467420759559e-34
0.0,0.02,4.0,2,marked_history,-2.7755575615628914e-17,0.10446344065705102,,0.10446344065705099,-2.7755575615628914e-17,-0.01853645403063986,-8.067668541206275e-34
0.0,0.02,4.0,2,price_only,0.10446344065705099,3.1337550191149935e-31,,0.01198794951897493,0.01198794951897493,-0.12690271728443636,0.015890772115720445
0.0,0.02,16.0,2,current_queue,3.469446951953614e-18,0.02852351341957533,,0.028523513419575333,3.469446951953614e-18,0.0299499013807899,-1.2007611215027337e-34
0.0,0.02,16.0,2,price_history_current_queue,3.469446951953614e-18,0.02852351341957533,,0.028523513419575333,3.469446951953614e-18,0.0299499013807899,-2.1736702228538596e-34
0.0,0.02,16.0,2,queue_price_history,3.469446951953614e-18,0.02852351341957533,,0.028523513419575333,3.469446951953614e-18,0.0299499013807899,-2.3060419900088446e-34
0.0,0.02,16.0,2,marked_history,3.469446951953614e-18,0.02852351341957533,,0.028523513419575333,3.469446951953614e-18,0.0299499013807899,-2.3383163784671273e-34
0.0,0.02,16.0,2,price_only,0.028523513419575333,8.431167685835994e-32,,0.003136486120635551,0.003136486120635551,0.0042454437788406185,0.0003174303030094999
0.0,0.02,1.0,3,current_queue,5.551115123125783e-17,0.18368242717095268,,0.18368242717095273,5.551115123125783e-17,0.2262475367481358,1.1102230246251565e-16
0.0,0.02,1.0,3,price_history_current_queue,5.551115123125783e-17,0.18368242717095268,,0.18368242717095273,5.551115123125783e-17,0.2262475367481358,1.1102230246251565e-16
0.0,0.02,1.0,3,queue_price_history,5.551115123125783e-17,0.18368242717095268,,0.18368242717095273,5.551115123125783e-17,0.22624753674813602,-1.1102230246251565e-16
0.0,0.02,1.0,3,marked_history,5.551115123125783e-17,0.18368242717095268,,0.18368242717095273,5.551115123125783e-17,0.2262475367481358,1.1102230246251565e-16
0.0,0.02,1.0,3,price_only,0.18368242717095273,2.6934370566230833e-31,,-0.053177418237115026,-0.053177418237115026,-0.010326574117079934,-0.000285734542851912
0.0,0.02,4.0,3,current_queue,-2.7755575615628914e-17,0.10446344065705102,,0.10446344065705099,-2.7755575615628914e-17,0.03586611301510656,-1.0856595158101972e-33
0.0,0.02,4.0,3,price_history_current_queue,-2.7755575615628914e-17,0.10446344065705102,,0.10446344065705099,-2.7755575615628914e-17,0.03586611301510656,-7.390138739778314e-34
0.0,0.02,4.0,3,queue_price_history,-2.7755575615628914e-17,0.10446344065705102,,0.10446344065705099,-2.7755575615628914e-17,0.03586611301510656,-7.414578403502158e-34
0.0,0.02,4.0,3,marked_history,-2.7755575615628914e-17,0.10446344065705102,,0.10446344065705099,-2.7755575615628914e-17,0.03586611301510656,-9.405767847950116e-34
0.0,0.02,4.0,3,price_only,0.10446344065705099,3.439422553070508e-31,,-0.017054330887804572,-0.017054330887804572,-0.08804400289531777,0.0023923443655687743
0.0,0.02,16.0,3,current_queue,3.469446951953614e-18,0.02852351341957533,,0.028523513419575333,3.469446951953614e-18,-0.09872728725349567,-2.646235278021853e-34
0.0,0.02,16.0,3,price_history_current_queue,3.469446951953614e-18,0.02852351341957533,,0.028523513419575333,3.469446951953614e-18,-0.09872728725349567,-3.1228671887318516e-34
0.0,0.02,16.0,3,queue_price_history,3.469446951953614e-18,0.02852351341957533,,0.028523513419575333,3.469446951953614e-18,-0.09872728725349567,-2.500298912819184e-34
0.0,0.02,16.0,3,marked_history,3.469446951953614e-18,0.02852351341957533,,0.028523513419575333,3.469446951953614e-18,-0.09872728725349567,-3.6776124744060993e-34
0.0,0.02,16.0,3,price_only,0.028523513419575333,9.27359450275834e-32,,-0.004233842377770039,-0.004233842377770039,-0.13953179946089755,0.008047156410056516
0.0,0.02,1.0,4,current_queue,5.551115123125783e-17,0.18368242717095268,,0.18368242717095273,5.551115123125783e-17,0.3067795974218349,1.1102230246251565e-16
0.0,0.02,1.0,4,price_history_current_queue,5.551115123125783e-17,0.18368242717095268,,0.18368242717095273,5.551115123125783e-17,0.306779597421835,-1.3419714825092204e-33
0.0,0.02,1.0,4,queue_price_history,5.551115123125783e-17,0.18368242717095268,,0.18368242717095273,5.551115123125783e-17,0.306779597421835,-1.6120297666577014e-33
0.0,0.02,1.0,4,marked_history,5.551115123125783e-17,0.18368242717095268,,0.18368242717095273,5.551115123125783e-17,0.306779597421835,-2.5025573221071616e-33
0.0,0.02,1.0,4,price_only,0.18368242717095273,2.2652969118405185e-31,,0.003054852414385384,0.003054852414385384,0.09847782617245182,0.027674196492815856
0.0,0.02,4.0,4,current_queue,-2.7755575615628914e-17,0.10446344065705102,,0.10446344065705099,-2.7755575615628914e-17,0.22116530724914518,-6.982577285509619e-34
0.0,0.02,4.0,4,price_history_current_queue,-2.7755575615628914e-17,0.10446344065705102,,0.10446344065705099,-2.7755575615628914e-17,0.22116530724914518,-5.231457839267654e-34
0.0,0.02,4.0,4,queue_price_history,-2.7755575615628914e-17,0.10446344065705102,,0.10446344065705099,-2.7755575615628914e-17,0.22116530724914518,-7.93420400026869e-34
0.0,0.02,4.0,4,marked_history,-2.7755575615628914e-17,0.10446344065705102,,0.10446344065705099,-2.7755575615628914e-17,0.22116530724914518,-1.1439600169884408e-33
0.0,0.02,4.0,4,price_only,0.10446344065705099,3.010040981645833e-31,,0.0030666261417463814,0.0030666261417463814,0.11402131192809839,0.005747180805742186
0.0,0.02,16.0,4,current_queue,3.469446951953614e-18,0.02852351341957533,,0.028523513419575333,3.469446951953614e-18,0.1231120151497106,-1.4620125689018886e-34
0.0,0.02,16.0,4,price_history_current_queue,3.469446951953614e-18,0.02852351341957533,,0.028523513419575333,3.469446951953614e-18,0.1231120151497106,-2.0331289211854103e-34
0.0,0.02,16.0,4,queue_price_history,3.469446951953614e-18,0.02852351341957533,,0.028523513419575333,3.469446951953614e-18,0.1231120151497106,-2.0452902849522993e-34
0.0,0.02,16.0,4,marked_history,3.469446951953614e-18,0.02852351341957533,,0.028523513419575333,3.469446951953614e-18,0.1231120151497106,-2.796488369937832e-34
0.0,0.02,16.0,4,price_only,0.028523513419575333,8.087064872149343e-32,,0.0008770451322944531,0.0008770451322944531,0.10236369761136466,-0.006898150748934941
0.0,0.02,1.0,5,current_queue,5.551115123125783e-17,0.18368242717095268,,0.18368242717095273,5.551115123125783e-17,0.3014996662591568,-7.770611611394048e-34
0.0,0.02,1.0,5,price_history_current_queue,5.551115123125783e-17,0.18368242717095268,,0.18368242717095273,5.551115123125783e-17,0.3014996662591568,-1.3250126368836017e-33
0.0,0.02,1.0,5,queue_price_history,5.551115123125783e-17,0.18368242717095268,,0.18368242717095273,5.551115123125783e-17,0.3014996662591568,-1.6765664925812008e-33
0.0,0.02,1.0,5,marked_history,5.551115123125783e-17,0.18368242717095268,,0.18368242717095273,5.551115123125783e-17,0.3014996662591568,-2.3474001809437104e-33
0.0,0.02,1.0,5,price_only,0.18368242717095273,2.4983812913149393e-31,,-0.0007094163907198636,-0.0007094163907198636,0.14510828343939397,-0.02800046074190976
0.0,0.02,4.0,5,current_queue,-2.7755575615628914e-17,0.10446344065705102,,0.10446344065705099,-2.7755575615628914e-17,0.08350309838085379,-7.364334808176552e-34
0.0,0.02,4.0,5,price_history_current_queue,-2.7755575615628914e-17,0.10446344065705102,,0.10446344065705099,-2.7755575615628914e-17,0.08350309838085379,-6.491990830282392e-34
0.0,0.02,4.0,5,queue_price_history,-2.7755575615628914e-17,0.10446344065705102,,0.10446344065705099,-2.7755575615628914e-17,0.08350309838085379,-6.412006476277082e-34
0.0,0.02,4.0,5,marked_history,-2.7755575615628914e-17,0.10446344065705102,,0.10446344065705099,-2.7755575615628914e-17,0.08350309838085379,-8.257259555522372e-34
0.0,0.02,4.0,5,price_only,0.10446344065705099,3.2837866552526357e-31,,0.0033011249374507168,0.0033011249374507168,-0.04918528850619919,0.03152607116745271
0.0,0.02,16.0,5,current_queue,3.469446951953614e-18,0.02852351341957533,,0.028523513419575333,3.469446951953614e-18,-0.00906868410580497,-1.5222663598308147e-34
0.0,0.02,16.0,5,price_history_current_queue,3.469446951953614e-18,0.02852351341957533,,0.028523513419575333,3.469446951953614e-18,-0.00906868410580497,-2.58416390182235e-34
0.0,0.02,16.0,5,queue_price_history,3.469446951953614e-18,0.02852351341957533,,0.028523513419575333,3.469446951953614e-18,-0.00906868410580497,-2.488627034538231e-34
0.0,0.02,16.0,5,marked_history,3.469446951953614e-18,0.02852351341957533,,0.028523513419575333,3.469446951953614e-18,-0.009068684105804747,-2.220446049250313e-16
0.0,0.02,16.0,5,price_only,0.028523513419575333,8.850445578542393e-32,,0.0010212616721291395,0.0010212616721291395,-0.05015675636592509,0.01358582051267393
0.0,0.02,1.0,6,current_queue,5.551115123125783e-17,0.18368242717095268,,0.18368242717095273,5.551115123125783e-17,-0.04169433631895614,-1.4817389328454286e-33
0.0,0.02,1.0,6,price_history_current_queue,5.551115123125783e-17,0.18368242717095268,,0.18368242717095273,5.551115123125783e-17,-0.04169433631895614,-1.4966455563869196e-33
0.0,0.02,1.0,6,queue_price_history,5.551115123125783e-17,0.18368242717095268,,0.18368242717095273,5.551115123125783e-17,-0.04169433631895614,-1.7893015765529046e-33
0.0,0.02,1.0,6,marked_history,5.551115123125783e-17,0.18368242717095268,,0.18368242717095273,5.551115123125783e-17,-0.04169433631895614,-2.6720908796247314e-33
0.0,0.02,1.0,6,price_only,0.18368242717095273,2.4406767634899945e-31,,-0.0037101832542538182,-0.0037101832542538182,-0.19684840318484853,-0.03223854355931416
0.0,0.02,4.0,6,current_queue,-2.7755575615628914e-17,0.10446344065705102,,0.10446344065705099,-2.7755575615628914e-17,0.10182229773835239,-1.0185942740103248e-33
0.0,0.02,4.0,6,price_history_current_queue,-2.7755575615628914e-17,0.10446344065705102,,0.10446344065705099,-2.7755575615628914e-17,0.10182229773835239,-1.2113051152394906e-33
0.0,0.02,4.0,6,queue_price_history,-2.7755575615628914e-17,0.10446344065705102,,0.10446344065705099,-2.7755575615628914e-17,0.10182229773835239,-7.383800817545906e-34
0.0,0.02,4.0,6,marked_history,-2.7755575615628914e-17,0.10446344065705102,,0.10446344065705099,-2.7755575615628914e-17,0.10182229773835239,-1.2951717507549987e-33
0.0,0.02,4.0,6,price_only,0.10446344065705099,3.2273159017238098e-31,,-0.006302318310874869,-0.006302318310874869,0.0013310401996547983,-0.01027450142922827
0.0,0.02,16.0,6,current_queue,3.469446951953614e-18,0.02852351341957533,,0.028523513419575333,3.469446951953614e-18,0.18632501995919482,-1.8094900111299979e-34
0.0,0.02,16.0,6,price_history_current_queue,3.469446951953614e-18,0.02852351341957533,,0.028523513419575333,3.469446951953614e-18,0.18632501995919482,-2.4465583746108796e-34
0.0,0.02,16.0,6,queue_price_history,3.469446951953614e-18,0.02852351341957533,,0.028523513419575333,3.469446951953614e-18,0.18632501995919482,-2.414751730912862e-34
0.0,0.02,16.0,6,marked_history,3.469446951953614e-18,0.02852351341957533,,0.028523513419575333,3.469446951953614e-18,0.18632501995919482,-3.10327201802289e-34
0.0,0.02,16.0,6,price_only,0.028523513419575333,8.686268668996419e-32,,-0.001807470830699709,-0.001807470830699709,0.15482296203667445,0.0011710736722453235
0.0,0.02,1.0,7,current_queue,5.551115123125783e-17,0.18368242717095268,,0.18368242717095273,5.551115123125783e-17,0.19365478851248064,-1.1426768481136114e-33
0.0,0.02,1.0,7,price_history_current_queue,5.551115123125783e-17,0.18368242717095268,,0.18368242717095273,5.551115123125783e-17,0.19365478851248064,-1.421540610086877e-33
0.0,0.02,1.0,7,queue_price_history,5.551115123125783e-17,0.18368242717095268,,0.18368242717095273,5.551115123125783e-17,0.19365478851248064,-1.4185030098371097e-33
0.0,0.02,1.0,7,marked_history,5.551115123125783e-17,0.18368242717095268,,0.18368242717095273,5.551115123125783e-17,0.19365478851248064,-2.2757797596412342e-33
0.0,0.02,1.0,7,price_only,0.18368242717095273,2.4507434054976714e-31,,0.003363621867299632,0.003363621867299632,-0.07250051713966932,0.08583650034849685
0.0,0.02,4.0,7,current_queue,-2.7755575615628914e-17,0.10446344065705102,,0.10446344065705099,-2.7755575615628914e-17,0.016714671632976907,-7.797318603744206e-34
0.0,0.02,4.0,7,price_history_current_queue,-2.7755575615628914e-17,0.10446344065705102,,0.10446344065705099,-2.7755575615628914e-17,0.016714671632976907,-7.028229281678539e-34
0.0,0.02,4.0,7,queue_price_history,-2.7755575615628914e-17,0.10446344065705102,,0.10446344065705099,-2.7755575615628914e-17,0.016714671632976907,-8.603125889490677e-34
0.0,0.02,4.0,7,marked_history,-2.7755575615628914e-17,0.10446344065705102,,0.10446344065705099,-2.7755575615628914e-17,0.016714671632976907,-1.0881042871981057e-33
0.0,0.02,4.0,7,price_only,0.10446344065705099,3.2337530190323778e-31,,-0.003714470670203182,-0.003714470670203182,-0.14633207447899554,0.05486883478471828
0.0,0.02,16.0,7,current_queue,3.469446951953614e-18,0.02852351341957533,,0.028523513419575333,3.469446951953614e-18,-0.19093058171936916,-1.6972240548529036e-34
0.0,0.02,16.0,7,price_history_current_queue,3.469446951953614e-18,0.02852351341957533,,0.028523513419575333,3.469446951953614e-18,-0.19093058171936916,-2.455438311242411e-34
0.0,0.02,16.0,7,queue_price_history,3.469446951953614e-18,0.02852351341957533,,0.028523513419575333,3.469446951953614e-18,-0.19093058171936916,-2.7847306224689462e-34
0.0,0.02,16.0,7,marked_history,3.469446951953614e-18,0.02852351341957533,,0.028523513419575333,3.469446951953614e-18,-0.19093058171936916,-3.326379054855775e-34
0.0,0.02,16.0,7,price_only,0.028523513419575333,8.712995418644316e-32,,-0.0011476592822066457,-0.0011476592822066457,-0.23084977827532582,0.01024802385417468
0.0,0.02,1.0,8,current_queue,5.551115123125783e-17,0.18368242717095268,,0.18368242717095273,5.551115123125783e-17,0.15373991322606118,-1.3026166394161912e-33
0.0,0.02,1.0,8,price_history_current_queue,5.551115123125783e-17,0.18368242717095268,,0.18368242717095273,5.551115123125783e-17,0.15373991322606118,-1.749047038349629e-33
0.0,0.02,1.0,8,queue_price_history,5.551115123125783e-17,0.18368242717095268,,0.18368242717095273,5.551115123125783e-17,0.15373991322606106,1.1102230246251565e-16
0.0,0.02,1.0,8,marked_history,5.551115123125783e-17,0.18368242717095268,,0.18368242717095273,5.551115123125783e-17,0.15373991322606118,-2.6419949902206638e-33
0.0,0.02,1.0,8,price_only,0.18368242717095273,2.4259879446830434e-31,,-0.015946602580730884,-0.015946602580730884,-0.08804400289531689,0.042154886369694444
0.0,0.02,4.0,8,current_queue,-2.7755575615628914e-17,0.10446344065705102,,0.10446344065705099,-2.7755575615628914e-17,-0.13588049021943172,-8.200780234065229e-34
0.0,0.02,4.0,8,price_history_current_queue,-2.7755575615628914e-17,0.10446344065705102,,0.10446344065705099,-2.7755575615628914e-17,-0.1358804902194315,-2.220446049250313e-16
0.0,0.02,4.0,8,queue_price_history,-2.7755575615628914e-17,0.10446344065705102,,0.10446344065705099,-2.7755575615628914e-17,-0.13588049021943172,-6.808070210376295e-34
0.0,0.02,4.0,8,marked_history,-2.7755575615628914e-17,0.10446344065705102,,0.10446344065705099,-2.7755575615628914e-17,-0.13588049021943172,-7.6420591179287286e-34
0.0,0.02,4.0,8,price_only,0.10446344065705099,3.2124398975627784e-31,,-0.0032034638175059277,-0.0032034638175059277,-0.25125060332961535,0.007703208635626721
0.0,0.02,16.0,8,current_queue,3.469446951953614e-18,0.02852351341957533,,0.028523513419575333,3.469446951953614e-18,-0.1725853841647762,-1.9262995084993835e-34
0.0,0.02,16.0,8,price_history_current_queue,3.469446951953614e-18,0.02852351341957533,,0.028523513419575333,3.469446951953614e-18,-0.1725853841647762,-2.8050749768471855e-34
0.0,0.02,16.0,8,queue_price_history,3.469446951953614e-18,0.02852351341957533,,0.028523513419575333,3.469446951953614e-18,-0.1725853841647762,-2.0212516948331714e-34
0.0,0.02,16.0,8,marked_history,3.469446951953614e-18,0.02852351341957533,,0.028523513419575333,3.469446951953614e-18,-0.1725853841647762,-2.7818046750240034e-34
0.0,0.02,16.0,8,price_only,0.028523513419575333,8.647916078795902e-32,,-0.0006535674153603406,-0.0006535674153603406,-0.19490546746539117,-0.006856997534320706
0.0,0.02,1.0,9,current_queue,5.551115123125783e-17,0.18368242717095268,,0.18368242717095273,5.551115123125783e-17,0.1914925541925928,-9.663198091235184e-34
0.0,0.02,1.0,9,price_history_current_queue,5.551115123125783e-17,0.18368242717095268,,0.18368242717095273,5.551115123125783e-17,0.19149255419259292,-1.1102230246251565e-16
0.0,0.02,1.0,9,queue_price_history,5.551115123125783e-17,0.18368242717095268,,0.18368242717095273,5.551115123125783e-17,0.1914925541925928,-1.5812141475630897e-33
0.0,0.02,1.0,9,marked_history,5.551115123125783e-17,0.18368242717095268,,0.18368242717095273,5.551115123125783e-17,0.1914925541925928,-2.13093117706449e-33
0.0,0.02,1.0,9,price_only,0.18368242717095273,2.0910435005123e-31,,0.035533645863125074,0.035533645863125074,0.06739085466115702,-0.024047081776391865
0.0,0.02,4.0,9,current_queue,-2.7755575615628914e-17,0.10446344065705102,,0.10446344065705099,-2.7755575615628914e-17,0.3244248865180328,-4.757204325627115e-34
0.0,0.02,4.0,9,price_history_current_queue,-2.7755575615628914e-17,0.10446344065705102,,0.10446344065705099,-2.7755575615628914e-17,0.3244248865180328,-6.428105545483637e-34
0.0,0.02,4.0,9,queue_price_history,-2.7755575615628914e-17,0.10446344065705102,,0.10446344065705099,-2.7755575615628914e-17,0.3244248865180328,-8.116196385279897e-34
0.0,0.02,4.0,9,marked_history,-2.7755575615628914e-17,0.10446344065705102,,0.10446344065705099,-2.7755575615628914e-17,0.3244248865180328,-1.0296354712874902e-33
0.0,0.02,4.0,9,price_only,0.10446344065705099,2.843379205449407e-31,,0.012342111369642209,0.012342111369642209,0.2189398407787183,0.013363716451905719
0.0,0.02,16.0,9,current_queue,3.469446951953614e-18,0.02852351341957533,,0.028523513419575333,3.469446951953614e-18,0.260956748593264,-1.1526722272662122e-34
0.0,0.02,16.0,9,price_history_current_queue,3.469446951953614e-18,0.02852351341957533,,0.028523513419575333,3.469446951953614e-18,0.260956748593264,-2.619636731647207e-34
0.0,0.02,16.0,9,queue_price_history,3.469446951953614e-18,0.02852351341957533,,0.028523513419575333,3.469446951953614e-18,0.260956748593264,-2.4646962798094375e-34
0.0,0.02,16.0,9,marked_history,3.469446951953614e-18,0.02852351341957533,,0.028523513419575333,3.469446951953614e-18,0.260956748593264,-2.525035353883618e-34
0.0,0.02,16.0,9,price_only,0.028523513419575333,7.626481785965964e-32,,0.003111610510727305,0.003111610510727305,0.24516947299137481,-0.009624627306958834
0.0,0.02,1.0,10,current_queue,5.551115123125783e-17,0.18368242717095268,,0.18368242717095273,5.551115123125783e-17,0.2792859313471634,-8.631929767006437e-34
0.0,0.02,1.0,10,price_history_current_queue,5.551115123125783e-17,0.18368242717095268,,0.18368242717095273,5.551115123125783e-17,0.2792859313471634,-1.6644253167235675e-33
0.0,0.02,1.0,10,queue_price_history,5.551115123125783e-17,0.18368242717095268,,0.18368242717095273,5.551115123125783e-17,0.2792859313471634,-1.7161927853530956e-33
0.0,0.02,1.0,10,marked_history,5.551115123125783e-17,0.18368242717095268,,0.18368242717095273,5.551115123125783e-17,0.2792859313471634,-2.562886809956225e-33
0.0,0.02,1.0,10,price_only,0.18368242717095273,2.153409164848059e-31,,-0.0009321202782453797,-0.0009321202782453797,0.14510828343939397,-0.05043689954142869
0.0,0.02,4.0,10,current_queue,-2.7755575615628914e-17,0.10446344065705102,,0.10446344065705099,-2.7755575615628914e-17,0.10876392029811244,-5.237514992238708e-34
0.0,0.02,4.0,10,price_history_current_queue,-2.7755575615628914e-17,0.10446344065705102,,0.10446344065705099,-2.7755575615628914e-17,0.10876392029811244,-7.143341017938309e-34
0.0,0.02,4.0,10,queue_price_history,-2.7755575615628914e-17,0.10446344065705102,,0.10446344065705099,-2.7755575615628914e-17,0.10876392029811244,-7.099256074283336e-34
0.0,0.02,4.0,10,marked_history,-2.7755575615628914e-17,0.10446344065705102,,0.10446344065705099,-2.7755575615628914e-17,0.10876392029811244,-8.985787628622007e-34
0.0,0.02,4.0,10,price_only,0.10446344065705099,2.8804440143744962e-31,,0.0008609555076210529,0.0008609555076210529,0.024646268833125817,-0.019484833684443315
0.0,0.02,16.0,10,current_queue,3.469446951953614e-18,0.02852351341957533,,0.028523513419575333,3.469446951953614e-18,0.049797962959011066,-1.4691731581271262e-34
0.0,0.02,16.0,10,price_history_current_queue,3.469446951953614e-18,0.02852351341957533,,0.028523513419575333,3.469446951953614e-18,0.049797962959010955,1.1102230246251565e-16
0.0,0.02,16.0,10,queue_price_history,3.469446951953614e-18,0.02852351341957533,,0.028523513419575333,3.469446951953614e-18,0.049797962959011066,-2.6352608454676825e-34
0.0,0.02,16.0,10,marked_history,3.469446951953614e-18,0.02852351341957533,,0.028523513419575333,3.469446951953614e-18,0.049797962959011066,-3.3607329686386424e-34
0.0,0.02,16.0,10,price_only,0.028523513419575333,7.722218350786788e-32,,0.00026521053099977723,0.00026521053099977723,0.027560672412311638,-0.006021012341876127
0.0,0.02,1.0,11,current_queue,5.551115123125783e-17,0.18368242717095268,,0.18368242717095273,5.551115123125783e-17,0.21489539895272058,-1.2652958236671848e-33
0.0,0.02,1.0,11,price_history_current_queue,5.551115123125783e-17,0.18368242717095268,,0.18368242717095273,5.551115123125783e-17,0.21489539895272058,-1.8213275901449588e-33
0.0,0.02,1.0,11,queue_price_history,5.551115123125783e-17,0.18368242717095268,,0.18368242717095273,5.551115123125783e-17,0.21489539895272058,-2.0528990680250912e-33
0.0,0.02,1.0,11,marked_history,5.551115123125783e-17,0.18368242717095268,,0.18368242717095273,5.551115123125783e-17,0.21489539895272058,-2.387965103636147e-33
0.0,0.02,1.0,11,price_only,0.18368242717095273,2.4283495917730262e-31,,0.0033619357557014284,0.0033619357557014284,0.06739085466115702,-0.03281594712368774
0.0,0.02,4.0,11,current_queue,-2.7755575615628914e-17,0.10446344065705102,,0.10446344065705099,-2.7755575615628914e-17,0.10639025026248039,-1.1102230246251565e-16
0.0,0.02,4.0,11,price_history_current_queue,-2.7755575615628914e-17,0.10446344065705102,,0.10446344065705099,-2.7755575615628914e-17,0.10639025026248039,-1.1102230246251565e-16
0.0,0.02,4.0,11,queue_price_history,-2.7755575615628914e-17,0.10446344065705102,,0.10446344065705099,-2.7755575615628914e-17,0.10639025026248039,-1.1102230246251565e-16
0.0,0.02,4.0,11,marked_history,-2.7755575615628914e-17,0.10446344065705102,,0.10446344065705099,-2.7755575615628914e-17,0.10639025026248028,-7.802345247423174e-34
0.0,0.02,4.0,11,price_only,0.10446344065705099,3.185086877229722e-31,,0.0013836460949021578,0.0013836460949021578,-0.0025548312392571493,0.005865286939588599
0.0,0.02,16.0,11,current_queue,3.469446951953614e-18,0.02852351341957533,,0.028523513419575333,3.469446951953614e-18,0.01786566030976733,-1.396918452753138e-34
0.0,0.02,16.0,11,price_history_current_queue,3.469446951953614e-18,0.02852351341957533,,0.028523513419575333,3.469446951953614e-18,0.01786566030976733,-2.0760838446578663e-34
0.0,0.02,16.0,11,queue_price_history,3.469446951953614e-18,0.02852351341957533,,0.028523513419575333,3.469446951953614e-18,0.01786566030976733,-2.315101417153263e-34
0.0,0.02,16.0,11,marked_history,3.469446951953614e-18,0.02852351341957533,,0.028523513419575333,3.469446951953614e-18,0.01786566030976733,-2.6771358615983454e-34
0.0,0.02,16.0,11,price_only,0.028523513419575333,8.586876465709895e-32,,0.0003533530175314388,0.0003533530175314388,0.006188379498296537,-0.016492879590573103
0.0,0.02,1.0,12,current_queue,5.551115123125783e-17,0.18368242717095268,,0.18368242717095273,5.551115123125783e-17,0.0660775812636798,-1.1672333110359977e-33
0.0,0.02,1.0,12,price_history_current_queue,5.551115123125783e-17,0.18368242717095268,,0.18368242717095273,5.551115123125783e-17,0.06607758126367991,-1.1102230246251565e-16
0.0,0.02,1.0,12,queue_price_history,5.551115123125783e-17,0.18368242717095268,,0.18368242717095273,5.551115123125783e-17,0.0660775812636798,-2.28218772586534e-33
0.0,0.02,1.0,12,marked_history,5.551115123125783e-17,0.18368242717095268,,0.18368242717095273,5.551115123125783e-17,0.0660775812636798,-2.937334424330463e-33
0.0,0.02,1.0,12,price_only,0.18368242717095273,2.5516504366561315e-31,,-0.031074636192112398,-0.031074636192112398,-0.18130491742920118,0.03262543532981585
0.0,0.02,4.0,12,current_queue,-2.7755575615628914e-17,0.10446344065705102,,0.10446344065705099,-2.7755575615628914e-17,0.049276439722543586,-8.118635818531177e-34
0.0,0.02,4.0,12,price_history_current_queue,-2.7755575615628914e-17,0.10446344065705102,,0.10446344065705099,-2.7755575615628914e-17,0.049276439722543586,-1.0048082954624159e-33
0.0,0.02,4.0,12,queue_price_history,-2.7755575615628914e-17,0.10446344065705102,,0.10446344065705099,-2.7755575615628914e-17,0.049276439722543586,-8.125768926125219e-34
0.0,0.02,4.0,12,marked_history,-2.7755575615628914e-17,0.10446344065705102,,0.10446344065705099,-2.7755575615628914e-17,0.049276439722543586,-1.0745022647418958e-33
0.0,0.02,4.0,12,price_only,0.10446344065705099,3.330832873240015e-31,,-0.011574313428000457,-0.011574313428000457,-0.11524510296770063,0.04848378860519277
0.0,0.02,16.0,12,current_queue,3.469446951953614e-18,0.02852351341957533,,0.028523513419575333,3.469446951953614e-18,0.010897054016275498,-1.5296287324942256e-34
0.0,0.02,16.0,12,price_history_current_queue,3.469446951953614e-18,0.02852351341957533,,0.028523513419575333,3.469446951953614e-18,0.010897054016275609,-1.1102230246251565e-16
0.0,0.02,16.0,12,queue_price_history,3.469446951953614e-18,0.02852351341957533,,0.028523513419575333,3.469446951953614e-18,0.010897054016275498,-2.344907849636059e-34
0.0,0.02,16.0,12,marked_history,3.469446951953614e-18,0.02852351341957533,,0.028523513419575333,3.469446951953614e-18,0.010897054016275498,-3.021266772979197e-34
0.0,0.02,16.0,12,price_only,0.028523513419575333,8.988063464060264e-32,,-0.0029949743482266325,-0.0029949743482266325,-0.03849914204918958,0.017877708297663115
0.0,0.02,1.0,13,current_queue,5.551115123125783e-17,0.18368242717095268,,0.18368242717095273,5.551115123125783e-17,0.2309281936504728,-1.07376625272457e-33
0.0,0.02,1.0,13,price_history_current_queue,5.551115123125783e-17,0.18368242717095268,,0.18368242717095273,5.551115123125783e-17,0.2309281936504728,-1.1125949146360656e-33
0.0,0.02,1.0,13,queue_price_history,5.551115123125783e-17,0.18368242717095268,,0.18368242717095273,5.551115123125783e-17,0.2309281936504728,-1.7701592688308078e-33
0.0,0.02,1.0,13,marked_history,5.551115123125783e-17,0.18368242717095268,,0.18368242717095273,5.551115123125783e-17,0.2309281936504728,-2.337597977936747e-33
0.0,0.02,1.0,13,price_only,0.18368242717095273,2.368070877897686e-31,,-0.0006777124718557459,-0.0006777124718557459,0.08293434041680425,-0.03636628640913994
0.0,0.02,4.0,13,current_queue,-2.7755575615628914e-17,0.10446344065705102,,0.10446344065705099,-2.7755575615628914e-17,0.10284611616073858,-5.955285722028941e-34
0.0,0.02,4.0,13,price_history_current_queue,-2.7755575615628914e-17,0.10446344065705102,,0.10446344065705099,-2.7755575615628914e-17,0.10284611616073858,-5.410830821080522e-34
0.0,0.02,4.0,13,queue_price_history,-2.7755575615628914e-17,0.10446344065705102,,0.10446344065705099,-2.7755575615628914e-17,0.10284611616073858,-6.704729764163484e-34
0.0,0.02,4.0,13,marked_history,-2.7755575615628914e-17,0.10446344065705102,,0.10446344065705099,-2.7755575615628914e-17,0.10284611616073858,-8.07802838030142e-34
0.0,0.02,4.0,13,price_only,0.10446344065705099,3.1108310113090946e-31,,0.000490191969659215,0.000490191969659215,0.05573324034442062,-0.05686037287107382
0.0,0.02,16.0,13,current_queue,3.469446951953614e-18,0.02852351341957533,,0.028523513419575333,3.469446951953614e-18,0.10843131812228968,-1.405785037032703e-34
0.0,0.02,16.0,13,price_history_current_queue,3.469446951953614e-18,0.02852351341957533,,0.028523513419575333,3.469446951953614e-18,0.10843131812228968,-2.564622680589152e-34
0.0,0.02,16.0,13,queue_price_history,3.469446951953614e-18,0.02852351341957533,,0.028523513419575333,3.469446951953614e-18,0.10843131812228957,1.1102230246251565e-16
0.0,0.02,16.0,13,marked_history,3.469446951953614e-18,0.02852351341957533,,0.028523513419575333,3.469446951953614e-18,0.10843131812228957,1.1102230246251565e-16
0.0,0.02,16.0,13,price_only,0.028523513419575333,8.365944895271695e-32,,0.00018867193902182694,0.00018867193902182694,0.11207837620864425,-0.03198189956690808
0.0,0.02,1.0,14,current_queue,5.551115123125783e-17,0.18368242717095268,,0.18368242717095273,5.551115123125783e-17,0.18717151517937014,-1.3033500422334338e-33
0.0,0.02,1.0,14,price_history_current_queue,5.551115123125783e-17,0.18368242717095268,,0.18368242717095273,5.551115123125783e-17,0.18717151517937014,-1.7281324462680615e-33
0.0,0.02,1.0,14,queue_price_history,5.551115123125783e-17,0.18368242717095268,,0.18368242717095273,5.551115123125783e-17,0.18717151517937014,-1.8665439676399683e-33
0.0,0.02,1.0,14,marked_history,5.551115123125783e-17,0.18368242717095268,,0.18368242717095273,5.551115123125783e-17,0.18717151517937014,-2.7014683647129307e-33
0.0,0.02,1.0,14,price_only,0.18368242717095273,2.4075695527713397e-31,,-0.022531342441117708,-0.022531342441117708,-0.08804400289531689,0.06900174846261659
0.0,0.02,4.0,14,current_queue,-2.7755575615628914e-17,0.10446344065705102,,0.10446344065705099,-2.7755575615628914e-17,0.07540677747327496,-9.120315101488714e-34
0.0,0.02,4.0,14,price_history_current_queue,-2.7755575615628914e-17,0.10446344065705102,,0.10446344065705099,-2.7755575615628914e-17,0.07540677747327496,-8.082974159411089e-34
0.0,0.02,4.0,14,queue_price_history,-2.7755575615628914e-17,0.10446344065705102,,0.10446344065705099,-2.7755575615628914e-17,0.07540677747327496,-8.605445056627055e-34
0.0,0.02,4.0,14,marked_history,-2.7755575615628914e-17,0.10446344065705102,,0.10446344065705099,-2.7755575615628914e-17,0.07540677747327496,-1.0477827331967712e-33
0.0,0.02,4.0,14,price_only,0.10446344065705099,3.155722796381295e-31,,-0.0060408930546383965,-0.0060408930546383965,-0.04529941706728735,0.010201860828872922
0.0,0.02,16.0,14,current_queue,3.469446951953614e-18,0.02852351341957533,,0.028523513419575333,3.469446951953614e-18,-0.13862966843831703,-1.9331405650485426e-34
0.0,0.02,16.0,14,price_history_current_queue,3.469446951953614e-18,0.02852351341957533,,0.028523513419575333,3.469446951953614e-18,-0.13862966843831703,-2.8363556971201893e-34
0.0,0.02,16.0,14,queue_price_history,3.469446951953614e-18,0.02852351341957533,,0.028523513419575333,3.469446951953614e-18,-0.13862966843831703,-2.5206279839413383e-34
0.0,0.02,16.0,14,marked_history,3.469446951953614e-18,0.02852351341957533,,0.028523513419575333,3.469446951953614e-18,-0.13862966843831703,-2.939727289138746e-34
0.0,0.02,16.0,14,price_only,0.028523513419575333,8.487351951500583e-32,,-0.0014215968376725154,-0.0014215968376725154,-0.17936198170974382,0.010787203014178941
0.0,0.02,1.0,15,current_queue,5.551115123125783e-17,0.18368242717095268,,0.18368242717095273,5.551115123125783e-17,0.1390840879068399,-1.5969386769425157e-33
0.0,0.02,1.0,15,price_history_current_queue,5.551115123125783e-17,0.18368242717095268,,0.18368242717095273,5.551115123125783e-17,0.1390840879068399,-1.665776454055354e-33
0.0,0.02,1.0,15,queue_price_history,5.551115123125783e-17,0.18368242717095268,,0.18368242717095273,5.551115123125783e-17,0.1390840879068399,-1.7447898722575194e-33
0.0,0.02,1.0,15,marked_history,5.551115123125783e-17,0.18368242717095268,,0.18368242717095273,5.551115123125783e-17,0.1390840879068399,-2.4674964545334134e-33
0.0,0.02,1.0,15,price_only,0.18368242717095273,2.400226251357457e-31,,-0.00325867899842594,-0.00325867899842594,-0.11913097440661158,0.07127395614407281
0.0,0.02,4.0,15,current_queue,-2.7755575615628914e-17,0.10446344065705102,,0.10446344065705099,-2.7755575615628914e-17,0.029411509791090418,-9.155383140372064e-34
0.0,0.02,4.0,15,price_history_current_queue,-2.7755575615628914e-17,0.10446344065705102,,0.10446344065705099,-2.7755575615628914e-17,0.029411509791090418,-8.65244058689716e-34
0.0,0.02,4.0,15,queue_price_history,-2.7755575615628914e-17,0.10446344065705102,,0.10446344065705099,-2.7755575615628914e-17,0.029411509791090418,-7.462965661543353e-34
0.0,0.02,4.0,15,marked_history,-2.7755575615628914e-17,0.10446344065705102,,0.10446344065705099,-2.7755575615628914e-17,0.029411509791090418,-9.341428618767455e-34
0.0,0.02,4.0,15,price_only,0.10446344065705099,3.155511678170884e-31,,-0.0024192460504489643,-0.0024192460504489643,-0.11524510296770063,0.037773926051291096
0.0,0.02,16.0,15,current_queue,3.469446951953614e-18,0.02852351341957533,,0.028523513419575333,3.469446951953614e-18,-0.04053994574155695,-1.7739589080074117e-34
0.0,0.02,16.0,15,price_history_current_queue,3.469446951953614e-18,0.02852351341957533,,0.028523513419575333,3.469446951953614e-18,-0.04053994574155695,-2.7239485161055545e-34
0.0,0.02,16.0,15,queue_price_history,3.469446951953614e-18,0.02852351341957533,,0.028523513419575333,3.469446951953614e-18,-0.04053994574155695,-2.502705244500226e-34
0.0,0.02,16.0,15,marked_history,3.469446951953614e-18,0.02852351341957533,,0.028523513419575333,3.469446951953614e-18,-0.04053994574155695,-3.423226932701676e-34
0.0,0.02,16.0,15,price_only,0.028523513419575333,8.489540385566784e-32,,-0.0006821167922227353,-0.0006821167922227353,-0.05598556352429296,-0.013760012429062059
0.0,0.2,1.0,0,current_queue,2.7755575615628914e-17,0.18368242717095265,,0.18368242717095268,2.7755575615628914e-17,0.046164787628255044,1.1102230246251565e-16
0.0,0.2,1.0,0,price_history_current_queue,2.7755575615628914e-17,0.18368242717095265,,0.18368242717095268,2.7755575615628914e-17,0.046164787628255155,-1.5098674211089388e-33
0.0,0.2,1.0,0,queue_price_history,2.7755575615628914e-17,0.18368242717095265,,0.18368242717095268,2.7755575615628914e-17,0.046164787628255155,-1.783138709792287e-33
0.0,0.2,1.0,0,marked_history,2.7755575615628914e-17,0.18368242717095265,,0.18368242717095268,2.7755575615628914e-17,0.046164787628255155,-2.5403823958042457e-33
0.0,0.2,1.0,0,price_only,0.18368242717095268,2.8737907501289366e-33,,-0.016661661045941967,-0.016661661045941967,-0.1657614316735545,0.011582131084915015
0.0,0.2,4.0,0,current_queue,-4.163336342344337e-17,0.10446344065705085,,0.10446344065705081,-4.163336342344337e-17,0.13300900748405764,-1.1071554766278344e-33
0.0,0.2,4.0,0,price_history_current_queue,-4.163336342344337e-17,0.10446344065705085,,0.10446344065705081,-4.163336342344337e-17,0.13300900748405764,-8.685939552736951e-34
0.0,0.2,4.0,0,queue_price_history,-4.163336342344337e-17,0.10446344065705085,,0.10446344065705081,-4.163336342344337e-17,0.13300900748405764,-1.0691746020943193e-33
0.0,0.2,4.0,0,marked_history,-4.163336342344337e-17,0.10446344065705085,,0.10446344065705081,-4.163336342344337e-17,0.13300900748405764,-1.1152006865043919e-33
0.0,0.2,4.0,0,price_only,0.10446344065705081,1.450116514438148e-32,,-0.005157110459888717,-0.005157110459888717,0.044075626027683446,-0.02068716966056533
0.0,0.2,16.0,0,current_queue,6.938893903907228e-18,0.028523513419575184,,0.02852351341957519,6.938893903907228e-18,0.10122265742990844,-3.046927465655721e-34
0.0,0.2,16.0,0,price_history_current_queue,6.938893903907228e-18,0.028523513419575184,,0.02852351341957519,6.938893903907228e-18,0.10122265742990832,1.1102230246251565e-16
0.0,0.2,16.0,0,queue_price_history,6.938893903907228e-18,0.028523513419575184,,0.02852351341957519,6.938893903907228e-18,0.10122265742990844,-3.067742107487512e-34
0.0,0.2,16.0,0,marked_history,6.938893903907228e-18,0.028523513419575184,,0.02852351341957519,6.938893903907228e-18,0.10122265742990844,-3.932368296837301e-34
0.0,0.2,16.0,0,price_only,0.02852351341957519,3.915485825384562e-33,,-0.0012538113049579969,-0.0012538113049579969,0.07321966181952333,-0.0017743291141480814
0.0,0.2,1.0,1,current_queue,2.7755575615628914e-17,0.18368242717095265,,0.18368242717095268,2.7755575615628914e-17,0.03130546548683777,-1.4479522204222248e-33
0.0,0.2,1.0,1,price_history_current_queue,2.7755575615628914e-17,0.18368242717095265,,0.18368242717095268,2.7755575615628914e-17,0.03130546548683788,-1.1102230246251565e-16
0.0,0.2,1.0,1,queue_price_history,2.7755575615628914e-17,0.18368242717095265,,0.18368242717095268,2.7755575615628914e-17,0.03130546548683777,-1.5697586200919283e-33
0.0,0.2,1.0,1,marked_history,2.7755575615628914e-17,0.18368242717095265,,0.18368242717095268,2.7755575615628914e-17,0.03130546548683777,-2.2116920772179577e-33
0.0,0.2,1.0,1,price_only,0.18368242717095268,3.556753070225351e-33,,-0.0024736870358301466,-0.0024736870358301466,-0.11913097440661224,-0.03571967431333281
0.0,0.2,4.0,1,current_queue,-4.163336342344337e-17,0.10446344065705085,,0.10446344065705081,-4.163336342344337e-17,-0.010655666235372285,-1.0625532192737028e-33
0.0,0.2,4.0,1,price_history_current_queue,-4.163336342344337e-17,0.10446344065705085,,0.10446344065705081,-4.163336342344337e-17,-0.010655666235372285,-1.2217852292869036e-33
0.0,0.2,4.0,1,queue_price_history,-4.163336342344337e-17,0.10446344065705085,,0.10446344065705081,-4.163336342344337e-17,-0.010655666235372285,-1.2634028193314794e-33
0.0,0.2,4.0,1,marked_history,-4.163336342344337e-17,0.10446344065705085,,0.10446344065705081,-4.163336342344337e-17,-0.010655666235372285,-1.5480255059527113e-33
0.0,0.2,4.0,1,price_only,0.10446344065705081,1.539372978587782e-32,,-0.004979363452594601,-0.004979363452594601,-0.13856033160117387,0.018461861256156176
0.0,0.2,16.0,1,current_queue,6.938893903907228e-18,0.028523513419575184,,0.02852351341957519,6.938893903907228e-18,-0.04055530420283038,-2.220446049250313e-16
0.0,0.2,16.0,1,price_history_current_queue,6.938893903907228e-18,0.028523513419575184,,0.02852351341957519,6.938893903907228e-18,-0.0405553042028306,-3.91638362746415e-34
0.0,0.2,16.0,1,queue_price_history,6.938893903907228e-18,0.028523513419575184,,0.02852351341957519,6.938893903907228e-18,-0.0405553042028306,-3.178516268146166e-34
0.0,0.2,16.0,1,marked_history,6.938893903907228e-18,0.028523513419575184,,0.02852351341957519,6.938893903907228e-18,-0.0405553042028306,-4.860643362249049e-34
0.0,0.2,16.0,1,price_only,0.02852351341957519,4.154847339142939e-33,,-0.001385526730025212,-0.001385526730025212,-0.06472877426184742,-0.005735570090583581
0.0,0.2,1.0,2,current_queue,2.7755575615628914e-17,0.18368242717095265,,0.18368242717095268,2.7755575615628914e-17,0.23242697771840437,-1.585505247566213e-33
0.0,0.2,1.0,2,price_history_current_queue,2.7755575615628914e-17,0.18368242717095265,,0.18368242717095268,2.7755575615628914e-17,0.23242697771840437,-1.3692109347798443e-33
0.0,0.2,1.0,2,queue_price_history,2.7755575615628914e-17,0.18368242717095265,,0.18368242717095268,2.7755575615628914e-17,0.23242697771840437,-1.5397658395346002e-33
0.0,0.2,1.0,2,marked_history,2.7755575615628914e-17,0.18368242717095265,,0.18368242717095268,2.7755575615628914e-17,0.23242697771840426,1.1102230246251565e-16
0.0,0.2,1.0,2,price_only,0.18368242717095268,3.0188382175429097e-33,,0.012379473830112814,0.012379473830112814,0.08293434041680381,-0.021810316039239303
0.0,0.2,4.0,2,current_queue,-4.163336342344337e-17,0.10446344065705085,,0.10446344065705081,-4.163336342344337e-17,0.1606149732770633,-1.1263088770386973e-33
0.0,0.2,4.0,2,price_history_current_queue,-4.163336342344337e-17,0.10446344065705085,,0.10446344065705081,-4.163336342344337e-17,0.1606149732770633,-9.35936759610856e-34
0.0,0.2,4.0,2,queue_price_history,-4.163336342344337e-17,0.10446344065705085,,0.10446344065705081,-4.163336342344337e-17,0.1606149732770633,-1.1833737377910232e-33
0.0,0.2,4.0,2,marked_history,-4.163336342344337e-17,0.10446344065705085,,0.10446344065705081,-4.163336342344337e-17,0.1606149732770633,-1.280851745830242e-33
0.0,0.2,4.0,2,price_only,0.10446344065705081,1.416641286002853e-32,,0.006650205640922169,0.006650205640922169,0.0907060832946257,-0.027904345033691033
0.0,0.2,16.0,2,current_queue,6.938893903907228e-18,0.028523513419575184,,0.02852351341957519,6.938893903907228e-18,0.07216507225901259,-2.5380292748094066e-34
0.0,0.2,16.0,2,price_history_current_queue,6.938893903907228e-18,0.028523513419575184,,0.02852351341957519,6.938893903907228e-18,0.07216507225901259,-2.954906792395558e-34
0.0,0.2,16.0,2,queue_price_history,6.938893903907228e-18,0.028523513419575184,,0.02852351341957519,6.938893903907228e-18,0.07216507225901259,-3.193924364890955e-34
0.0,0.2,16.0,2,marked_history,6.938893903907228e-18,0.028523513419575184,,0.02852351341957519,6.938893903907228e-18,0.07216507225901259,-4.153736612954665e-34
0.0,0.2,16.0,2,price_only,0.02852351341957519,3.82453497981646e-33,,0.001779102938272159,0.001779102938272159,0.05864764392360389,-0.013226982145894333
0.0,0.2,1.0,3,current_queue,2.7755575615628914e-17,0.18368242717095265,,0.18368242717095268,2.7755575615628914e-17,0.22782820054158193,-1.817348475456482e-33
0.0,0.2,1.0,3,price_history_current_queue,2.7755575615628914e-17,0.18368242717095265,,0.18368242717095268,2.7755575615628914e-17,0.22782820054158204,-1.1102230246251565e-16
0.0,0.2,1.0,3,queue_price_history,2.7755575615628914e-17,0.18368242717095265,,0.18368242717095268,2.7755575615628914e-17,0.22782820054158193,-1.6731254081510802e-33
0.0,0.2,1.0,3,marked_history,2.7755575615628914e-17,0.18368242717095265,,0.18368242717095268,2.7755575615628914e-17,0.22782820054158204,-1.1102230246251565e-16
0.0,0.2,1.0,3,price_only,0.18368242717095268,2.900989446430723e-33,,0.01002525857569217,0.01002525857569217,0.03630388314986166,0.01786714879645976
0.0,0.2,4.0,3,current_queue,-4.163336342344337e-17,0.10446344065705085,,0.10446344065705081,-4.163336342344337e-17,0.22845474202727223,-1.1438042391243263e-33
0.0,0.2,4.0,3,price_history_current_queue,-4.163336342344337e-17,0.10446344065705085,,0.10446344065705081,-4.163336342344337e-17,0.22845474202727223,-9.042370665356171e-34
0.0,0.2,4.0,3,queue_price_history,-4.163336342344337e-17,0.10446344065705085,,0.10446344065705081,-4.163336342344337e-17,0.22845474202727212,1.1102230246251565e-16
0.0,0.2,4.0,3,marked_history,-4.163336342344337e-17,0.10446344065705085,,0.10446344065705081,-4.163336342344337e-17,0.228454742027272,2.220446049250313e-16
0.0,0.2,4.0,3,price_only,0.10446344065705081,1.450096178611086e-32,,0.0021693518552471786,0.0021693518552471786,0.16842351207286277,-0.04226285884739417
0.0,0.2,16.0,3,current_queue,6.938893903907228e-18,0.028523513419575184,,0.02852351341957519,6.938893903907228e-18,0.20030681973718312,-2.8911835707616536e-34
0.0,0.2,16.0,3,price_history_current_queue,6.938893903907228e-18,0.028523513419575184,,0.02852351341957519,6.938893903907228e-18,0.20030681973718312,-3.2533349513968036e-34
0.0,0.2,16.0,3,queue_price_history,6.938893903907228e-18,0.028523513419575184,,0.02852351341957519,6.938893903907228e-18,0.20030681973718312,-2.509153037815243e-34
0.0,0.2,16.0,3,marked_history,6.938893903907228e-18,0.028523513419575184,,0.02852351341957519,6.938893903907228e-18,0.20030681973718312,-3.919403490014115e-34
0.0,0.2,16.0,3,price_only,0.02852351341957519,3.878551684540619e-33,,0.0005471613590008195,0.0005471613590008195,0.18688140140769505,-0.014550933731086301
0.0,0.2,1.0,4,current_queue,2.7755575615628914e-17,0.18368242717095265,,0.18368242717095268,2.7755575615628914e-17,0.22678168017894218,-1.1102230246251565e-16
0.0,0.2,1.0,4,price_history_current_queue,2.7755575615628914e-17,0.18368242717095265,,0.18368242717095268,2.7755575615628914e-17,0.22678168017894207,-1.2907248450429763e-33
0.0,0.2,1.0,4,queue_price_history,2.7755575615628914e-17,0.18368242717095265,,0.18368242717095268,2.7755575615628914e-17,0.22678168017894207,-1.3225170544300326e-33
0.0,0.2,1.0,4,marked_history,2.7755575615628914e-17,0.18368242717095265,,0.18368242717095268,2.7755575615628914e-17,0.22678168017894207,-1.9434250191565574e-33
0.0,0.2,1.0,4,price_only,0.18368242717095268,3.3578139129760507e-33,,0.014685352346280267,0.014685352346280267,0.12956479768374596,-0.0717801923294763
0.0,0.2,4.0,4,current_queue,-4.163336342344337e-17,0.10446344065705085,,0.10446344065705081,-4.163336342344337e-17,0.10887702616591544,-1.1725961903612298e-33
0.0,0.2,4.0,4,price_history_current_queue,-4.163336342344337e-17,0.10446344065705085,,0.10446344065705081,-4.163336342344337e-17,0.10887702616591544,-7.954185093025679e-34
0.0,0.2,4.0,4,queue_price_history,-4.163336342344337e-17,0.10446344065705085,,0.10446344065705081,-4.163336342344337e-17,0.10887702616591544,-8.465780924565486e-34
0.0,0.2,4.0,4,marked_history,-4.163336342344337e-17,0.10446344065705085,,0.10446344065705081,-4.163336342344337e-17,0.10887702616591544,-1.182980124039112e-33
0.0,0.2,4.0,4,price_only,0.10446344065705081,1.4402587344007896e-32,,0.0058432257623469985,0.0058432257623469985,0.06739085466115458,-0.05713404338994295
0.0,0.2,16.0,4,current_queue,6.938893903907228e-18,0.028523513419575184,,0.02852351341957519,6.938893903907228e-18,0.17521991608275078,1.1102230246251565e-16
0.0,0.2,16.0,4,price_history_current_queue,6.938893903907228e-18,0.028523513419575184,,0.02852351341957519,6.938893903907228e-18,0.17521991608275078,1.1102230246251565e-16
0.0,0.2,16.0,4,queue_price_history,6.938893903907228e-18,0.028523513419575184,,0.02852351341957519,6.938893903907228e-18,0.1752199160827509,-2.5363293223162517e-34
0.0,0.2,16.0,4,marked_history,6.938893903907228e-18,0.028523513419575184,,0.02852351341957519,6.938893903907228e-18,0.1752199160827509,-4.036737577056196e-34
0.0,0.2,16.0,4,price_only,0.02852351341957519,3.8640012404197784e-33,,0.001535995361696043,0.001535995361696043,0.1421938798602087,0.00603851816466304
0.0,0.2,1.0,5,current_queue,2.7755575615628914e-17,0.18368242717095265,,0.18368242717095268,2.7755575615628914e-17,-0.002100606718097975,-1.8541810788658837e-33
0.0,0.2,1.0,5,price_history_current_queue,2.7755575615628914e-17,0.18368242717095265,,0.18368242717095268,2.7755575615628914e-17,-0.002100606718097975,-1.537219688881833e-33
0.0,0.2,1.0,5,queue_price_history,2.7755575615628914e-17,0.18368242717095265,,0.18368242717095268,2.7755575615628914e-17,-0.002100606718097975,-1.5585188850512112e-33
0.0,0.2,1.0,5,marked_history,2.7755575615628914e-17,0.18368242717095265,,0.18368242717095268,2.7755575615628914e-17,-0.002100606718097753,-2.220446049250313e-16
0.0,0.2,1.0,5,price_only,0.18368242717095268,3.230502162419916e-33,,0.007745602547347352,0.007745602547347352,-0.21239188894049676,0.034354457598793464
0.0,0.2,4.0,5,current_queue,-4.163336342344337e-17,0.10446344065705085,,0.10446344065705081,-4.163336342344337e-17,-0.06747994715362426,-1.4162758678640349e-33
0.0,0.2,4.0,5,price_history_current_queue,-4.163336342344337e-17,0.10446344065705085,,0.10446344065705081,-4.163336342344337e-17,-0.06747994715362426,-1.2818577173828906e-33
0.0,0.2,4.0,5,queue_price_history,-4.163336342344337e-17,0.10446344065705085,,0.10446344065705081,-4.163336342344337e-17,-0.06747994715362426,-1.0404897274671613e-33
0.0,0.2,4.0,5,marked_history,-4.163336342344337e-17,0.10446344065705085,,0.10446344065705081,-4.163336342344337e-17,-0.06747994715362426,-1.446866375185364e-33
0.0,0.2,4.0,5,price_only,0.10446344065705081,1.481190521247544e-32,,0.002615281328658431,0.002615281328658431,-0.2434788604517939,0.07415075396977726
0.0,0.2,16.0,5,current_queue,6.938893903907228e-18,0.028523513419575184,,0.02852351341957519,6.938893903907228e-18,-0.17630720391866506,-2.913620888122907e-34
0.0,0.2,16.0,5,price_history_current_queue,6.938893903907228e-18,0.028523513419575184,,0.02852351341957519,6.938893903907228e-18,-0.17630720391866506,-3.0837630446692886e-34
0.0,0.2,16.0,5,queue_price_history,6.938893903907228e-18,0.028523513419575184,,0.02852351341957519,6.938893903907228e-18,-0.17630720391866506,-2.574505936930807e-34
0.0,0.2,16.0,5,marked_history,6.938893903907228e-18,0.028523513419575184,,0.02852351341957519,6.938893903907228e-18,-0.17630720391866506,-3.8279449582508494e-34
0.0,0.2,16.0,5,price_only,0.02852351341957519,4.0176420215020105e-33,,0.0006662098751439721,0.0006662098751439721,-0.23084977827532893,0.026685270812232657
0.0,0.2,1.0,6,current_queue,2.7755575615628914e-17,0.18368242717095265,,0.18368242717095268,2.7755575615628914e-17,0.20723876879682857,-1.7030075999611828e-33
0.0,0.2,1.0,6,price_history_current_queue,2.7755575615628914e-17,0.18368242717095265,,0.18368242717095268,2.7755575615628914e-17,0.20723876879682857,-1.0905868273671062e-33
0.0,0.2,1.0,6,queue_price_history,2.7755575615628914e-17,0.18368242717095265,,0.18368242717095268,2.7755575615628914e-17,0.20723876879682857,-1.6602613929696715e-33
0.0,0.2,1.0,6,marked_history,2.7755575615628914e-17,0.18368242717095265,,0.18368242717095268,2.7755575615628914e-17,0.20723876879682857,-2.0186395716344177e-33
0.0,0.2,1.0,6,price_only,0.18368242717095268,3.1532931130329094e-33,,0.014609842433265685,0.014609842433265685,0.03630388314986166,0.0018623009092799125
0.0,0.2,4.0,6,current_queue,-4.163336342344337e-17,0.10446344065705085,,0.10446344065705081,-4.163336342344337e-17,-0.009184568589732267,-1.1477840342902994e-33
0.0,0.2,4.0,6,price_history_current_queue,-4.163336342344337e-17,0.10446344065705085,,0.10446344065705081,-4.163336342344337e-17,-0.009184568589732267,-1.0175171185565062e-33
0.0,0.2,4.0,6,queue_price_history,-4.163336342344337e-17,0.10446344065705085,,0.10446344065705081,-4.163336342344337e-17,-0.009184568589732267,-9.99789592142464e-34
0.0,0.2,4.0,6,marked_history,-4.163336342344337e-17,0.10446344065705085,,0.10446344065705081,-4.163336342344337e-17,-0.009184568589732267,-1.0366946537273697e-33
0.0,0.2,4.0,6,price_only,0.10446344065705081,1.4398665795568394e-32,,0.0031296800424873705,0.0031296800424873705,-0.07638638857858404,-0.03413194062571166
0.0,0.2,16.0,6,current_queue,6.938893903907228e-18,0.028523513419575184,,0.02852351341957519,6.938893903907228e-18,-0.10342743244756836,-2.7500825391217837e-34
0.0,0.2,16.0,6,price_history_current_queue,6.938893903907228e-18,0.028523513419575184,,0.02852351341957519,6.938893903907228e-18,-0.10342743244756836,-3.0080437744079124e-34
0.0,0.2,16.0,6,queue_price_history,6.938893903907228e-18,0.028523513419575184,,0.02852351341957519,6.938893903907228e-18,-0.10342743244756814,-2.220446049250313e-16
0.0,0.2,16.0,6,marked_history,6.938893903907228e-18,0.028523513419575184,,0.02852351341957519,6.938893903907228e-18,-0.10342743244756814,-2.220446049250313e-16
0.0,0.2,16.0,6,price_only,0.02852351341957519,3.8783453920304334e-33,,0.0007137203781804151,0.0007137203781804151,-0.11815950654688545,-0.013077718942077682
0.0,0.2,1.0,7,current_queue,2.7755575615628914e-17,0.18368242717095265,,0.18368242717095268,2.7755575615628914e-17,0.356395775489733,-1.494524695395402e-33
0.0,0.2,1.0,7,price_history_current_queue,2.7755575615628914e-17,0.18368242717095265,,0.18368242717095268,2.7755575615628914e-17,0.356395775489733,-1.4749731471291233e-33
0.0,0.2,1.0,7,queue_price_history,2.7755575615628914e-17,0.18368242717095265,,0.18368242717095268,2.7755575615628914e-17,0.356395775489733,-1.3944682443652225e-33
0.0,0.2,1.0,7,marked_history,2.7755575615628914e-17,0.18368242717095265,,0.18368242717095268,2.7755575615628914e-17,0.356395775489733,-2.022226111850472e-33
0.0,0.2,1.0,7,price_only,0.18368242717095268,3.275262477600148e-33,,0.03129216300475948,0.03129216300475948,0.2383691979732777,-0.03436368664973791
0.0,0.2,4.0,7,current_queue,-4.163336342344337e-17,0.10446344065705085,,0.10446344065705081,-4.163336342344337e-17,0.2566539302622949,-1.1870409451630511e-33
0.0,0.2,4.0,7,price_history_current_queue,-4.163336342344337e-17,0.10446344065705085,,0.10446344065705081,-4.163336342344337e-17,0.2566539302622949,-1.07180032985277e-33
0.0,0.2,4.0,7,queue_price_history,-4.163336342344337e-17,0.10446344065705085,,0.10446344065705081,-4.163336342344337e-17,0.2566539302622949,-8.58029280792674e-34
0.0,0.2,4.0,7,marked_history,-4.163336342344337e-17,0.10446344065705085,,0.10446344065705081,-4.163336342344337e-17,0.2566539302622949,-9.845074639683208e-34
0.0,0.2,4.0,7,price_only,0.10446344065705081,1.4629387156103884e-32,,0.011052260476351786,0.011052260476351786,0.1800811263895984,-0.01683837630800253
0.0,0.2,16.0,7,current_queue,6.938893903907228e-18,0.028523513419575184,,0.02852351341957519,6.938893903907228e-18,0.18431322216925672,-2.8877220399811336e-34
0.0,0.2,16.0,7,price_history_current_queue,6.938893903907228e-18,0.028523513419575184,,0.02852351341957519,6.938893903907228e-18,0.18431322216925672,-2.7875077250943642e-34
0.0,0.2,16.0,7,queue_price_history,6.938893903907228e-18,0.028523513419575184,,0.02852351341957519,6.938893903907228e-18,0.18431322216925672,-2.8778994000155696e-34
0.0,0.2,16.0,7,marked_history,6.938893903907228e-18,0.028523513419575184,,0.02852351341957519,6.938893903907228e-18,0.18431322216925672,-3.3958097858189525e-34
0.0,0.2,16.0,7,price_only,0.02852351341957519,3.9251916881383135e-33,,0.0027882374208909842,0.0027882374208909842,0.161623237054768,-0.0030452908841954868
0.0,0.2,1.0,8,current_queue,2.7755575615628914e-17,0.18368242717095265,,0.18368242717095268,2.7755575615628914e-17,0.23955106940552506,-1.2890884030848784e-33
0.0,0.2,1.0,8,price_history_current_queue,2.7755575615628914e-17,0.18368242717095265,,0.18368242717095268,2.7755575615628914e-17,0.23955106940552506,-1.4987436636802367e-33
0.0,0.2,1.0,8,queue_price_history,2.7755575615628914e-17,0.18368242717095265,,0.18368242717095268,2.7755575615628914e-17,0.23955106940552506,-1.5287200732909203e-33
0.0,0.2,1.0,8,marked_history,2.7755575615628914e-17,0.18368242717095265,,0.18368242717095268,2.7755575615628914e-17,0.23955106940552506,-2.0382285938380435e-33
0.0,0.2,1.0,8,price_only,0.18368242717095268,3.2741478761174394e-33,,0.025347583843368826,0.025347583843368826,0.03630388314986166,0.04491234292807955
0.0,0.2,4.0,8,current_queue,-4.163336342344337e-17,0.10446344065705085,,0.10446344065705081,-4.163336342344337e-17,0.05312007396915874,-8.865324747866396e-34
0.0,0.2,4.0,8,price_history_current_queue,-4.163336342344337e-17,0.10446344065705085,,0.10446344065705081,-4.163336342344337e-17,0.05312007396915874,-9.507070558949928e-34
0.0,0.2,4.0,8,queue_price_history,-4.163336342344337e-17,0.10446344065705085,,0.10446344065705081,-4.163336342344337e-17,0.05312007396915874,-9.291440224467778e-34
0.0,0.2,4.0,8,marked_history,-4.163336342344337e-17,0.10446344065705085,,0.10446344065705081,-4.163336342344337e-17,0.05312007396915874,-1.1285903882237594e-33
0.0,0.2,4.0,8,price_only,0.10446344065705081,1.4825796823471656e-32,,0.012933949175876994,0.012933949175876994,-0.0025548312392589256,-0.035854586272756145
0.0,0.2,16.0,8,current_queue,6.938893903907228e-18,0.028523513419575184,,0.02852351341957519,6.938893903907228e-18,0.03729168372164893,-2.3007011537098782e-34
0.0,0.2,16.0,8,price_history_current_queue,6.938893903907228e-18,0.028523513419575184,,0.02852351341957519,6.938893903907228e-18,0.03729168372164904,-1.1102230246251565e-16
0.0,0.2,16.0,8,queue_price_history,6.938893903907228e-18,0.028523513419575184,,0.02852351341957519,6.938893903907228e-18,0.03729168372164904,-1.1102230246251565e-16
0.0,0.2,16.0,8,marked_history,6.938893903907228e-18,0.028523513419575184,,0.02852351341957519,6.938893903907228e-18,0.03729168372164904,-1.1102230246251565e-16
0.0,0.2,16.0,8,price_only,0.02852351341957519,3.9926062545039804e-33,,0.0034674676374670636,0.0034674676374670636,-0.005469234818441748,0.017704872757982548
0.0,0.2,1.0,9,current_queue,2.7755575615628914e-17,0.18368242717095265,,0.18368242717095268,2.7755575615628914e-17,0.16142560462736077,-1.7236210028949716e-33
0.0,0.2,1.0,9,price_history_current_queue,2.7755575615628914e-17,0.18368242717095265,,0.18368242717095268,2.7755575615628914e-17,0.16142560462736077,-1.9200098527273146e-33
0.0,0.2,1.0,9,queue_price_history,2.7755575615628914e-17,0.18368242717095265,,0.18368242717095268,2.7755575615628914e-17,0.16142560462736077,-1.9419149245314733e-33
0.0,0.2,1.0,9,marked_history,2.7755575615628914e-17,0.18368242717095265,,0.18368242717095268,2.7755575615628914e-17,0.16142560462736077,-2.753341542349016e-33
0.0,0.2,1.0,9,price_only,0.18368242717095268,3.2328305309599205e-33,,-0.0021247235316339264,-0.0021247235316339264,-0.04141354562837529,0.017031999553149463
0.0,0.2,4.0,9,current_queue,-4.163336342344337e-17,0.10446344065705085,,0.10446344065705081,-4.163336342344337e-17,0.031540682824127364,-1.0973319259466912e-33
0.0,0.2,4.0,9,price_history_current_queue,-4.163336342344337e-17,0.10446344065705085,,0.10446344065705081,-4.163336342344337e-17,0.03154068282412725,1.1102230246251565e-16
0.0,0.2,4.0,9,queue_price_history,-4.163336342344337e-17,0.10446344065705085,,0.10446344065705081,-4.163336342344337e-17,0.03154068282412725,1.1102230246251565e-16
0.0,0.2,4.0,9,marked_history,-4.163336342344337e-17,0.10446344065705085,,0.10446344065705081,-4.163336342344337e-17,0.031540682824127364,-1.1873260178216708e-33
0.0,0.2,4.0,9,price_only,0.10446344065705081,1.4701767214834236e-32,,-0.0008464086240047158,-0.0008464086240047158,-0.09192987433423161,0.01816070787730345
0.0,0.2,16.0,9,current_queue,6.938893903907228e-18,0.028523513419575184,,0.02852351341957519,6.938893903907228e-18,-0.19983336170995436,-2.631402199085604e-34
0.0,0.2,16.0,9,price_history_current_queue,6.938893903907228e-18,0.028523513419575184,,0.02852351341957519,6.938893903907228e-18,-0.19983336170995436,-3.7786631598254985e-34
0.0,0.2,16.0,9,queue_price_history,6.938893903907228e-18,0.028523513419575184,,0.02852351341957519,6.938893903907228e-18,-0.19983336170995436,-2.84060104311411e-34
0.0,0.2,16.0,9,marked_history,6.938893903907228e-18,0.028523513419575184,,0.02852351341957519,6.938893903907228e-18,-0.19983336170995436,-4.504252219186526e-34
0.0,0.2,16.0,9,price_only,0.02852351341957519,3.9224438289027704e-33,,-0.00018534704717157804,-0.00018534704717157804,-0.2259924389766892,-0.0025497832000119375
0.0,0.2,1.0,10,current_queue,2.7755575615628914e-17,0.18368242717095265,,0.18368242717095268,2.7755575615628914e-17,0.015001396104080578,-1.6783857179885935e-33
0.0,0.2,1.0,10,price_history_current_queue,2.7755575615628914e-17,0.18368242717095265,,0.18368242717095268,2.7755575615628914e-17,0.015001396104080578,-1.500403538036662e-33
0.0,0.2,1.0,10,queue_price_history,2.7755575615628914e-17,0.18368242717095265,,0.18368242717095268,2.7755575615628914e-17,0.015001396104080578,-2.032208683911869e-33
0.0,0.2,1.0,10,marked_history,2.7755575615628914e-17,0.18368242717095265,,0.18368242717095268,2.7755575615628914e-17,0.015001396104080578,-2.6524795291153302e-33
0.0,0.2,1.0,10,price_only,0.18368242717095268,3.65939648961572e-33,,-0.009798528603756934,-0.009798528603756934,-0.1346744601622598,-0.04380509950836922
0.0,0.2,4.0,10,current_queue,-4.163336342344337e-17,0.10446344065705085,,0.10446344065705081,-4.163336342344337e-17,0.025440699989311977,-1.273410302348564e-33
0.0,0.2,4.0,10,price_history_current_queue,-4.163336342344337e-17,0.10446344065705085,,0.10446344065705081,-4.163336342344337e-17,0.025440699989311977,-1.1447220251806652e-33
0.0,0.2,4.0,10,queue_price_history,-4.163336342344337e-17,0.10446344065705085,,0.10446344065705081,-4.163336342344337e-17,0.025440699989311977,-1.0911301692733067e-33
0.0,0.2,4.0,10,marked_history,-4.163336342344337e-17,0.10446344065705085,,0.10446344065705081,-4.163336342344337e-17,0.025440699989311977,-1.4357645086365338e-33
0.0,0.2,4.0,10,price_only,0.10446344065705081,1.4829841749303846e-32,,-0.0046397738367545405,-0.0046397738367545405,-0.10747336008987896,0.023810845585385584
0.0,0.2,16.0,10,current_queue,6.938893903907228e-18,0.028523513419575184,,0.02852351341957519,6.938893903907228e-18,0.012900984160363893,-1.1102230246251565e-16
0.0,0.2,16.0,10,price_history_current_queue,6.938893903907228e-18,0.028523513419575184,,0.02852351341957519,6.938893903907228e-18,0.012900984160363671,1.1102230246251565e-16
0.0,0.2,16.0,10,queue_price_history,6.938893903907228e-18,0.028523513419575184,,0.02852351341957519,6.938893903907228e-18,0.012900984160363893,-1.1102230246251565e-16
0.0,0.2,16.0,10,marked_history,6.938893903907228e-18,0.028523513419575184,,0.02852351341957519,6.938893903907228e-18,0.012900984160363671,1.1102230246251565e-16
0.0,0.2,16.0,10,price_only,0.02852351341957519,3.97613771061295e-33,,-0.0011810794071202245,-0.0011810794071202245,-0.015183913415721229,-0.0016196952506104048
0.0,0.2,1.0,11,current_queue,2.7755575615628914e-17,0.18368242717095265,,0.18368242717095268,2.7755575615628914e-17,0.1276535381200652,-1.1102230246251565e-16
0.0,0.2,1.0,11,price_history_current_queue,2.7755575615628914e-17,0.18368242717095265,,0.18368242717095268,2.7755575615628914e-17,0.12765353812006508,-1.4599474723709777e-33
0.0,0.2,1.0,11,queue_price_history,2.7755575615628914e-17,0.18368242717095265,,0.18368242717095268,2.7755575615628914e-17,0.1276535381200652,-1.1102230246251565e-16
0.0,0.2,1.0,11,marked_history,2.7755575615628914e-17,0.18368242717095265,,0.18368242717095268,2.7755575615628914e-17,0.1276535381200652,-1.1102230246251565e-16
0.0,0.2,1.0,11,price_only,0.18368242717095268,3.495726432660072e-33,,0.012907405063191824,0.012907405063191824,-0.05695703138402264,0.013835547396326864
0.0,0.2,4.0,11,current_queue,-4.163336342344337e-17,0.10446344065705085,,0.10446344065705081,-4.163336342344337e-17,0.10644369256423603,-9.528159957873466e-34
0.0,0.2,4.0,11,price_history_current_queue,-4.163336342344337e-17,0.10446344065705085,,0.10446344065705081,-4.163336342344337e-17,0.10644369256423603,-1.0233519056353032e-33
0.0,0.2,4.0,11,queue_price_history,-4.163336342344337e-17,0.10446344065705085,,0.10446344065705081,-4.163336342344337e-17,0.10644369256423603,-9.937904367865574e-34
0.0,0.2,4.0,11,marked_history,-4.163336342344337e-17,0.10446344065705085,,0.10446344065705081,-4.163336342344337e-17,0.10644369256423603,-1.2653162701203703e-33
0.0,0.2,4.0,11,price_only,0.10446344065705081,1.4947909704159044e-32,,0.006586782230564234,0.006586782230564234,0.005216911638564858,0.0033501224991845935
0.0,0.2,16.0,11,current_queue,6.938893903907228e-18,0.028523513419575184,,0.02852351341957519,6.938893903907228e-18,-0.0699630723725273,-2.7989847798017115e-34
0.0,0.2,16.0,11,price_history_current_queue,6.938893903907228e-18,0.028523513419575184,,0.02852351341957519,6.938893903907228e-18,-0.0699630723725273,-3.2852054580971436e-34
0.0,0.2,16.0,11,queue_price_history,6.938893903907228e-18,0.028523513419575184,,0.02852351341957519,6.938893903907228e-18,-0.0699630723725273,-2.554588142563267e-34
0.0,0.2,16.0,11,marked_history,6.938893903907228e-18,0.028523513419575184,,0.02852351341957519,6.938893903907228e-18,-0.0699630723725273,-4.064819037268776e-34
0.0,0.2,16.0,11,price_only,0.02852351341957519,4.049685394787786e-33,,0.0017764127219286815,0.0017764127219286815,-0.09775868149259814,0.0010485084224243317
0.0,0.2,1.0,12,current_queue,2.7755575615628914e-17,0.18368242717095265,,0.18368242717095268,2.7755575615628914e-17,0.327620151202868,-1.4477114767424893e-33
0.0,0.2,1.0,12,price_history_current_queue,2.7755575615628914e-17,0.18368242717095265,,0.18368242717095268,2.7755575615628914e-17,0.327620151202868,-1.1682690633411926e-33
0.0,0.2,1.0,12,queue_price_history,2.7755575615628914e-17,0.18368242717095265,,0.18368242717095268,2.7755575615628914e-17,0.327620151202868,-1.5402343137276511e-33
0.0,0.2,1.0,12,marked_history,2.7755575615628914e-17,0.18368242717095265,,0.18368242717095268,2.7755575615628914e-17,0.327620151202868,-2.1061502943835715e-33
0.0,0.2,1.0,12,price_only,0.18368242717095268,3.315805790245108e-33,,0.030539495808183825,0.030539495808183825,0.16065176919504076,0.013825450645058412
0.0,0.2,4.0,12,current_queue,-4.163336342344337e-17,0.10446344065705085,,0.10446344065705081,-4.163336342344337e-17,0.09921835253329081,-1.1451538810735343e-33
0.0,0.2,4.0,12,price_history_current_queue,-4.163336342344337e-17,0.10446344065705085,,0.10446344065705081,-4.163336342344337e-17,0.09921835253329081,-8.724937666960788e-34
0.0,0.2,4.0,12,queue_price_history,-4.163336342344337e-17,0.10446344065705085,,0.10446344065705081,-4.163336342344337e-17,0.09921835253329081,-1.0761147544584252e-33
0.0,0.2,4.0,12,marked_history,-4.163336342344337e-17,0.10446344065705085,,0.10446344065705081,-4.163336342344337e-17,0.09921835253329081,-1.1829476577029436e-33
0.0,0.2,4.0,12,price_only,0.10446344065705081,1.444444655432887e-32,,0.014482744047810595,0.014482744047810595,-0.01809831699490627,0.02733597291895687
0.0,0.2,16.0,12,current_queue,6.938893903907228e-18,0.028523513419575184,,0.02852351341957519,6.938893903907228e-18,-0.12497042114937562,-2.716988259995968e-34
0.0,0.2,16.0,12,price_history_current_queue,6.938893903907228e-18,0.028523513419575184,,0.02852351341957519,6.938893903907228e-18,-0.12497042114937562,-2.438680127638313e-34
0.0,0.2,16.0,12,queue_price_history,6.938893903907228e-18,0.028523513419575184,,0.02852351341957519,6.938893903907228e-18,-0.12497042114937562,-2.8719287118337383e-34
0.0,0.2,16.0,12,marked_history,6.938893903907228e-18,0.028523513419575184,,0.02852351341957519,6.938893903907228e-18,-0.12497042114937562,-3.4219965499053377e-34
0.0,0.2,16.0,12,price_only,0.02852351341957519,3.879184734651841e-33,,0.003824773397777124,0.003824773397777124,-0.1647899638138275,0.0151208026426538
0.0,0.2,1.0,13,current_queue,2.7755575615628914e-17,0.18368242717095265,,0.18368242717095268,2.7755575615628914e-17,0.20340242185226765,-1.5479490286841715e-33
0.0,0.2,1.0,13,price_history_current_queue,2.7755575615628914e-17,0.18368242717095265,,0.18368242717095268,2.7755575615628914e-17,0.20340242185226753,1.1102230246251565e-16
0.0,0.2,1.0,13,queue_price_history,2.7755575615628914e-17,0.18368242717095265,,0.18368242717095268,2.7755575615628914e-17,0.20340242185226765,-1.68339311152035e-33
0.0,0.2,1.0,13,marked_history,2.7755575615628914e-17,0.18368242717095265,,0.18368242717095268,2.7755575615628914e-17,0.20340242185226765,-2.1484987681457578e-33
0.0,0.2,1.0,13,price_only,0.18368242717095268,3.164438479406182e-33,,0.009109780305697923,0.009109780305697923,0.005216911638566857,0.023612863348446034
0.0,0.2,4.0,13,current_queue,-4.163336342344337e-17,0.10446344065705085,,0.10446344065705081,-4.163336342344337e-17,0.2115249875995293,-1.0974635584014232e-33
0.0,0.2,4.0,13,price_history_current_queue,-4.163336342344337e-17,0.10446344065705085,,0.10446344065705081,-4.163336342344337e-17,0.2115249875995293,-1.0376156163255207e-33
0.0,0.2,4.0,13,queue_price_history,-4.163336342344337e-17,0.10446344065705085,,0.10446344065705081,-4.163336342344337e-17,0.2115249875995293,-9.683660045682924e-34
0.0,0.2,4.0,13,marked_history,-4.163336342344337e-17,0.10446344065705085,,0.10446344065705081,-4.163336342344337e-17,0.2115249875995293,-1.017385655444061e-33
0.0,0.2,4.0,13,price_only,0.10446344065705081,1.4674323774837323e-32,,0.000472582310404715,0.000472582310404715,0.10624956905027316,0.0012845602026100578
0.0,0.2,16.0,13,current_queue,6.938893903907228e-18,0.028523513419575184,,0.02852351341957519,6.938893903907228e-18,0.04426139342201307,-2.5180055721001454e-34
0.0,0.2,16.0,13,price_history_current_queue,6.938893903907228e-18,0.028523513419575184,,0.02852351341957519,6.938893903907228e-18,0.04426139342201307,-2.656224148758443e-34
0.0,0.2,16.0,13,queue_price_history,6.938893903907228e-18,0.028523513419575184,,0.02852351341957519,6.938893903907228e-18,0.04426139342201307,-2.4039927867855597e-34
0.0,0.2,16.0,13,marked_history,6.938893903907228e-18,0.028523513419575184,,0.02852351341957519,6.938893903907228e-18,0.04426139342201307,-3.041061150266443e-34
0.0,0.2,16.0,13,price_only,0.02852351341957519,3.9822529222452584e-33,,2.6340573403907386e-06,2.6340573403907386e-06,-0.006440702678169652,0.022181216737947925
0.0,0.2,1.0,14,current_queue,2.7755575615628914e-17,0.18368242717095265,,0.18368242717095268,2.7755575615628914e-17,0.20481604458760938,-1.5723515247577053e-33
0.0,0.2,1.0,14,price_history_current_queue,2.7755575615628914e-17,0.18368242717095265,,0.18368242717095268,2.7755575615628914e-17,0.20481604458760938,-1.0986254783708522e-33
0.0,0.2,1.0,14,queue_price_history,2.7755575615628914e-17,0.18368242717095265,,0.18368242717095268,2.7755575615628914e-17,0.20481604458760938,-1.3958951793733415e-33
0.0,0.2,1.0,14,marked_history,2.7755575615628914e-17,0.18368242717095265,,0.18368242717095268,2.7755575615628914e-17,0.20481604458760938,-2.1626106967806655e-33
0.0,0.2,1.0,14,price_only,0.18368242717095268,3.2917720502213765e-33,,0.013228197458319046,0.013228197458319046,0.06739085466115635,-0.0330290397861806
0.0,0.2,4.0,14,current_queue,-4.163336342344337e-17,0.10446344065705085,,0.10446344065705081,-4.163336342344337e-17,0.012758766569572755,-1.0316638823341783e-33
0.0,0.2,4.0,14,price_history_current_queue,-4.163336342344337e-17,0.10446344065705085,,0.10446344065705081,-4.163336342344337e-17,0.012758766569572755,-6.785633628101553e-34
0.0,0.2,4.0,14,queue_price_history,-4.163336342344337e-17,0.10446344065705085,,0.10446344065705081,-4.163336342344337e-17,0.012758766569572755,-7.852091681505676e-34
0.0,0.2,4.0,14,marked_history,-4.163336342344337e-17,0.10446344065705085,,0.10446344065705081,-4.163336342344337e-17,0.012758766569572755,-1.2157214454984425e-33
0.0,0.2,4.0,14,price_only,0.10446344065705081,1.4828108237081215e-32,,0.006039578754349462,0.006039578754349462,-0.13856033160117387,0.05289523626804528
0.0,0.2,16.0,14,current_queue,6.938893903907228e-18,0.028523513419575184,,0.02852351341957519,6.938893903907228e-18,0.026069599005136168,-2.6333440656639827e-34
0.0,0.2,16.0,14,price_history_current_queue,6.938893903907228e-18,0.028523513419575184,,0.02852351341957519,6.938893903907228e-18,0.026069599005136168,-2.3992378131513677e-34
0.0,0.2,16.0,14,queue_price_history,6.938893903907228e-18,0.028523513419575184,,0.02852351341957519,6.938893903907228e-18,0.026069599005136168,-2.000017660265219e-34
0.0,0.2,16.0,14,marked_history,6.938893903907228e-18,0.028523513419575184,,0.02852351341957519,6.938893903907228e-18,0.026069599005136168,-3.3358966955819613e-34
0.0,0.2,16.0,14,price_only,0.02852351341957519,3.996598601684152e-33,,0.0016179334446543257,0.0016179334446543257,-0.006440702678169652,0.005604721708384955
0.0,0.2,1.0,15,current_queue,2.7755575615628914e-17,0.18368242717095265,,0.18368242717095268,2.7755575615628914e-17,0.12291778675561216,-1.996223713317399e-33
0.0,0.2,1.0,15,price_history_current_queue,2.7755575615628914e-17,0.18368242717095265,,0.18368242717095268,2.7755575615628914e-17,0.12291778675561216,-1.8319835455390173e-33
0.0,0.2,1.0,15,queue_price_history,2.7755575615628914e-17,0.18368242717095265,,0.18368242717095268,2.7755575615628914e-17,0.12291778675561216,-2.423616535082459e-33
0.0,0.2,1.0,15,marked_history,2.7755575615628914e-17,0.18368242717095265,,0.18368242717095268,2.7755575615628914e-17,0.12291778675561216,-2.9275972626697948e-33
0.0,0.2,1.0,15,price_only,0.18368242717095268,3.409194261509805e-33,,-0.038322822021524705,-0.038322822021524705,-0.18130491742920185,0.08221745499233662
0.0,0.2,4.0,15,current_queue,-4.163336342344337e-17,0.10446344065705085,,0.10446344065705081,-4.163336342344337e-17,-0.010146567118155314,-1.195097811297654e-33
0.0,0.2,4.0,15,price_history_current_queue,-4.163336342344337e-17,0.10446344065705085,,0.10446344065705081,-4.163336342344337e-17,-0.010146567118155314,-9.763803613977558e-34
0.0,0.2,4.0,15,queue_price_history,-4.163336342344337e-17,0.10446344065705085,,0.10446344065705081,-4.163336342344337e-17,-0.010146567118155314,-8.637474231259518e-34
0.0,0.2,4.0,15,marked_history,-4.163336342344337e-17,0.10446344065705085,,0.10446344065705081,-4.163336342344337e-17,-0.010146567118155314,-1.325738922839659e-33
0.0,0.2,4.0,15,price_only,0.10446344065705081,1.4843443900257194e-32,,-0.013528388882296002,-0.013528388882296002,-0.16964730311246856,0.04150890645496644
0.0,0.2,16.0,15,current_queue,6.938893903907228e-18,0.028523513419575184,,0.02852351341957519,6.938893903907228e-18,-0.27318469037093895,-2.6180844230111775e-34
0.0,0.2,16.0,15,price_history_current_queue,6.938893903907228e-18,0.028523513419575184,,0.02852351341957519,6.938893903907228e-18,-0.27318469037093895,-3.1709587296443667e-34
0.0,0.2,16.0,15,queue_price_history,6.938893903907228e-18,0.028523513419575184,,0.02852351341957519,6.938893903907228e-18,-0.27318469037093895,-2.9581348637238074e-34
0.0,0.2,16.0,15,marked_history,6.938893903907228e-18,0.028523513419575184,,0.02852351341957519,6.938893903907228e-18,-0.27318469037093895,-5.005921424163827e-34
0.0,0.2,16.0,15,price_only,0.02852351341957519,4.019396886132867e-33,,-0.003464448331246702,-0.003464448331246702,-0.34451151786350076,0.03933886574173991
0.0,2.0,1.0,0,current_queue,0.0,0.18368242717095254,,0.18368242717095254,0.0,0.20670366244800387,-1.1102230246251565e-16
0.0,2.0,1.0,0,price_history_current_queue,0.0,0.18368242717095254,,0.18368242717095254,0.0,0.20670366244800376,-1.4844236757161033e-33
0.0,2.0,1.0,0,queue_price_history,0.0,0.18368242717095254,,0.18368242717095254,0.0,0.20670366244800376,-3.0277360860569465e-34
0.0,2.0,1.0,0,marked_history,0.0,0.18368242717095254,,0.18368242717095254,0.0,0.20670366244800376,-3.0277360860569465e-34
0.0,2.0,1.0,0,price_only,0.18368242717095254,4.5907110744544225e-31,,0.019432033848991226,0.019432033848991226,-0.08804400289532066,0.1304972720213631
0.0,2.0,4.0,0,current_queue,-1.3877787807814457e-17,0.10446344065705049,,0.10446344065705047,-1.3877787807814457e-17,0.24419261575590867,-8.879385704899426e-34
0.0,2.0,4.0,0,price_history_current_queue,-1.3877787807814457e-17,0.10446344065705049,,0.10446344065705047,-1.3877787807814457e-17,0.24419261575590878,-1.1102230246251565e-16
0.0,2.0,4.0,0,queue_price_history,-1.3877787807814457e-17,0.10446344065705049,,0.10446344065705047,-1.3877787807814457e-17,0.24419261575590867,-3.5658052282893934e-34
0.0,2.0,4.0,0,marked_history,-1.3877787807814457e-17,0.10446344065705049,,0.10446344065705047,-1.3877787807814457e-17,0.24419261575590867,-3.5658052282893934e-34
0.0,2.0,4.0,0,price_only,0.10446344065705047,1.2083968283804643e-31,,0.005957918317749819,0.005957918317749819,0.09459195473353454,0.05109513868307347
0.0,2.0,16.0,0,current_queue,-6.938893903907228e-18,0.028523513419575357,,0.02852351341957535,-6.938893903907228e-18,0.28186847805032,-2.41396038220392e-34
0.0,2.0,16.0,0,price_history_current_queue,-6.938893903907228e-18,0.028523513419575357,,0.02852351341957535,-6.938893903907228e-18,0.28186847805032,-2.9953671192132733e-34
0.0,2.0,16.0,0,queue_price_history,-6.938893903907228e-18,0.028523513419575357,,0.02852351341957535,-6.938893903907228e-18,0.28186847805032,-6.702079159361255e-35
0.0,2.0,16.0,0,marked_history,-6.938893903907228e-18,0.028523513419575357,,0.02852351341957535,-6.938893903907228e-18,0.28186847805032,-6.702079159361255e-35
0.0,2.0,16.0,0,price_only,0.02852351341957535,3.28749629770608e-32,,0.0014665587401911442,0.0014665587401911442,0.24322653727191568,0.01158498609902012
0.0,2.0,1.0,1,current_queue,0.0,0.18368242717095254,,0.18368242717095254,0.0,0.24723277320011083,-2.2721751424370557e-33
0.0,2.0,1.0,1,price_history_current_queue,0.0,0.18368242717095254,,0.18368242717095254,0.0,0.24723277320011083,-2.6571674498224883e-33
0.0,2.0,1.0,1,queue_price_history,0.0,0.18368242717095254,,0.18368242717095254,0.0,0.24723277320011083,-2.671784573470215e-34
0.0,2.0,1.0,1,marked_history,0.0,0.18368242717095254,,0.18368242717095254,0.0,0.24723277320011083,-2.671784573470215e-34
0.0,2.0,1.0,1,price_only,0.18368242717095254,4.646682366222307e-31,,-0.011629444054974597,-0.011629444054974597,0.05184736890550634,7.35330686773561e-05
0.0,2.0,4.0,1,current_queue,-1.3877787807814457e-17,0.10446344065705049,,0.10446344065705047,-1.3877787807814457e-17,0.0925204949762014,-1.2037061368012656e-33
0.0,2.0,4.0,1,price_history_current_queue,-1.3877787807814457e-17,0.10446344065705049,,0.10446344065705047,-1.3877787807814457e-17,0.0925204949762014,-1.4515290044086521e-33
0.0,2.0,4.0,1,queue_price_history,-1.3877787807814457e-17,0.10446344065705049,,0.10446344065705047,-1.3877787807814457e-17,0.0925204949762014,-3.3706864498233316e-34
0.0,2.0,4.0,1,marked_history,-1.3877787807814457e-17,0.10446344065705049,,0.10446344065705047,-1.3877787807814457e-17,0.0925204949762014,-3.3706864498233316e-34
0.0,2.0,4.0,1,price_only,0.10446344065705047,1.1962067620380115e-31,,-0.004199265534413826,-0.004199265534413826,-0.025870059872733497,0.009727848657470603
0.0,2.0,16.0,1,current_queue,-6.938893903907228e-18,0.028523513419575357,,0.02852351341957535,-6.938893903907228e-18,0.06686985573582527,-3.2312816371386436e-34
0.0,2.0,16.0,1,price_history_current_queue,-6.938893903907228e-18,0.028523513419575357,,0.02852351341957535,-6.938893903907228e-18,0.06686985573582527,-4.254473300218259e-34
0.0,2.0,16.0,1,queue_price_history,-6.938893903907228e-18,0.028523513419575357,,0.02852351341957535,-6.938893903907228e-18,0.06686985573582527,-1.057671736187345e-34
0.0,2.0,16.0,1,marked_history,-6.938893903907228e-18,0.028523513419575357,,0.02852351341957535,-6.938893903907228e-18,0.06686985573582527,-1.057671736187345e-34
0.0,2.0,16.0,1,price_only,0.02852351341957535,3.2436656275339274e-32,,-0.0010656554533831838,-0.0010656554533831838,0.01590305809557202,0.021377628767294713
0.0,2.0,1.0,2,current_queue,0.0,0.18368242717095254,,0.18368242717095254,0.0,0.24350039313999383,-1.8578296637092944e-33
0.0,2.0,1.0,2,price_history_current_queue,0.0,0.18368242717095254,,0.18368242717095254,0.0,0.24350039313999383,-2.1571165139904273e-33
0.0,2.0,1.0,2,queue_price_history,0.0,0.18368242717095254,,0.18368242717095254,0.0,0.24350039313999383,-4.198974919169892e-34
0.0,2.0,1.0,2,marked_history,0.0,0.18368242717095254,,0.18368242717095254,0.0,0.24350039313999383,-4.198974919169892e-34
0.0,2.0,1.0,2,price_only,0.18368242717095254,4.561882575321752e-31,,-0.03233681072679909,-0.03233681072679909,0.020760397394211427,0.006720757848030778
0.0,2.0,4.0,2,current_queue,-1.3877787807814457e-17,0.10446344065705049,,0.10446344065705047,-1.3877787807814457e-17,0.156628303153177,-1.3902187434510599e-33
0.0,2.0,4.0,2,price_history_current_queue,-1.3877787807814457e-17,0.10446344065705049,,0.10446344065705047,-1.3877787807814457e-17,0.156628303153177,-1.3734617874145674e-33
0.0,2.0,4.0,2,queue_price_history,-1.3877787807814457e-17,0.10446344065705049,,0.10446344065705047,-1.3877787807814457e-17,0.156628303153177,-3.432188720739562e-34
0.0,2.0,4.0,2,marked_history,-1.3877787807814457e-17,0.10446344065705049,,0.10446344065705047,-1.3877787807814457e-17,0.156628303153177,-3.432188720739562e-34
0.0,2.0,4.0,2,price_only,0.10446344065705047,1.1891305235533357e-31,,-0.01359636790872372,-0.01359636790872372,0.020760397394208985,0.017808097193193817
0.0,2.0,16.0,2,current_queue,-6.938893903907228e-18,0.028523513419575357,,0.02852351341957535,-6.938893903907228e-18,0.01630734977940629,-2.7448311732577924e-34
0.0,2.0,16.0,2,price_history_current_queue,-6.938893903907228e-18,0.028523513419575357,,0.02852351341957535,-6.938893903907228e-18,0.01630734977940629,-4.635572430438852e-34
0.0,2.0,16.0,2,queue_price_history,-6.938893903907228e-18,0.028523513419575357,,0.02852351341957535,-6.938893903907228e-18,0.01630734977940629,-1.10585353328935e-34
0.0,2.0,16.0,2,marked_history,-6.938893903907228e-18,0.028523513419575357,,0.02852351341957535,-6.938893903907228e-18,0.01630734977940629,-1.10585353328935e-34
0.0,2.0,16.0,2,price_only,0.02852351341957535,3.233383530287035e-32,,-0.0035560069225181908,-0.0035560069225181908,-0.04141354562837796,0.025641375065690704
0.0,2.0,1.0,3,current_queue,0.0,0.18368242717095254,,0.18368242717095254,0.0,0.1995403880367277,-1.1102230246251565e-16
0.0,2.0,1.0,3,price_history_current_queue,0.0,0.18368242717095254,,0.18368242717095254,0.0,0.19954038803672758,-1.3777446467338767e-33
0.0,2.0,1.0,3,queue_price_history,0.0,0.18368242717095254,,0.18368242717095254,0.0,0.19954038803672758,-4.657843320604439e-34
0.0,2.0,1.0,3,marked_history,0.0,0.18368242717095254,,0.18368242717095254,0.0,0.19954038803672758,-4.657843320604439e-34
0.0,2.0,1.0,3,price_only,0.18368242717095254,4.612940396549518e-31,,-0.00383479408247156,-0.00383479408247156,0.020760397394211427,-0.008737230610907948
0.0,2.0,4.0,3,current_queue,-1.3877787807814457e-17,0.10446344065705049,,0.10446344065705047,-1.3877787807814457e-17,0.20144100889663363,-1.5015660888387543e-33
0.0,2.0,4.0,3,price_history_current_queue,-1.3877787807814457e-17,0.10446344065705049,,0.10446344065705047,-1.3877787807814457e-17,0.20144100889663363,-1.2511823186689172e-33
0.0,2.0,4.0,3,queue_price_history,-1.3877787807814457e-17,0.10446344065705049,,0.10446344065705047,-1.3877787807814457e-17,0.20144100889663363,-4.897406234335761e-34
0.0,2.0,4.0,3,marked_history,-1.3877787807814457e-17,0.10446344065705049,,0.10446344065705047,-1.3877787807814457e-17,0.20144100889663363,-4.897406234335761e-34
0.0,2.0,4.0,3,price_only,0.10446344065705047,1.1982506024291808e-31,,-0.0011625506836030752,-0.0011625506836030752,0.10624956905027005,-0.01043455149428997
0.0,2.0,16.0,3,current_queue,-6.938893903907228e-18,0.028523513419575357,,0.02852351341957535,-6.938893903907228e-18,0.20792244295360585,-2.961103036564753e-34
0.0,2.0,16.0,3,price_history_current_queue,-6.938893903907228e-18,0.028523513419575357,,0.02852351341957535,-6.938893903907228e-18,0.20792244295360585,-3.2497015536482366e-34
0.0,2.0,16.0,3,queue_price_history,-6.938893903907228e-18,0.028523513419575357,,0.02852351341957535,-6.938893903907228e-18,0.20792244295360585,-1.1322210239287343e-34
0.0,2.0,16.0,3,marked_history,-6.938893903907228e-18,0.028523513419575357,,0.02852351341957535,-6.938893903907228e-18,0.20792244295360585,-1.1322210239287343e-34
0.0,2.0,16.0,3,price_only,0.02852351341957535,3.2543748173720754e-32,,-0.00028796552045188065,-0.00028796552045188065,0.18202406210905397,-0.0029130980954753596
0.0,2.0,1.0,4,current_queue,0.0,0.18368242717095254,,0.18368242717095254,0.0,0.1956437372324894,-2.0810549704412735e-33
0.0,2.0,1.0,4,price_history_current_queue,0.0,0.18368242717095254,,0.18368242717095254,0.0,0.1956437372324894,-1.9066919655718915e-33
0.0,2.0,1.0,4,queue_price_history,0.0,0.18368242717095254,,0.18368242717095254,0.0,0.1956437372324894,-4.892172320932843e-34
0.0,2.0,1.0,4,marked_history,0.0,0.18368242717095254,,0.18368242717095254,0.0,0.1956437372324894,-4.892172320932843e-34
0.0,2.0,1.0,4,price_only,0.18368242717095254,4.688330115904595e-31,,-0.03318545510585405,-0.03318545510585405,-0.0414135456283784,0.020189400584061212
0.0,2.0,4.0,4,current_queue,-1.3877787807814457e-17,0.10446344065705049,,0.10446344065705047,-1.3877787807814457e-17,0.014453175384494532,-1.3546733003953352e-33
0.0,2.0,4.0,4,price_history_current_queue,-1.3877787807814457e-17,0.10446344065705049,,0.10446344065705047,-1.3877787807814457e-17,0.014453175384494532,-1.3478091460384468e-33
0.0,2.0,4.0,4,queue_price_history,-1.3877787807814457e-17,0.10446344065705049,,0.10446344065705047,-1.3877787807814457e-17,0.014453175384494532,-4.0421594753692064e-34
0.0,2.0,4.0,4,marked_history,-1.3877787807814457e-17,0.10446344065705049,,0.10446344065705047,-1.3877787807814457e-17,0.014453175384494532,-4.0421594753692064e-34
0.0,2.0,4.0,4,price_only,0.10446344065705047,1.1848700386867377e-31,,-0.010153832417141267,-0.010153832417141267,-0.12301684584553008,0.022852748155832867
0.0,2.0,16.0,4,current_queue,-6.938893903907228e-18,0.028523513419575357,,0.02852351341957535,-6.938893903907228e-18,-0.00956596111072927,-3.901289819854176e-34
0.0,2.0,16.0,4,price_history_current_queue,-6.938893903907228e-18,0.028523513419575357,,0.02852351341957535,-6.938893903907228e-18,-0.00956596111072927,-3.856503259058804e-34
0.0,2.0,16.0,4,queue_price_history,-6.938893903907228e-18,0.028523513419575357,,0.02852351341957535,-6.938893903907228e-18,-0.00956596111072927,-9.479494035411775e-35
0.0,2.0,16.0,4,marked_history,-6.938893903907228e-18,0.028523513419575357,,0.02852351341957535,-6.938893903907228e-18,-0.00956596111072927,-9.479494035411775e-35
0.0,2.0,16.0,4,price_only,0.02852351341957535,3.2064114075802437e-32,,-0.0025091251731847557,-0.0025091251731847557,-0.031698867031098255,-0.008899732672391122
0.0,2.0,1.0,5,current_queue,0.0,0.18368242717095254,,0.18368242717095254,0.0,0.2246101259205021,-1.5237405306493263e-33
0.0,2.0,1.0,5,price_history_current_queue,0.0,0.18368242717095254,,0.18368242717095254,0.0,0.2246101259205021,-1.3146909629759516e-33
0.0,2.0,1.0,5,queue_price_history,0.0,0.18368242717095254,,0.18368242717095254,0.0,0.2246101259205021,-4.5137719964685735e-34
0.0,2.0,1.0,5,marked_history,0.0,0.18368242717095254,,0.18368242717095254,0.0,0.2246101259205021,-4.5137719964685735e-34
0.0,2.0,1.0,5,price_only,0.18368242717095254,4.653800582516038e-31,,0.015276321200857174,0.015276321200857174,0.05184736890550623,0.004356651044900517
0.0,2.0,4.0,5,current_queue,-1.3877787807814457e-17,0.10446344065705049,,0.10446344065705047,-1.3877787807814457e-17,0.10818940047149728,-1.0407824005786333e-33
0.0,2.0,4.0,5,price_history_current_queue,-1.3877787807814457e-17,0.10446344065705049,,0.10446344065705047,-1.3877787807814457e-17,0.10818940047149728,-1.0909363324980444e-33
0.0,2.0,4.0,5,queue_price_history,-1.3877787807814457e-17,0.10446344065705049,,0.10446344065705047,-1.3877787807814457e-17,0.10818940047149728,-4.368303661245068e-34
0.0,2.0,4.0,5,marked_history,-1.3877787807814457e-17,0.10446344065705049,,0.10446344065705047,-1.3877787807814457e-17,0.10818940047149728,-4.368303661245068e-34
0.0,2.0,4.0,5,price_only,0.10446344065705047,1.1845496626166778e-31,,0.006096509760068411,0.006096509760068411,-0.018098316994909602,0.027920786569424816
0.0,2.0,16.0,5,current_queue,-6.938893903907228e-18,0.028523513419575357,,0.02852351341957535,-6.938893903907228e-18,0.051671776429440985,-2.2877947449378217e-34
0.0,2.0,16.0,5,price_history_current_queue,-6.938893903907228e-18,0.028523513419575357,,0.02852351341957535,-6.938893903907228e-18,0.051671776429440985,-2.3286054752709397e-34
0.0,2.0,16.0,5,queue_price_history,-6.938893903907228e-18,0.028523513419575357,,0.02852351341957535,-6.938893903907228e-18,0.051671776429440985,-8.578990128078194e-35
0.0,2.0,16.0,5,marked_history,-6.938893903907228e-18,0.028523513419575357,,0.02852351341957535,-6.938893903907228e-18,0.051671776429440985,-8.578990128078194e-35
0.0,2.0,16.0,5,price_only,0.02852351341957535,3.2045171126105887e-32,,0.0016231026134271194,0.0016231026134271194,0.025617736692851723,-0.0008463710695589682
0.0,2.0,1.0,6,current_queue,0.0,0.18368242717095254,,0.18368242717095254,0.0,0.18090519148892337,-1.871721453652533e-33
0.0,2.0,1.0,6,price_history_current_queue,0.0,0.18368242717095254,,0.18368242717095254,0.0,0.18090519148892337,-1.932873782386065e-33
0.0,2.0,1.0,6,queue_price_history,0.0,0.18368242717095254,,0.18368242717095254,0.0,0.18090519148892337,-3.937035559055198e-34
0.0,2.0,1.0,6,marked_history,0.0,0.18368242717095254,,0.18368242717095254,0.0,0.18090519148892337,-3.937035559055198e-34
0.0,2.0,1.0,6,price_only,0.18368242717095254,4.585624898023638e-31,,-0.0028076064193058303,-0.0028076064193058303,-0.010326574117083487,0.004741732015748484
0.0,2.0,4.0,6,current_queue,-1.3877787807814457e-17,0.10446344065705049,,0.10446344065705047,-1.3877787807814457e-17,0.21929570607557314,-1.4435448907867934e-33
0.0,2.0,4.0,6,price_history_current_queue,-1.3877787807814457e-17,0.10446344065705049,,0.10446344065705047,-1.3877787807814457e-17,0.21929570607557325,-1.1102230246251565e-16
0.0,2.0,4.0,6,queue_price_history,-1.3877787807814457e-17,0.10446344065705049,,0.10446344065705047,-1.3877787807814457e-17,0.21929570607557314,-2.7979592724755375e-34
0.0,2.0,4.0,6,marked_history,-1.3877787807814457e-17,0.10446344065705049,,0.10446344065705047,-1.3877787807814457e-17,0.21929570607557314,-2.7979592724755375e-34
0.0,2.0,4.0,6,price_only,0.10446344065705047,1.2307234641101754e-31,,-0.0037048591393167574,-0.0037048591393167574,0.1489941548783007,-0.03786674859909479
0.0,2.0,16.0,6,current_queue,-6.938893903907228e-18,0.028523513419575357,,0.02852351341957535,-6.938893903907228e-18,0.3074078885616409,-2.755512867202447e-34
0.0,2.0,16.0,6,price_history_current_queue,-6.938893903907228e-18,0.028523513419575357,,0.02852351341957535,-6.938893903907228e-18,0.3074078885616409,-3.6622360849760836e-34
0.0,2.0,16.0,6,queue_price_history,-6.938893903907228e-18,0.028523513419575357,,0.02852351341957535,-6.938893903907228e-18,0.3074078885616409,-9.66856903949215e-35
0.0,2.0,16.0,6,marked_history,-6.938893903907228e-18,0.028523513419575357,,0.02852351341957535,-6.938893903907228e-18,0.3074078885616409,-9.66856903949215e-35
0.0,2.0,16.0,6,price_only,0.02852351341957535,3.3544283847252275e-32,,-0.001087027623375779,-0.001087027623375779,0.29277139811804187,-0.014974050599352081
0.0,2.0,1.0,7,current_queue,0.0,0.18368242717095254,,0.18368242717095254,0.0,0.1586279192715141,-1.1102230246251565e-16
0.0,2.0,1.0,7,price_history_current_queue,0.0,0.18368242717095254,,0.18368242717095254,0.0,0.1586279192715141,-1.1102230246251565e-16
0.0,2.0,1.0,7,queue_price_history,0.0,0.18368242717095254,,0.18368242717095254,0.0,0.15862791927151398,-3.502982354203436e-34
0.0,2.0,1.0,7,marked_history,0.0,0.18368242717095254,,0.18368242717095254,0.0,0.15862791927151398,-3.502982354203436e-34
0.0,2.0,1.0,7,price_only,0.18368242717095254,4.7000820970553105e-31,,0.006001744410371934,0.006001744410371934,0.03630388314985877,-0.055356646638925394
0.0,2.0,4.0,7,current_queue,-1.3877787807814457e-17,0.10446344065705049,,0.10446344065705047,-1.3877787807814457e-17,0.015186279045542261,-1.182152961368274e-33
0.0,2.0,4.0,7,price_history_current_queue,-1.3877787807814457e-17,0.10446344065705049,,0.10446344065705047,-1.3877787807814457e-17,0.015186279045542261,-1.0711337425193837e-33
0.0,2.0,4.0,7,queue_price_history,-1.3877787807814457e-17,0.10446344065705049,,0.10446344065705047,-1.3877787807814457e-17,0.015186279045542261,-2.6836679771463285e-34
0.0,2.0,4.0,7,marked_history,-1.3877787807814457e-17,0.10446344065705049,,0.10446344065705047,-1.3877787807814457e-17,0.015186279045542261,-2.6836679771463285e-34
0.0,2.0,4.0,7,price_only,0.10446344065705047,1.1553160722117287e-31,,0.004071752233248321,0.004071752233248321,-0.06084290282294025,-0.024362506555319643
0.0,2.0,16.0,7,current_queue,-6.938893903907228e-18,0.028523513419575357,,0.02852351341957535,-6.938893903907228e-18,-0.025361464536231892,-2.4023949003546916e-34
0.0,2.0,16.0,7,price_history_current_queue,-6.938893903907228e-18,0.028523513419575357,,0.02852351341957535,-6.938893903907228e-18,-0.025361464536231892,-4.548173988070226e-34
0.0,2.0,16.0,7,queue_price_history,-6.938893903907228e-18,0.028523513419575357,,0.02852351341957535,-6.938893903907228e-18,-0.025361464536231892,-8.83627663774346e-35
0.0,2.0,16.0,7,marked_history,-6.938893903907228e-18,0.028523513419575357,,0.02852351341957535,-6.938893903907228e-18,-0.025361464536231892,-8.83627663774346e-35
0.0,2.0,16.0,7,price_only,0.02852351341957535,3.122597298348047e-32,,0.001135855077642245,0.001135855077642245,-0.03461327061028219,-0.01813585226788281
0.0,2.0,1.0,8,current_queue,0.0,0.18368242717095254,,0.18368242717095254,0.0,0.2150451496340029,-1.7683296274656212e-33
0.0,2.0,1.0,8,price_history_current_queue,0.0,0.18368242717095254,,0.18368242717095254,0.0,0.2150451496340029,-1.8539947050417897e-33
0.0,2.0,1.0,8,queue_price_history,0.0,0.18368242717095254,,0.18368242717095254,0.0,0.2150451496340029,-3.574535666498927e-34
0.0,2.0,1.0,8,marked_history,0.0,0.18368242717095254,,0.18368242717095254,0.0,0.2150451496340029,-3.574535666498927e-34
0.0,2.0,1.0,8,price_only,0.18368242717095254,4.567376965464388e-31,,-0.0026193353070791126,-0.0026193353070791126,-0.025870059872730833,0.05461344702870208
0.0,2.0,4.0,8,current_queue,-1.3877787807814457e-17,0.10446344065705049,,0.10446344065705047,-1.3877787807814457e-17,0.17963891845192081,-1.171272039189565e-33
0.0,2.0,4.0,8,price_history_current_queue,-1.3877787807814457e-17,0.10446344065705049,,0.10446344065705047,-1.3877787807814457e-17,0.17963891845192081,-1.257617721934478e-33
0.0,2.0,4.0,8,queue_price_history,-1.3877787807814457e-17,0.10446344065705049,,0.10446344065705047,-1.3877787807814457e-17,0.17963891845192081,-3.5552517728746114e-34
0.0,2.0,4.0,8,marked_history,-1.3877787807814457e-17,0.10446344065705049,,0.10446344065705047,-1.3877787807814457e-17,0.17963891845192081,-3.5552517728746114e-34
0.0,2.0,4.0,8,price_only,0.10446344065705047,1.2123632674730427e-31,,-0.007187307873925547,-0.007187307873925547,0.02853214027203277,0.039456029648912025
0.0,2.0,16.0,8,current_queue,-6.938893903907228e-18,0.028523513419575357,,0.02852351341957535,-6.938893903907228e-18,0.009513721968829492,-2.810193568475273e-34
0.0,2.0,16.0,8,price_history_current_queue,-6.938893903907228e-18,0.028523513419575357,,0.02852351341957535,-6.938893903907228e-18,0.009513721968829492,-3.0464046724090807e-34
0.0,2.0,16.0,8,queue_price_history,-6.938893903907228e-18,0.028523513419575357,,0.02852351341957535,-6.938893903907228e-18,0.009513721968829492,-7.871974803292932e-35
0.0,2.0,16.0,8,marked_history,-6.938893903907228e-18,0.028523513419575357,,0.02852351341957535,-6.938893903907228e-18,0.009513721968829492,-7.871974803292932e-35
0.0,2.0,16.0,8,price_only,0.02852351341957535,3.293271380509118e-32,,-0.0021723686699631137,-0.0021723686699631137,-0.017126849135178812,-0.00405531098553016
0.0,2.0,1.0,9,current_queue,0.0,0.18368242717095254,,0.18368242717095254,0.0,0.17032521059328187,1.1102230246251565e-16
0.0,2.0,1.0,9,price_history_current_queue,0.0,0.18368242717095254,,0.18368242717095254,0.0,0.17032521059328198,-1.8627328974294524e-33
0.0,2.0,1.0,9,queue_price_history,0.0,0.18368242717095254,,0.18368242717095254,0.0,0.17032521059328198,-3.540866708121359e-34
0.0,2.0,1.0,9,marked_history,0.0,0.18368242717095254,,0.18368242717095254,0.0,0.17032521059328198,-3.540866708121359e-34
0.0,2.0,1.0,9,price_only,0.18368242717095254,4.616883485708818e-31,,-0.011408318372835458,-0.011408318372835458,-0.056957031384025525,0.03219149643351951
0.0,2.0,4.0,9,current_queue,-1.3877787807814457e-17,0.10446344065705049,,0.10446344065705047,-1.3877787807814457e-17,0.11151850802701202,-1.1127824634060191e-33
0.0,2.0,4.0,9,price_history_current_queue,-1.3877787807814457e-17,0.10446344065705049,,0.10446344065705047,-1.3877787807814457e-17,0.11151850802701202,-1.2981497118990259e-33
0.0,2.0,4.0,9,queue_price_history,-1.3877787807814457e-17,0.10446344065705049,,0.10446344065705047,-1.3877787807814457e-17,0.11151850802701202,-3.075130841338507e-34
0.0,2.0,4.0,9,marked_history,-1.3877787807814457e-17,0.10446344065705049,,0.10446344065705047,-1.3877787807814457e-17,0.11151850802701202,-3.075130841338507e-34
0.0,2.0,4.0,9,price_only,0.10446344065705047,1.1747280215450035e-31,,-0.005060427044413965,-0.005060427044413965,-0.04529941706729268,0.04729405739284026
0.0,2.0,16.0,9,current_queue,-6.938893903907228e-18,0.028523513419575357,,0.02852351341957535,-6.938893903907228e-18,0.13807328955026177,-2.752836487487334e-34
0.0,2.0,16.0,9,price_history_current_queue,-6.938893903907228e-18,0.028523513419575357,,0.02852351341957535,-6.938893903907228e-18,0.13807328955026177,-3.9737672479689635e-34
0.0,2.0,16.0,9,queue_price_history,-6.938893903907228e-18,0.028523513419575357,,0.02852351341957535,-6.938893903907228e-18,0.13807328955026177,-1.0497778153625916e-34
0.0,2.0,16.0,9,marked_history,-6.938893903907228e-18,0.028523513419575357,,0.02852351341957535,-6.938893903907228e-18,0.13807328955026177,-1.0497778153625916e-34
0.0,2.0,16.0,9,price_only,0.02852351341957535,3.172744534861991e-32,,-0.0012851554223816467,-0.0012851554223816467,0.09070608329462526,0.01755853741367951
0.0,2.0,1.0,10,current_queue,0.0,0.18368242717095254,,0.18368242717095254,0.0,0.21373980764779799,-1.8638142959867844e-33
0.0,2.0,1.0,10,price_history_current_queue,0.0,0.18368242717095254,,0.18368242717095254,0.0,0.21373980764779799,-1.38467848910699e-33
0.0,2.0,1.0,10,queue_price_history,0.0,0.18368242717095254,,0.18368242717095254,0.0,0.21373980764779799,-2.4098554386648926e-34
0.0,2.0,1.0,10,marked_history,0.0,0.18368242717095254,,0.18368242717095254,0.0,0.21373980764779799,-2.4098554386648926e-34
0.0,2.0,1.0,10,price_only,0.18368242717095254,4.651393235796796e-31,,0.0031406448130853193,0.0031406448130853193,-0.0414135456283784,0.07461157091830917
0.0,2.0,4.0,10,current_queue,-1.3877787807814457e-17,0.10446344065705049,,0.10446344065705047,-1.3877787807814457e-17,0.16631722083125755,-1.1102230246251565e-16
0.0,2.0,4.0,10,price_history_current_queue,-1.3877787807814457e-17,0.10446344065705049,,0.10446344065705047,-1.3877787807814457e-17,0.16631722083125744,-1.1339312572944685e-33
0.0,2.0,4.0,10,queue_price_history,-1.3877787807814457e-17,0.10446344065705049,,0.10446344065705047,-1.3877787807814457e-17,0.16631722083125755,-1.1102230246251565e-16
0.0,2.0,4.0,10,marked_history,-1.3877787807814457e-17,0.10446344065705049,,0.10446344065705047,-1.3877787807814457e-17,0.16631722083125755,-1.1102230246251565e-16
0.0,2.0,4.0,10,price_only,0.10446344065705047,1.2139888535608165e-31,,-0.0002894634908027771,-0.0002894634908027771,0.04407562602768034,0.01748869065572385
0.0,2.0,16.0,10,current_queue,-6.938893903907228e-18,0.028523513419575357,,0.02852351341957535,-6.938893903907228e-18,-0.03752779703617626,-2.527198086108746e-34
0.0,2.0,16.0,10,price_history_current_queue,-6.938893903907228e-18,0.028523513419575357,,0.02852351341957535,-6.938893903907228e-18,-0.03752779703617626,-2.972724970261126e-34
0.0,2.0,16.0,10,queue_price_history,-6.938893903907228e-18,0.028523513419575357,,0.02852351341957535,-6.938893903907228e-18,-0.03752779703617626,-8.41913714874072e-35
0.0,2.0,16.0,10,marked_history,-6.938893903907228e-18,0.028523513419575357,,0.02852351341957535,-6.938893903907228e-18,-0.03752779703617626,-8.41913714874072e-35
0.0,2.0,16.0,10,price_only,0.02852351341957535,3.2829504181862883e-32,,-0.0001311707133985797,-0.0001311707133985797,-0.066671709981305,0.0004892288121548169
0.0,2.0,1.0,11,current_queue,0.0,0.18368242717095254,,0.18368242717095254,0.0,0.22647498672697575,-1.55421418955205e-33
0.0,2.0,1.0,11,price_history_current_queue,0.0,0.18368242717095254,,0.18368242717095254,0.0,0.22647498672697575,-1.735658777006725e-33
0.0,2.0,1.0,11,queue_price_history,0.0,0.18368242717095254,,0.18368242717095254,0.0,0.22647498672697575,-3.2910880708505597e-34
0.0,2.0,1.0,11,marked_history,0.0,0.18368242717095254,,0.18368242717095254,0.0,0.22647498672697575,-3.2910880708505597e-34
0.0,2.0,1.0,11,price_only,0.18368242717095254,4.674290553466723e-31,,0.010831744781684666,0.010831744781684666,0.05184736890550623,0.0017769354322016429
0.0,2.0,4.0,11,current_queue,-1.3877787807814457e-17,0.10446344065705049,,0.10446344065705047,-1.3877787807814457e-17,0.15590155791407545,-8.625275024403521e-34
0.0,2.0,4.0,11,price_history_current_queue,-1.3877787807814457e-17,0.10446344065705049,,0.10446344065705047,-1.3877787807814457e-17,0.15590155791407545,-1.0438370651380605e-33
0.0,2.0,4.0,11,queue_price_history,-1.3877787807814457e-17,0.10446344065705049,,0.10446344065705047,-1.3877787807814457e-17,0.15590155791407545,-2.9449826557457547e-34
0.0,2.0,4.0,11,marked_history,-1.3877787807814457e-17,0.10446344065705049,,0.10446344065705047,-1.3877787807814457e-17,0.15590155791407545,-2.9449826557457547e-34
0.0,2.0,4.0,11,price_only,0.10446344065705047,1.2060265561690988e-31,,0.0031782315181104887,0.0031782315181104887,0.05184736890550401,0.002768979869631455
0.0,2.0,16.0,11,current_queue,-6.938893903907228e-18,0.028523513419575357,,0.02852351341957535,-6.938893903907228e-18,0.07362873778056023,-2.1446733329128847e-34
0.0,2.0,16.0,11,price_history_current_queue,-6.938893903907228e-18,0.028523513419575357,,0.02852351341957535,-6.938893903907228e-18,0.07362873778056023,-3.066598255395134e-34
0.0,2.0,16.0,11,queue_price_history,-6.938893903907228e-18,0.028523513419575357,,0.02852351341957535,-6.938893903907228e-18,0.07362873778056023,-8.649236688279369e-35
0.0,2.0,16.0,11,marked_history,-6.938893903907228e-18,0.028523513419575357,,0.02852351341957535,-6.938893903907228e-18,0.07362873778056023,-8.649236688279369e-35
0.0,2.0,16.0,11,price_only,0.02852351341957535,3.2585624543853e-32,,0.0008108690873097589,0.0008108690873097589,0.05476177248469061,-0.008845679036395972
0.0,2.0,1.0,12,current_queue,0.0,0.18368242717095254,,0.18368242717095254,0.0,0.289845490726651,-1.273178726217192e-33
0.0,2.0,1.0,12,price_history_current_queue,0.0,0.18368242717095254,,0.18368242717095254,0.0,0.289845490726651,-1.4719119639475666e-33
0.0,2.0,1.0,12,queue_price_history,0.0,0.18368242717095254,,0.18368242717095254,0.0,0.289845490726651,-5.02735867751504e-34
0.0,2.0,1.0,12,marked_history,0.0,0.18368242717095254,,0.18368242717095254,0.0,0.289845490726651,-5.02735867751504e-34
0.0,2.0,1.0,12,price_only,0.18368242717095254,4.7387477647732845e-31,,0.018810825825436084,0.018810825825436084,0.1295647976837434,-0.004590908302608859
0.0,2.0,4.0,12,current_queue,-1.3877787807814457e-17,0.10446344065705049,,0.10446344065705047,-1.3877787807814457e-17,-0.05124388649051714,-1.1609251530543764e-33
0.0,2.0,4.0,12,price_history_current_queue,-1.3877787807814457e-17,0.10446344065705049,,0.10446344065705047,-1.3877787807814457e-17,-0.05124388649051714,-1.1706074695918613e-33
0.0,2.0,4.0,12,queue_price_history,-1.3877787807814457e-17,0.10446344065705049,,0.10446344065705047,-1.3877787807814457e-17,-0.05124388649051714,-3.908301797541336e-34
0.0,2.0,4.0,12,marked_history,-1.3877787807814457e-17,0.10446344065705049,,0.10446344065705047,-1.3877787807814457e-17,-0.05124388649051714,-3.908301797541336e-34
0.0,2.0,4.0,12,price_only,0.10446344065705047,1.1761037496962126e-31,,0.004545093866394123,0.004545093866394123,-0.154103817356825,0.002941584075651496
0.0,2.0,16.0,12,current_queue,-6.938893903907228e-18,0.028523513419575357,,0.02852351341957535,-6.938893903907228e-18,-0.0431951738696259,-2.311275302193995e-34
0.0,2.0,16.0,12,price_history_current_queue,-6.938893903907228e-18,0.028523513419575357,,0.02852351341957535,-6.938893903907228e-18,-0.0431951738696259,-3.492447758053102e-34
0.0,2.0,16.0,12,queue_price_history,-6.938893903907228e-18,0.028523513419575357,,0.02852351341957535,-6.938893903907228e-18,-0.0431951738696259,-7.906370865725895e-35
0.0,2.0,16.0,12,marked_history,-6.938893903907228e-18,0.028523513419575357,,0.02852351341957535,-6.938893903907228e-18,-0.0431951738696259,-7.906370865725895e-35
0.0,2.0,16.0,12,price_only,0.02852351341957535,3.170470450285928e-32,,0.001079603844717423,0.001079603844717423,-0.059871434963209236,-0.010767648481274594
0.0,2.0,1.0,13,current_queue,0.0,0.18368242717095254,,0.18368242717095254,0.0,0.06768937288514065,-1.6495932435306604e-33
0.0,2.0,1.0,13,price_history_current_queue,0.0,0.18368242717095254,,0.18368242717095254,0.0,0.06768937288514065,-1.448577922966024e-33
0.0,2.0,1.0,13,queue_price_history,0.0,0.18368242717095254,,0.18368242717095254,0.0,0.06768937288514065,-4.301885003293958e-34
0.0,2.0,1.0,13,marked_history,0.0,0.18368242717095254,,0.18368242717095254,0.0,0.06768937288514065,-4.301885003293958e-34
0.0,2.0,1.0,13,price_only,0.18368242717095254,4.600727201425853e-31,,0.011166493459231958,0.011166493459231958,-0.08804400289532066,-0.016782557931259268
0.0,2.0,4.0,13,current_queue,-1.3877787807814457e-17,0.10446344065705049,,0.10446344065705047,-1.3877787807814457e-17,0.14930568161972457,-9.861262130638744e-34
0.0,2.0,4.0,13,price_history_current_queue,-1.3877787807814457e-17,0.10446344065705049,,0.10446344065705047,-1.3877787807814457e-17,0.14930568161972457,-8.32834561506038e-34
0.0,2.0,4.0,13,queue_price_history,-1.3877787807814457e-17,0.10446344065705049,,0.10446344065705047,-1.3877787807814457e-17,0.14930568161972457,-3.2230284929583215e-34
0.0,2.0,4.0,13,marked_history,-1.3877787807814457e-17,0.10446344065705049,,0.10446344065705047,-1.3877787807814457e-17,0.14930568161972457,-3.2230284929583215e-34
0.0,2.0,4.0,13,price_only,0.10446344065705047,1.1912555015716715e-31,,-2.6061260306686762e-05,-2.6061260306686762e-05,0.032418011710944605,0.012398167991422807
0.0,2.0,16.0,13,current_queue,-6.938893903907228e-18,0.028523513419575357,,0.02852351341957535,-6.938893903907228e-18,0.036912013551927636,-2.616544306829851e-34
0.0,2.0,16.0,13,price_history_current_queue,-6.938893903907228e-18,0.028523513419575357,,0.02852351341957535,-6.938893903907228e-18,0.036912013551927636,-3.513327948447858e-34
0.0,2.0,16.0,13,queue_price_history,-6.938893903907228e-18,0.028523513419575357,,0.02852351341957535,-6.938893903907228e-18,0.036912013551927636,-8.821467357673552e-35
0.0,2.0,16.0,13,marked_history,-6.938893903907228e-18,0.028523513419575357,,0.02852351341957535,-6.938893903907228e-18,0.036912013551927636,-8.821467357673552e-35
0.0,2.0,16.0,13,price_only,0.02852351341957535,3.2322950777565117e-32,,-0.00020088088996694786,-0.00020088088996694786,0.0042454437788364,0.003942175463548938
0.0,2.0,1.0,14,current_queue,0.0,0.18368242717095254,,0.18368242717095254,0.0,0.002737018708202976,-2.1327960720851978e-33
0.0,2.0,1.0,14,price_history_current_queue,0.0,0.18368242717095254,,0.18368242717095254,0.0,0.002737018708202976,-1.8246138492831664e-33
0.0,2.0,1.0,14,queue_price_history,0.0,0.18368242717095254,,0.18368242717095254,0.0,0.002737018708202976,-2.7372698198357796e-34
0.0,2.0,1.0,14,marked_history,0.0,0.18368242717095254,,0.18368242717095254,0.0,0.002737018708202976,-2.7372698198357796e-34
0.0,2.0,1.0,14,price_only,0.18368242717095254,4.595200200642023e-31,,-0.00929993255495798,-0.00929993255495798,-0.243478860451795,0.05323351943408747
0.0,2.0,4.0,14,current_queue,-1.3877787807814457e-17,0.10446344065705049,,0.10446344065705047,-1.3877787807814457e-17,0.03004377376591516,-1.4046242261189443e-33
0.0,2.0,4.0,14,price_history_current_queue,-1.3877787807814457e-17,0.10446344065705049,,0.10446344065705047,-1.3877787807814457e-17,0.03004377376591505,1.1102230246251565e-16
0.0,2.0,4.0,14,queue_price_history,-1.3877787807814457e-17,0.10446344065705049,,0.10446344065705047,-1.3877787807814457e-17,0.03004377376591516,-4.900896708488793e-34
0.0,2.0,4.0,14,marked_history,-1.3877787807814457e-17,0.10446344065705049,,0.10446344065705047,-1.3877787807814457e-17,0.03004377376591516,-4.900896708488793e-34
0.0,2.0,4.0,14,price_only,0.10446344065705047,1.1752881377674037e-31,,-0.0018363093795051577,-0.0018363093795051577,-0.11135923152879457,0.035103255258154095
0.0,2.0,16.0,14,current_queue,-6.938893903907228e-18,0.028523513419575357,,0.02852351341957535,-6.938893903907228e-18,-0.05229840069380276,-2.6852125254599538e-34
0.0,2.0,16.0,14,price_history_current_queue,-6.938893903907228e-18,0.028523513419575357,,0.02852351341957535,-6.938893903907228e-18,-0.05229840069380276,-4.242451768572093e-34
0.0,2.0,16.0,14,queue_price_history,-6.938893903907228e-18,0.028523513419575357,,0.02852351341957535,-6.938893903907228e-18,-0.05229840069380276,-1.3792691548001677e-34
0.0,2.0,16.0,14,marked_history,-6.938893903907228e-18,0.028523513419575357,,0.02852351341957535,-6.938893903907228e-18,-0.05229840069380276,-1.3792691548001677e-34
0.0,2.0,16.0,14,price_only,0.02852351341957535,3.1847190476732385e-32,,-0.00039397870554215217,-0.00039397870554215217,-0.08707253503559231,0.0058566422166720505
0.0,2.0,1.0,15,current_queue,0.0,0.18368242717095254,,0.18368242717095254,0.0,-0.03532622952334252,-1.7462694893478144e-33
0.0,2.0,1.0,15,price_history_current_queue,0.0,0.18368242717095254,,0.18368242717095254,0.0,-0.03532622952334252,-1.3448922291805372e-33
0.0,2.0,1.0,15,queue_price_history,0.0,0.18368242717095254,,0.18368242717095254,0.0,-0.03532622952334252,-3.410355997027818e-34
0.0,2.0,1.0,15,marked_history,0.0,0.18368242717095254,,0.18368242717095254,0.0,-0.03532622952334252,-3.410355997027818e-34
0.0,2.0,1.0,15,price_only,0.18368242717095254,4.545974934623217e-31,,0.0055806804301291035,0.0055806804301291035,-0.29010931771873727,0.07668134145457131
0.0,2.0,4.0,15,current_queue,-1.3877787807814457e-17,0.10446344065705049,,0.10446344065705047,-1.3877787807814457e-17,-0.028202250927693795,-9.284478326108214e-34
0.0,2.0,4.0,15,price_history_current_queue,-1.3877787807814457e-17,0.10446344065705049,,0.10446344065705047,-1.3877787807814457e-17,-0.028202250927693795,-8.538542369675658e-34
0.0,2.0,4.0,15,queue_price_history,-1.3877787807814457e-17,0.10446344065705049,,0.10446344065705047,-1.3877787807814457e-17,-0.028202250927693795,-3.8960586878557865e-34
0.0,2.0,4.0,15,marked_history,-1.3877787807814457e-17,0.10446344065705049,,0.10446344065705047,-1.3877787807814457e-17,-0.028202250927693795,-3.8960586878557865e-34
0.0,2.0,4.0,15,price_only,0.10446344065705047,1.1385617978004763e-31,,0.0038315880525153917,0.0038315880525153917,-0.14244620304008948,0.013612099507860603
0.0,2.0,16.0,15,current_queue,-6.938893903907228e-18,0.028523513419575357,,0.02852351341957535,-6.938893903907228e-18,-0.1552034320973017,-2.3579415860362685e-34
0.0,2.0,16.0,15,price_history_current_queue,-6.938893903907228e-18,0.028523513419575357,,0.02852351341957535,-6.938893903907228e-18,-0.1552034320973017,-3.4793596487715256e-34
0.0,2.0,16.0,15,queue_price_history,-6.938893903907228e-18,0.028523513419575357,,0.02852351341957535,-6.938893903907228e-18,-0.1552034320973017,-6.300924416174826e-35
0.0,2.0,16.0,15,marked_history,-6.938893903907228e-18,0.028523513419575357,,0.02852351341957535,-6.938893903907228e-18,-0.1552034320973017,-6.300924416174826e-35
0.0,2.0,16.0,15,price_only,0.02852351341957535,3.0738025105887036e-32,,0.0010647396436163636,0.0010647396436163636,-0.1987913389043081,0.01612913303104743
0.5,0.02,1.0,0,current_queue,0.03359668110823655,0.39451253939237046,0.0,0.39239934429069684,-0.002113195101673626,0.3873894396228381,-0.0021211634072871785
0.5,0.02,1.0,0,price_history_current_queue,0.007004053933546028,0.421105166567061,0.7915254214848944,0.41289217322355465,-0.008212993343506336,0.40107915734962685,0.004681947798781914
0.5,0.02,1.0,0,queue_price_history,0.004279573789255475,0.42382964671135154,0.8726191502229577,0.41501413533434905,-0.008815511377002483,0.4048683286796656,0.0030147385795375667
0.5,0.02,1.0,0,marked_history,0.005557878505731473,0.42255134199487554,0.8345706086911988,0.41594372915353484,-0.006607612841340704,0.41074330041593876,-0.0019306393375498315
0.5,0.02,1.0,0,price_only,0.23029603605641308,0.19781318444419393,,0.19518825210668425,-0.0026249323375096834,0.15058849904509675,0.0374686849864416
0.5,0.02,4.0,0,current_queue,0.1656665513967039,0.46539123890202966,0.0,0.4745894934361825,0.00919825453415285,0.48235722961216154,-0.012285078455954085
0.5,0.02,4.0,0,price_history_current_queue,0.05393530029395843,0.5771224900047751,0.6744345805520792,0.5709740221332542,-0.006148467871520902,0.5654529000179853,0.0010037798352938582
0.5,0.02,4.0,0,queue_price_history,0.038259859976111255,0.5927979303226223,0.769055010480091,0.5790331518023343,-0.013764778520288012,0.5728395264383154,0.0016762830840438905
0.5,0.02,4.0,0,marked_history,0.0378717327315663,0.5931860575671672,0.7713978324998211,0.5857305753553375,-0.007455482211829789,0.583700215986773,-0.0024869829114106123
0.5,0.02,4.0,0,price_only,0.20442426064966268,0.42663352964907086,,0.41435034621607186,-0.012283183432999,0.3767934404922827,0.033039563443814146
0.5,0.02,16.0,0,current_queue,0.22775691889427457,0.3884672927211263,0.0,0.40222767574771834,0.013760383026592049,0.3865831047548809,-0.09705132720096635
0.5,0.02,16.0,0,price_history_current_queue,0.07968791685456444,0.5365362947608364,0.650118568334006,0.5378147363720825,0.0012784416112461283,0.42196842282025704,0.003150415358021727
0.5,0.02,16.0,0,queue_price_history,0.055638610860782034,0.5605856007546188,0.7557105569793485,0.5463782386933442,-0.014207362061274598,0.42217226840660294,0.011510072092937543
0.5,0.02,16.0,0,marked_history,0.05383913047710376,0.5623850811382971,0.7636114382891874,0.556143049758721,-0.0062420313795761295,0.43416336871135164,0.009283782853565604
0.5,0.02,16.0,0,price_only,0.1817785782999684,0.43444563331543246,,0.4287792405255567,-0.0056663927898757405,0.2913949817637257,0.024688360568027284
0.5,0.02,1.0,1,current_queue,0.03359668110823655,0.39451253939237046,0.0,0.3950936027402848,0.0005810633479143568,0.39432993218902324,0.0026856355754703576
0.5,0.02,1.0,1,price_history_current_queue,0.014681712867851693,0.4134275076327553,0.5630010946452586,0.41651854977112746,0.0030910421383721354,0.42667681761137877,-0.008236302816042533
0.5,0.02,1.0,1,queue_price_history,0.014794427573344482,0.41331479292726253,0.5596461589261719,0.4163962870136228,0.0030814940863602702,0.42577872932582095,-0.0074604772879893755
0.5,0.02,1.0,1,marked_history,0.01268364744733469,0.4154255730532723,0.6224732018477512,0.41865796511543724,0.0032323920621649127,0.4271056868685872,-0.006525756728941186
0.5,0.02,1.0,1,price_only,0.22562196702218368,0.20248725347842333,,0.17209054999800005,-0.03039670348042328,0.2336940124508624,-0.059681497428653585
0.5,0.02,4.0,1,current_queue,0.1656665513967039,0.46539123890202966,0.0,0.48249869453779554,0.017107455635765878,0.5005377653621237,-0.012080550671318913
0.5,0.02,4.0,1,price_history_current_queue,0.07807177289566514,0.5529860174030684,0.5287414856079484,0.5645275569399588,0.01154153953689041,0.591166991153423,-0.020680914060454914
0.5,0.02,4.0,1,queue_price_history,0.07637407759645154,0.554683712702282,0.5389891504799497,0.5724986430669059,0.017814930364623893,0.5955578037431281,-0.017100640523212945
0.5,0.02,4.0,1,marked_history,0.06793280975689109,0.5631249805418425,0.5899425129323801,0.5813368463025551,0.018211865760712653,0.599311202961698,-0.012015836506133692
0.5,0.02,4.0,1,price_only,0.20478497589468259,0.42627281440405096,,0.37947048197194866,-0.0468023324321023,0.4677981509568889,-0.08236914883193103
0.5,0.02,16.0,1,current_queue,0.22775691889427457,0.3884672927211263,0.0,0.4123168785046856,0.023849585783559335,0.4264301520590069,-0.07539446512277764
0.5,0.02,16.0,1,price_history_current_queue,0.11265810951973831,0.5035661020956625,0.5053581245009969,0.510231563256716,0.0066654611610534875,0.47248423359555125,-0.02353386190729158
0.5,0.02,16.0,1,queue_price_history,0.10871217817215484,0.507512033443246,0.5226833121033774,0.5274927983037626,0.019980764860516587,0.4830721067455048,-0.016860500010198537
0.5,0.02,16.0,1,marked_history,0.09594747533346504,0.5202767362819358,0.5787286032877704,0.5401273898921993,0.019850653610263502,0.48448711417445556,-0.005640915850712538
0.5,0.02,16.0,1,price_only,0.1858065234387966,0.43041768817660425,,0.3787341153283352,-0.05168357284826908,0.3754672087474442,-0.05801428498756539
0.5,0.02,1.0,2,current_queue,0.03359668110823655,0.39451253939237046,0.0,0.39272639277939475,-0.0017861466129757142,0.3960497307288,0.02384527155867989
0.5,0.02,1.0,2,price_history_current_queue,0.011987171312414613,0.4161220491881924,0.6432037059316599,0.4140071463220476,-0.0021149028661447966,0.4237098970404728,0.01746585878965993
0.5,0.02,1.0,2,queue_price_history,0.009192102951830483,0.41891711754877653,0.7263984819745498,0.417304018621168,-0.001613098927608525,0.4324255800637993,0.012047048065453855
0.5,0.02,1.0,2,marked_history,0.005951530297810759,0.42215769020279625,0.8228536241827862,0.4183301624465732,-0.0038275277562230814,0.4391465775263427,0.00635219442831564
0.5,0.02,1.0,2,price_only,0.2283839736102529,0.19972524689035412,,0.22348227034402282,0.023757023453668702,0.24496218033378503,0.005688699518322932
0.5,0.02,4.0,2,current_queue,0.1656665513967039,0.46539123890202966,0.0,0.46836444163843405,0.00297320273640439,0.47516240067176596,-0.007915262223651437
0.5,0.02,4.0,2,price_history_current_queue,0.0555556756048835,0.57550211469385,0.6646536362560581,0.5772025739625601,0.0017004592687100972,0.5776849454827073,-0.0015996747104667641
0.5,0.02,4.0,2,queue_price_history,0.04443459195570165,0.5866231983430319,0.7317829605247296,0.5887237841497349,0.002100585806703026,0.5959847966633453,-0.00837831570392985
0.5,0.02,4.0,2,marked_history,0.037201895624561,0.5938558946741725,0.7754411176491649,0.5922269122546151,-0.0016289824195574454,0.6038156648082849,-0.012706055743989315
0.5,0.02,4.0,2,price_only,0.1987260982023506,0.43233169209638295,,0.455634180227225,0.02330248813084207,0.46323083140548227,-0.008713954368576832
0.5,0.02,16.0,2,current_queue,0.22775691889427457,0.3884672927211263,0.0,0.3971247296258506,0.008657436904724314,0.38846549476270464,0.0017376113168510732
0.5,0.02,16.0,2,price_history_current_queue,0.07899784133492271,0.5372263702804781,0.6531484456391257,0.5421222171160303,0.004895846835552109,0.5034735788609583,0.03172701470877705
0.5,0.02,16.0,2,queue_price_history,0.06361299206017945,0.5526112195552214,0.7206978722358428,0.5578241499148502,0.005212930359628776,0.5242052811739081,0.026697245194647223
0.5,0.02,16.0,2,marked_history,0.05707166942067421,0.5591525421947267,0.7494185041765206,0.5640040484675327,0.004851506272806061,0.5397503512707205,0.01733207365051736
0.5,0.02,16.0,2,price_only,0.17514949655760453,0.44107471505779633,,0.4562284190677874,0.015153704009991054,0.40253117998283283,0.046775615538659665
0.5,0.02,1.0,3,current_queue,0.03359668110823655,0.39451253939237046,0.0,0.393867381276337,-0.0006451581160334396,0.43131597857633475,-0.0008012847005566745
0.5,0.02,1.0,3,price_history_current_queue,0.012226441379460051,0.41588277912114696,0.6360818695135151,0.41991190058347483,0.004029121462327867,0.4561227460259477,0.00043646715696817225
0.5,0.02,1.0,3,queue_price_history,0.009956141500400972,0.41815307900020604,0.7036569931319755,0.42186024244573445,0.0037071634455284053,0.4561970813666615,0.0023104736785139997
0.5,0.02,1.0,3,marked_history,0.008462506785099688,0.4196467137155073,0.7481147986660794,0.4225212886375311,0.0028745749220237538,0.4584252285262941,0.0007433727106780268
0.5,0.02,1.0,3,price_only,0.22909532669142785,0.19901389380917917,,0.22731852494280685,0.02830463113362769,0.28830934615462434,-0.02434350861237644
0.5,0.02,4.0,3,current_queue,0.1656665513967039,0.46539123890202966,0.0,0.45824418998341704,-0.00714704891861262,0.43862751024909774,0.014672459987058961
0.5,0.02,4.0,3,price_history_current_queue,0.058081973418427024,0.5729758168803065,0.6494043430689617,0.5840214937075285,0.011045676827222017,0.5825127899147431,-0.0034355159544749297
0.5,0.02,4.0,3,queue_price_history,0.04736072634152977,0.5836970639572038,0.7141201652220059,0.5943880775475959,0.010691013590392151,0.5888688101830217,0.000575047617313848
0.5,0.02,4.0,3,marked_history,0.03702683883078661,0.5940309514679469,0.7764977992321309,0.5985594544113698,0.004528502943422885,0.5908943674167824,0.002720867247327126
0.5,0.02,4.0,3,price_only,0.1991563318475047,0.43190145845122885,,0.47141674139455186,0.039515282943323016,0.49423183718240304,-0.027759315535111517
0.5,0.02,16.0,3,current_queue,0.22775691889427457,0.3884672927211263,0.0,0.3783630672509946,-0.010104225470131678,0.3575929840455154,0.03462158049492031
0.5,0.02,16.0,3,price_history_current_queue,0.08292610516221277,0.5332981064531881,0.6359008298636701,0.5477713016563523,0.014473195203164257,0.5719545757524722,-0.010331776806678697
0.5,0.02,16.0,3,queue_price_history,0.06832785381102735,0.5478963578043735,0.6999965834506862,0.5619942390404072,0.014097881236033727,0.577429819953297,-0.0015840836234486122
0.5,0.02,16.0,3,marked_history,0.05310455319209573,0.5631196584233051,0.7668367070914451,0.5676582709851237,0.0045386125618185336,0.5779215242928964,0.0035882439816683487
0.5,0.02,16.0,3,price_only,0.17560266539620983,0.44062154621919103,,0.480776124143652,0.04015457792446098,0.5283569492750972,-0.033729327842004136
0.5,0.02,1.0,4,current_queue,0.03359668110823655,0.39451253939237046,0.0,0.4021943269731803,0.00768178758080984,0.375144852814972,-0.003542936661519707
0.5,0.02,1.0,4,price_history_current_queue,0.013266584733014009,0.414842635767593,0.6051221639937053,0.42159955999441917,0.0067569242268261664,0.39559529935248183,-0.004588150177790668
0.5,0.02,1.0,4,queue_price_history,0.012913135666696218,0.4151960848339108,0.6156425206080717,0.4216760047971903,0.006479919963279512,0.3969892578750446,-0.005905663897582293
0.5,0.02,1.0,4,marked_history,0.011908343544141942,0.41620087695646507,0.6455500022226155,0.4216035256041737,0.005402648647708619,0.3964171662294378,-0.005406051444992125
0.5,0.02,1.0,4,price_only,0.2263094248623633,0.2017997956382437,,0.1958837482051342,-0.0059160474331095,0.16721289850543375,-0.0019215611200275595
0.5,0.02,4.0,4,current_queue,0.1656665513967039,0.46539123890202966,0.0,0.49809778237856017,0.032706543476530514,0.43747283622048483,0.029652539129482097
0.5,0.02,4.0,4,price_history_current_queue,0.06659745089823033,0.5644603394005032,0.5980030347903086,0.5854097911092455,0.020949451708742295,0.5309033061532664,0.023534077927385794
0.5,0.02,4.0,4,queue_price_history,0.0637243702397362,0.5673334200589973,0.6153455860432423,0.5878086853899003,0.020475265330902936,0.5373795962217291,0.019456682139577908
0.5,0.02,4.0,4,marked_history,0.06102341608495809,0.5700343742137755,0.6316491435930728,0.589873926118156,0.01983955190438058,0.5393239779292684,0.019577541160294323
0.5,0.02,4.0,4,price_only,0.1900699927203407,0.44098779757839285,,0.4509770353795516,0.009989237801158735,0.3697246743916067,0.050279953959351587
0.5,0.02,16.0,4,current_queue,0.22775691889427457,0.3884672927211263,0.0,0.4331917524694158,0.044724459748289536,0.343648010866454,0.03117027805146072
0.5,0.02,16.0,4,price_history_current_queue,0.09634310720038874,0.5198811044150121,0.5769915238223279,0.545726630981923,0.02584552656691086,0.46637720776657376,0.020975959663848118
0.5,0.02,16.0,4,queue_price_history,0.09215114327829688,0.524073068337104,0.5953969533585335,0.5501490318905043,0.02607596355340036,0.4701509935326116,0.021624574806391655
0.5,0.02,16.0,4,marked_history,0.08841153720308159,0.5278126744123193,0.6118162397335447,0.5551260879599472,0.02731341354762795,0.4729945620906921,0.023758062317754028
0.5,0.02,16.0,4,price_only,0.16495540540397197,0.4512688062114289,,0.4600237362673838,0.008754930055954901,0.3807598300045487,0.02089044271133403
0.5,0.02,1.0,5,current_queue,0.03359668110823655,0.39451253939237046,0.0,0.38646483958067124,-0.008047699811699227,0.39468125790104114,0.015384923085431643
0.5,0.02,1.0,5,price_history_current_queue,0.0060904980345138915,0.4220187224660931,0.8187172710633983,0.4163227294419076,-0.005695993024185497,0.441485979524049,-0.001561908676339827
0.5,0.02,1.0,5,queue_price_history,0.0043021682761628655,0.42380705222444415,0.8719466288261388,0.4173581803236895,-0.00644887190075466,0.4409518334760767,7.688253414361162e-06
0.5,0.02,1.0,5,marked_history,0.0040219084941389704,0.42408731200646804,0.880288517750256,0.4193627115525302,-0.004724600453937855,0.4412399072273653,0.0017241457309664435
0.5,0.02,1.0,5,price_only,0.21933533432269736,0.20877388617790965,,0.23321956435570643,0.024445678177796776,0.2725468351844966,-0.015725929422988644
0.5,0.02,4.0,5,current_queue,0.1656665513967039,0.46539123890202966,0.0,0.4525014794144927,-0.012889759487536956,0.5355243792433457,-0.019014066312525696
0.5,0.02,4.0,5,price_history_current_queue,0.050537575886151154,0.5805202144125824,0.6949439976864475,0.5779836709434819,-0.002536543469100483,0.6518749221303312,-0.009882417670521844
0.5,0.02,4.0,5,queue_price_history,0.03779254993234937,0.5932652403663842,0.7718757974151849,0.5878837243857034,-0.005381515980680818,0.6600712606484697,-0.008178702746438997
0.5,0.02,4.0,5,marked_history,0.0337827631262837,0.5972750271724498,0.7960797587595836,0.5906245869708447,-0.006650440201605101,0.6618377733669182,-0.0072043528797461065
0.5,0.02,4.0,5,price_only,0.18658441762846,0.44447337267027354,,0.48695787080650565,0.04248449813623212,0.5441727809583206,0.006793923364512483
0.5,0.02,16.0,5,current_queue,0.22775691889427457,0.3884672927211263,0.0,0.3732198117111161,-0.015247481010010167,0.4934158689386038,-0.01662189976773748
0.5,0.02,16.0,5,price_history_current_queue,0.07860436953557792,0.5376198420798229,0.6548760410125398,0.5373422159300805,-0.00027762614974247146,0.6611974589263827,-0.02028108553655203
0.5,0.02,16.0,5,queue_price_history,0.05756020429685338,0.5586640073185475,0.7472735204871076,0.5557126719251892,-0.0029513353933582342,0.6780804416615593,-0.018793612276619916
0.5,0.02,16.0,5,marked_history,0.05171357826287992,0.5645106333525209,0.7729439855704866,0.5559309219489292,-0.008579711403591705,0.6745262691752114,-0.015021189766531988
0.5,0.02,16.0,5,price_only,0.16589113772810476,0.4503330738872961,,0.4919534324059231,0.041620358518627,0.5972445708263335,-0.0017169809606602665
0.5,0.02,1.0,6,current_queue,0.03359668110823655,0.39451253939237046,0.0,0.39601044643526695,0.0014979070428964847,0.4007684884560231,0.0034424436001839476
0.5,0.02,1.0,6,price_history_current_queue,0.012010262000533845,0.41609895850007317,0.6425164151827659,0.41996024896316025,0.003861290463087086,0.43700552796589676,-0.00884479338179646
0.5,0.02,1.0,6,queue_price_history,0.011843525086034423,0.4162656954145726,0.6474793135703255,0.42028880842596433,0.0040231130113917435,0.4368487497538325,-0.008359455706928103
0.5,0.02,1.0,6,marked_history,0.008687089745539334,0.4194221307550677,0.7414301216970622,0.4213520230984312,0.0019298923433635484,0.436235490412057,-0.006682981692685724
0.5,0.02,1.0,6,price_only,0.222673472206757,0.20543574829385,,0.21290097387314824,0.00746522557929824,0.19686196682575097,0.02423949266833733
0.5,0.02,4.0,6,current_queue,0.1656665513967039,0.46539123890202966,0.0,0.4638504398924169,-0.0015407990096127366,0.4288102324580769,0.03828989049941611
0.5,0.02,4.0,6,price_history_current_queue,0.051759947726634725,0.5792978425720988,0.6875654904972897,0.585916698125892,0.006618855553793157,0.5876194821669303,0.0015468990240378316
0.5,0.02,4.0,6,queue_price_history,0.04836030001220537,0.5826974902865282,0.7080865171364487,0.5884243583853538,0.00572686809882561,0.5990210040005547,-0.007346962550124826
0.5,0.02,4.0,6,marked_history,0.034812827368369104,0.5962449629303644,0.7898620628312195,0.596089201564878,-0.00015576136548645092,0.6111630391592399,-0.011824154529285744
0.5,0.02,4.0,6,price_only,0.1821828409259944,0.44887494937273914,,0.4601748643496172,0.011299914976878045,0.4235111995029982,0.039913347911695124
0.5,0.02,16.0,6,current_queue,0.22775691889427457,0.3884672927211263,0.0,0.38384352647575903,-0.004623766245367256,0.37531339599770897,0.04446322610865239
0.5,0.02,16.0,6,price_history_current_queue,0.07450746040635114,0.5417167512090497,0.672864118604723,0.5470734218725942,0.005356670663544505,0.5511107908854966,0.031895726617699946
0.5,0.02,16.0,6,queue_price_history,0.06741012257038448,0.5488140890450164,0.7040260164316833,0.5526505743911406,0.003836485346124241,0.5576699450603493,0.030913724961393663
0.5,0.02,16.0,6,marked_history,0.048591446039582764,0.5676327655758181,0.7866521628607952,0.5644992498120395,-0.003133515763778627,0.5723786954926331,0.028053649950008697
0.5,0.02,16.0,6,price_only,0.1571193669404457,0.45910484467495516,,0.46789727036040296,0.008792425685447802,0.4474929018470569,0.05633746414394833
0.5,0.02,1.0,7,current_queue,0.03359668110823655,0.39451253939237046,0.0,0.3929585891443502,-0.0015539502480202416,0.4105212368127932,0.006900730343214638
0.5,0.02,1.0,7,price_history_current_queue,0.007601149736393975,0.42050807076421304,0.773752957564297,0.41739276894998656,-0.0031153018142264788,0.4405102290018271,0.0013459179598170421
0.5,0.02,1.0,7,queue_price_history,0.006073906449664657,0.42203531405094236,0.8192111170119247,0.42122683039242276,-0.0008084836585195987,0.44603302870779593,-0.0003428203037155785
0.5,0.02,1.0,7,marked_history,0.005395687226195767,0.42271353327441125,0.8393982069594081,0.42353785235090996,0.000824319076498714,0.44751499108341575,0.00048623927915178965
0.5,0.02,1.0,7,price_only,0.2215618229542604,0.2065473975463466,,0.18285327427007228,-0.02369412327627432,0.223427229798285,-0.01611057751655512
0.5,0.02,4.0,7,current_queue,0.1656665513967039,0.46539123890202966,0.0,0.4549061615184773,-0.010485077383552366,0.4740334512309866,-0.0019197549917787382
0.5,0.02,4.0,7,price_history_current_queue,0.04300913245025073,0.5880486578484828,0.7403873498443184,0.5768685759416126,-0.011180081906870254,0.6000122214605995,-0.005936110798256407
0.5,0.02,4.0,7,queue_price_history,0.03187559596697298,0.5991821943317606,0.8075918421779427,0.5884359584537179,-0.010746235878042687,0.6078033532240883,-0.002159860049639903
0.5,0.02,4.0,7,marked_history,0.028476945729210223,0.6025808445695233,0.8281068478269972,0.5989702349233818,-0.0036106096461415715,0.6112619534704944,0.004915816173617964
0.5,0.02,4.0,7,price_only,0.18846264044650984,0.4425951498522237,,0.4291009708277173,-0.013494179024506392,0.459306330159602,-0.012997824611154118
0.5,0.02,16.0,7,current_queue,0.22775691889427457,0.3884672927211263,0.0,0.37293818103204396,-0.015529111689082331,0.36236930399555956,0.007287270932278378
0.5,0.02,16.0,7,price_history_current_queue,0.0654175498410996,0.5508066617743013,0.712774697872223,0.5339691321761976,-0.016837529598103695,0.5247235558543506,0.00596397021764096
0.5,0.02,16.0,7,queue_price_history,0.04819225173011199,0.5680319598852889,0.7884048837502804,0.5490598026070875,-0.01897215727820134,0.5332545770786508,0.012523619424230706
0.5,0.02,16.0,7,marked_history,0.0420506402069768,0.5741735714084241,0.815370525685339,0.5634011868903084,-0.010772384518115685,0.5437343121228186,0.016385268663283728
0.5,0.02,16.0,7,price_only,0.16673255727934783,0.44949165433605304,,0.44439337047148164,-0.005098283864571396,0.4690745631680757,-0.02796279880080013
0.5,0.02,1.0,8,current_queue,0.03359668110823655,0.39451253939237046,0.0,0.39760141657476333,0.0030888771823928685,0.3707614196260227,-0.013724311082181005
0.5,0.02,1.0,8,price_history_current_queue,0.017481272299825656,0.41062794820078136,0.4796726425593284,0.4131807309445735,0.00255278274379217,0.38373435911723386,-0.011117936203581973
0.5,0.02,1.0,8,queue_price_history,0.014975805406440612,0.4131334150941664,0.5542474758684081,0.4176341785301952,0.004500763436028787,0.378366475461388,-0.0012966049621144747
0.5,0.02,1.0,8,marked_history,0.01412254419181963,0.4139866763087874,0.5796446635213216,0.4178436692294075,0.003856992920620139,0.3808073863673158,-0.0035280251688299662
0.5,0.02,1.0,8,price_only,0.2230144081989951,0.20509481230161192,,0.18932459093995746,-0.015770221361654457,0.15258838188460722,-0.0038280989755714034
0.5,0.02,4.0,8,current_queue,0.1656665513967039,0.46539123890202966,0.0,0.48113956421812293,0.01574832531609327,0.4803992099227292,-0.0008638136143446773
0.5,0.02,4.0,8,price_history_current_queue,0.07589324371708617,0.5551645465816474,0.5418915702823272,0.5621436272383502,0.00697908065670283,0.5762533555752711,-0.015713896246659267
0.5,0.02,4.0,8,queue_price_history,0.0669698765078226,0.5640879137909109,0.5957549913171245,0.5836773650197438,0.01958945122883282,0.5863449058644062,-0.0042717087544008325
0.5,0.02,4.0,8,marked_history,0.06037885280580724,0.5706789374929263,0.6355398703192385,0.5832606384276248,0.012581700934698459,0.5845752383508364,-0.0029187678329499894
0.5,0.02,4.0,8,price_only,0.19595759253502082,0.4351001977637127,,0.4092671035608423,-0.025833094202870444,0.44749700064529574,-0.03983406499419184
0.5,0.02,16.0,8,current_queue,0.22775691889427457,0.3884672927211263,0.0,0.40192234349569667,0.013455050774570376,0.44812748067701835,-0.02686575120348325
0.5,0.02,16.0,8,price_history_current_queue,0.101446288269197,0.5147779233462039,0.5545852623854266,0.5126269858687263,-0.0021509374774775214,0.5348854829340459,-0.00291911108748108
0.5,0.02,16.0,8,queue_price_history,0.08853532586799828,0.5276888857474026,0.6112727275297545,0.5452139054309912,0.01752501968358866,0.5597578739911102,0.004795417417719508
0.5,0.02,16.0,8,marked_history,0.07663132327367117,0.5395928883417297,0.6635389886476132,0.544163098977485,0.004570210635755356,0.5575820374381901,0.0059204475171333315
0.5,0.02,16.0,8,price_only,0.17559443444182904,0.4406297771735718,,0.41246861288374825,-0.02816116428982357,0.4332152032061053,-0.0014072043445186033
0.5,0.02,1.0,9,current_queue,0.03359668110823655,0.39451253939237046,0.0,0.3935875804999829,-0.000924958892387584,0.3741933195804067,-0.013970018284710749
0.5,0.02,1.0,9,price_history_current_queue,0.011575495334413766,0.41653372516619325,0.6554571775372204,0.41464214703304586,-0.0018915781331473869,0.3863900611097122,-0.0051121932809532564
0.5,0.02,1.0,9,queue_price_history,0.010100678633135851,0.41800854186747116,0.6993548678039042,0.4157753212178198,-0.0022332206496513685,0.38894323105133854,-0.006532189037805676
0.5,0.02,1.0,9,marked_history,0.01086706270752158,0.41724215779308543,0.6765435647493938,0.4155766278883635,-0.0016655299047219074,0.3920017205007388,-0.009789371816662194
0.5,0.02,1.0,9,price_only,0.23120496452777614,0.19690425597283087,,0.22622307025601127,0.029318814283180394,0.17715360953019132,0.015705181521533024
0.5,0.02,4.0,9,current_queue,0.1656665513967039,0.46539123890202966,0.0,0.46032453551256997,-0.0050667033894596925,0.46274632773804836,-0.008509683859542483
0.5,0.02,4.0,9,price_history_current_queue,0.046199914422728305,0.5848578758760052,0.7211270830881344,0.5751718722249565,-0.009686003651048769,0.5694024625720303,-0.0003184819811379441
0.5,0.02,4.0,9,queue_price_history,0.035842280972156804,0.5952155093265767,0.7836480528508791,0.5790704746808303,-0.01614503464574646,0.5650568488140912,0.007925734232674925
0.5,0.02,4.0,9,marked_history,0.036803018976676594,0.594254771322057,0.7778488254484857,0.5811643036234391,-0.01309046769861788,0.5693460604928045,0.005730351496570522
0.5,0.02,4.0,9,price_only,0.19977165703359095,0.4312861332651426,,0.4408368838847134,0.009550750619570836,0.4256713827412424,0.009077609509406948
0.5,0.02,16.0,9,current_queue,0.22775691889427457,0.3884672927211263,0.0,0.38366880961886707,-0.004798483102259221,0.4464373508715741,-0.018745659643192775
0.5,0.02,16.0,9,price_history_current_queue,0.06895857618248946,0.5472656354329114,0.6972273048069279,0.5350900233239193,-0.012175612108992095,0.5929494774955342,-0.013836572562100607
0.5,0.02,16.0,9,queue_price_history,0.05310173084480829,0.5631224807705926,0.7668490990192124,0.5402127795827399,-0.022909701187852627,0.5938502476603205,-0.009614586468066219
0.5,0.02,16.0,9,marked_history,0.052850175872924954,0.5633740357424759,0.767953587844863,0.5440192964448652,-0.019354739297610668,0.5913336181141593,-0.003291440059779799
0.5,0.02,16.0,9,price_only,0.17416176378774217,0.4420624478276587,,0.4399785165154519,-0.0020839313122067993,0.5092711736676789,-0.025269775542712758
0.5,0.02,1.0,10,current_queue,0.03359668110823655,0.39451253939237046,0.0,0.38678619250291735,-0.007726346889453117,0.4260061261737661,0.006792285617206767
0.5,0.02,1.0,10,price_history_current_queue,0.006173899695864515,0.4219353208047425,0.8162348335547072,0.41514416526067244,-0.00679115554407006,0.4592981742222608,0.0018582103264671163
0.5,0.02,1.0,10,queue_price_history,0.004742802109587441,0.42336641839101957,0.8588312311472726,0.4173577574640572,-0.006008660926962395,0.46575505662986527,-0.0023850798777525807
0.5,0.02,1.0,10,marked_history,0.0028015100601263554,0.42530771044048066,0.9166134877697922,0.4196052068255404,-0.005702503614940235,0.4591533828540282,0.006464043259567721
0.5,0.02,1.0,10,price_only,0.22585068640027567,0.20225853410033134,,0.22297291748604434,0.020714383385712992,0.2669091449601647,0.002075991813935113
0.5,0.02,4.0,10,current_queue,0.1656665513967039,0.46539123890202966,0.0,0.4494040656577363,-0.015987173244293384,0.3909459231437472,0.03735688795935688
0.5,0.02,4.0,10,price_history_current_queue,0.03760167214892096,0.5934561181498126,0.7730279779961118,0.5851473567479353,-0.008308761401877307,0.5407178518659389,0.0233282503273642
0.5,0.02,4.0,10,queue_price_history,0.028812706575030655,0.6022450837237029,0.8260801209893242,0.5935025585944982,-0.008742525129204703,0.5602446694504137,0.012156634589452209
0.5,0.02,4.0,10,marked_history,0.0220069522643197,0.6090508380344138,0.867161161509169,0.6011552065919129,-0.007895631442500939,0.5631845475365438,0.016869404500736967
0.5,0.02,4.0,10,price_only,0.18389954002042502,0.4471582502783085,,0.46885803423535133,0.021699783957042806,0.3810630785709954,0.06669370110972375
0.5,0.02,16.0,10,current_queue,0.22775691889427457,0.3884672927211263,0.0,0.37405207193200396,-0.01441522078912233,0.3210476839522536,0.03606345185210344
0.5,0.02,16.0,10,price_history_current_queue,0.05921787444292059,0.5570063371724803,0.7399952777267341,0.5542813700498681,-0.0027249671226121652,0.5085375964566905,0.02880283746553075
0.5,0.02,16.0,10,queue_price_history,0.046818879797329016,0.5694053318180718,0.7944348737038259,0.564195559937874,-0.005209771880197889,0.5325954008641527,0.014659222946074392
0.5,0.02,16.0,10,marked_history,0.037635891750201544,0.5785883198651993,0.834754123242806,0.5743952424713152,-0.0041930773938840815,0.5475650508647683,0.009889255478900093
0.5,0.02,16.0,10,price_only,0.15688692783177227,0.4593372837836286,,0.4791315976441958,0.01979431386056718,0.40356962759213855,0.05862103392441034
0.5,0.02,1.0,11,current_queue,0.03359668110823655,0.39451253939237046,0.0,0.3985301588242492,0.004017619431878727,0.44397330949560065,-0.010172931731520209
0.5,0.02,1.0,11,price_history_current_queue,0.012593702633939996,0.415515517866667,0.6251503952617352,0.4198708503844019,0.0043553325177349,0.4602212141921478,-0.00508014486791465
0.5,0.02,1.0,11,queue_price_history,0.012426772808719067,0.41568244769188795,0.6301190356069867,0.4200629659160415,0.004380518224153529,0.45909571825642703,-0.003762533400554307
0.5,0.02,1.0,11,marked_history,0.01041515063252807,0.41769406986807894,0.6899946575385181,0.41881348504593696,0.0011194151778580186,0.4584613353389624,-0.004377631353194177
0.5,0.02,1.0,11,price_only,0.22207537925732196,0.20603384124328505,,0.2038387506451201,-0.002195090598164945,0.30351930548022077,-0.06441033589526943
0.5,0.02,4.0,11,current_queue,0.1656665513967039,0.46539123890202966,0.0,0.4678789152055922,0.002487676303562558,0.52908123539946,-0.011681818553888834
0.5,0.02,4.0,11,price_history_current_queue,0.05506053417151846,0.5759972561272151,0.6676424196235551,0.5876318749810383,0.01163461885382322,0.6464948562789258,-0.009342479657908541
0.5,0.02,4.0,11,queue_price_history,0.05287537267366216,0.5781824176250714,0.6808325384461756,0.585742666503986,0.007560248878914599,0.6486344570372407,-0.013371288893275816
0.5,0.02,4.0,11,marked_history,0.0433737482972516,0.5876840420014819,0.7381864478280281,0.5910130516372878,0.0033290096358058463,0.6516489494868347,-0.011115396209568008
0.5,0.02,4.0,11,price_only,0.1827478490837015,0.44830994121503204,,0.4600586775150236,0.011748736299991569,0.4973443835872663,0.012234795567736184
0.5,0.02,16.0,11,current_queue,0.22775691889427457,0.3884672927211263,0.0,0.39139306872394675,0.002925776002820457,0.45042387019540886,0.013868976932399746
0.5,0.02,16.0,11,price_history_current_queue,0.08074832593988723,0.5354758856755136,0.6454626874480558,0.5488496799239413,0.013373794248427662,0.6024252809681757,0.019324177359627492
0.5,0.02,16.0,11,queue_price_history,0.07795895848428869,0.5382652531311122,0.6577098124493094,0.5484390680824047,0.010173814951292548,0.6061134029381807,0.015225443548085818
0.5,0.02,16.0,11,marked_history,0.06495594667031535,0.5512682649450855,0.714801433977652,0.5591253844156809,0.00785711947059542,0.6151571446593171,0.01686801816022567
0.5,0.02,16.0,11,price_only,0.15823251046602388,0.457991701149377,,0.4700546192520322,0.012062918102655196,0.5076368368999863,0.03531756075590772
0.5,0.02,1.0,12,current_queue,0.03359668110823655,0.39451253939237046,0.0,0.3974515784447722,0.0029390390524017262,0.3475333693496332,0.005252060455900386
0.5,0.02,1.0,12,price_history_current_queue,0.011455416648482875,0.41665380385212414,0.6590313009913806,0.4184693578342279,0.001815553982103757,0.38308886845228707,-0.009285659257297824
0.5,0.02,1.0,12,queue_price_history,0.011079358994128763,0.41702986150647825,0.6702245987204803,0.42094177668431215,0.003911915177833902,0.3847818410700824,-0.008506213025008888
0.5,0.02,1.0,12,marked_history,0.010563722434593414,0.4175454980660136,0.6855724409038839,0.4209368666293771,0.003391368563363528,0.38532635935083015,-0.00905564136069167
0.5,0.02,1.0,12,price_only,0.21800580817578408,0.21010341232482294,,0.19814080918540636,-0.011962603139416578,0.20369008661339616,-0.050215426067228425
0.5,0.02,4.0,12,current_queue,0.1656665513967039,0.46539123890202966,0.0,0.47594594145370983,0.010554702551680173,0.45696360344878173,0.055757713635510964
0.5,0.02,4.0,12,price_history_current_queue,0.047408643501968384,0.5836491467967652,0.7138309266277657,0.5846352593768869,0.0009861125801217119,0.6179551657841742,0.003455469223295579
0.5,0.02,4.0,12,queue_price_history,0.041627041897197015,0.5894307484015365,0.7487299545608503,0.5929697665572153,0.003539018155678808,0.6315585837744937,-0.0018134415866955314
0.5,0.02,4.0,12,marked_history,0.03940066261029518,0.5916571276884384,0.7621688730880464,0.5929001336584337,0.001243005969995381,0.6283076670680239,0.0013678422209927668
0.5,0.02,4.0,12,price_only,0.16917273244524378,0.46188505785348977,,0.45182210203648954,-0.01006295581700023,0.48744723818313196,0.0011502394839404129
0.5,0.02,16.0,12,current_queue,0.22775691889427457,0.3884672927211263,0.0,0.4028217683701824,0.01435447564905612,0.37184865015774315,0.09454057768868623
0.5,0.02,16.0,12,price_history_current_queue,0.06651788183899787,0.549706329776403,0.7079435296107265,0.5505091707371376,0.0008028409607345743,0.5930239356626983,0.021052694550686243
0.5,0.02,16.0,12,queue_price_history,0.05679766972447886,0.559426541890922,0.7506215398407085,0.5609669021615483,0.0015403602706263175,0.6130755087081401,0.011458852929655206
0.5,0.02,16.0,12,marked_history,0.053784573312938955,0.5624396383024619,0.7638509794826215,0.5614082747596749,-0.0010313635427869894,0.6135025411690502,0.01147319306687164
0.5,0.02,16.0,12,price_only,0.14276419325816553,0.47346001835723533,,0.4683368225094311,-0.0051231958478042405,0.48884086943283556,0.043063412552842545
0.5,0.02,1.0,13,current_queue,0.03359668110823655,0.39451253939237046,0.0,0.38611752841957225,-0.008395010972798211,0.37325139682435005,-0.032600051361774615
0.5,0.02,1.0,13,price_history_current_queue,0.00725776534462752,0.4208514551559795,0.7839737407023752,0.41599826097880227,-0.0048531941771772225,0.38216552038185014,-0.011633442360044733
0.5,0.02,1.0,13,queue_price_history,0.006339470643133227,0.4217697498574738,0.8113066400008468,0.4170411061835776,-0.0047286436738961934,0.3880624767278673,-0.016487553501286563
0.5,0.02,1.0,13,marked_history,0.003991050568126819,0.4241181699324802,0.8812069991297927,0.41848165088310674,-0.005636519049373456,0.38984447645336096,-0.01682900852725106
0.5,0.02,1.0,13,price_only,0.21906211386943106,0.20904710663117596,,0.19021116986261535,-0.0188359367685606,0.09883550716390466,0.04590947974171386
0.5,0.02,4.0,13,current_queue,0.1656665513967039,0.46539123890202966,0.0,0.4571446249044323,-0.008246613997597352,0.4795135136529781,-0.029482409005933907
0.5,0.02,4.0,13,price_history_current_queue,0.050233566882595726,0.5808242234161378,0.6967790633710556,0.5665710785387879,-0.014253144877349966,0.545582038243603,0.013875520037796782
0.5,0.02,4.0,13,queue_price_history,0.04828969640009806,0.5827680938986355,0.7085126961780962,0.5760238615633062,-0.006744232335329281,0.5602119258502438,0.00869841545567425
0.5,0.02,4.0,13,marked_history,0.039922485703804744,0.5911353045949288,0.7590190333098281,0.5833224941987997,-0.007812810396129133,0.5746934358409237,0.001515538100487851
0.5,0.02,4.0,13,price_only,0.18478302720430156,0.446274763094432,,0.40828350632223565,-0.037991256772196336,0.37167663307460663,0.029493352990240945
0.5,0.02,16.0,13,current_queue,0.22775691889427457,0.3884672927211263,0.0,0.38821701077943394,-0.00025028194169235407,0.40644311061363003,-0.038353793900442607
0.5,0.02,16.0,13,price_history_current_queue,0.07807602201869035,0.5381481895967105,0.6571958279127693,0.5227843563472192,-0.01536383324949131,0.495831655465648,0.006825006815324691
0.5,0.02,16.0,13,queue_price_history,0.07523138886018466,0.5409928227552162,0.6696856050502366,0.5363612685280182,-0.004631554227197965,0.5211868109984874,-0.0049532365367156855
0.5,0.02,16.0,13,marked_history,0.064825246004248,0.5513989656111529,0.715375294331497,0.5461973738113413,-0.005201591799811611,0.5333624045902063,-0.007292724845111592
0.5,0.02,16.0,13,price_only,0.1634363041670442,0.4527879074483567,,0.41625953314746356,-0.03652837430089312,0.3902910674567721,0.0058407716244449626
0.5,0.02,1.0,14,current_queue,0.03359668110823655,0.39451253939237046,0.0,0.39865294609995344,0.004140406707582978,0.45983691792531434,0.004387473806341642
0.5,0.02,1.0,14,price_history_current_queue,0.01605761834307473,0.4120516021575323,0.5220474816740737,0.4182260131703949,0.006174411012862591,0.48673051471875817,-0.002933055916660765
0.5,0.02,1.0,14,queue_price_history,0.014790977555274809,0.4133182429453322,0.5597488481786774,0.4196781906734896,0.0063599477281574,0.48650731396866753,-0.0012576776634753723
0.5,0.02,1.0,14,marked_history,0.012964780195465708,0.4151444403051413,0.6141053292229134,0.42157385364949457,0.006429413344353263,0.4899807460714851,-0.0028354467902880313
0.5,0.02,1.0,14,price_only,0.21957908214570993,0.2085301383548971,,0.18231591236687336,-0.026214225988023726,0.2917744529258225,-0.0438870949272466
0.5,0.02,4.0,14,current_queue,0.1656665513967039,0.46539123890202966,0.0,0.46907360338793913,0.003682364485909473,0.4998864929497797,0.005511853285666085
0.5,0.02,4.0,14,price_history_current_queue,0.05958847751272789,0.5714693127860057,0.6403107506593907,0.5836281851556427,0.012158872369637086,0.6235969211552532,-0.00364399315210389
0.5,0.02,4.0,14,queue_price_history,0.0536958843642521,0.5773619059344814,0.6758797481353231,0.5917377461365048,0.014375840202023316,0.6300724165988597,-0.0020099276148483197
0.5,0.02,4.0,14,marked_history,0.04523620206572232,0.5858215882330112,0.7269442643409649,0.6010779649683232,0.015256376735311994,0.6361414469890664,0.0012612608267634565
0.5,0.02,4.0,14,price_only,0.18304895102805324,0.4480088392706803,,0.42096451908396265,-0.027044320186717652,0.4568957614638688,0.00039350046760050494
0.5,0.02,16.0,14,current_queue,0.22775691889427457,0.3884672927211263,0.0,0.38640855402310903,-0.0020587386980172595,0.4236661989317414,0.036980612382864875
0.5,0.02,16.0,14,price_history_current_queue,0.08238891141439042,0.5338353002010104,0.6382594574321775,0.5429554708029118,0.0091201706019014,0.5965411420599807,0.020652586034428475
0.5,0.02,16.0,14,queue_price_history,0.07343667199394921,0.5427875396214517,0.677565571441372,0.5552334711480632,0.012445931526611553,0.6102039379002948,0.019267790539265618
0.5,0.02,16.0,14,marked_history,0.060716505636212226,0.5555077059791886,0.7334153187047766,0.5695834594363243,0.014075753457135631,0.6310955035716144,0.012726213156207096
0.5,0.02,16.0,14,price_only,0.16080993750844286,0.455414274106958,,0.4355018370254262,-0.019912437081531786,0.4840977264861378,0.02564236783078569
0.5,0.02,1.0,15,current_queue,0.03359668110823655,0.39451253939237046,0.0,0.3926730454601217,-0.001839493932248748,0.4182370431406771,-0.023670427850438235
0.5,0.02,1.0,15,price_history_current_queue,0.011262032944788669,0.41684718755581834,0.6647873369245489,0.4122300734458486,-0.004617114109969733,0.41067979601013016,0.003443847265835607
0.5,0.02,1.0,15,queue_price_history,0.010654500629221353,0.41745471987138566,0.6828704420268078,0.41617105663610454,-0.0012836632352811184,0.4188434641722649,-0.0007788377060431919
0.5,0.02,1.0,15,marked_history,0.008772115681073,0.419337104819534,0.7388993379193508,0.41941090585843693,7.380103890292089e-05,0.42098777783733465,0.0003166978512194659
0.5,0.02,1.0,15,price_only,0.23425291463992476,0.19385630586068225,,0.19411896016206515,0.0002626543013828919,0.22646864116234589,-0.030456111170163558
0.5,0.02,4.0,15,current_queue,0.1656665513967039,0.46539123890202966,0.0,0.4597810327997216,-0.005610206102308057,0.3981973833828887,0.012577283708978565
0.5,0.02,4.0,15,price_history_current_queue,0.05468571347910034,0.5763720768196332,0.6699049203471958,0.5636042760799826,-0.012767800739650559,0.5280304435747101,-0.013432533202581809
0.5,0.02,4.0,15,queue_price_history,0.046710291253474256,0.5843474990452593,0.7180463354873481,0.5752292538725695,-0.009118245172689776,0.5440821229032888,-0.017859234738573683
0.5,0.02,4.0,15,marked_history,0.04290839449492967,0.5881493958038039,0.7409954264564755,0.5872749615304746,-0.0008744342733292276,0.5457043519660687,-0.007435756143448394
0.5,0.02,4.0,15,price_only,0.2070147911800757,0.42404299911865784,,0.38459740814985277,-0.03944559096880507,0.385763880925162,-0.050172838483163534
0.5,0.02,16.0,15,current_queue,0.22775691889427457,0.3884672927211263,0.0,0.37852581898194937,-0.00994147373917692,0.3853112572196917,-0.004010516376139611
0.5,0.02,16.0,15,price_history_current_queue,0.07761892079328814,0.5386052908221127,0.6592027975698114,0.5226646154376335,-0.015940675384479186,0.5220570317533137,0.0033825055459225095
0.5,0.02,16.0,15,queue_price_history,0.06331621787050268,0.5529079937448982,0.7220009026382455,0.5371972663221543,-0.01571072742274393,0.5385900955337155,0.0013820926500415082
0.5,0.02,16.0,15,marked_history,0.059091936567394865,0.557132275048006,0.7405482263534416,0.5534732112109225,-0.003659063837083476,0.5490751257664102,0.007173007306115142
0.5,0.02,16.0,15,price_only,0.18164320456789523,0.43458100704750563,,0.39148673982735227,-0.04309426722015336,0.3792648910046579,0.01499677068429714
0.5,0.2,1.0,0,current_queue,0.04641465181603849,0.33359487473112887,0.0,0.3368030572428202,0.00320818251169136,0.271753036418529,0.014524333121509261
0.5,0.2,1.0,0,price_history_current_queue,0.039988090123887765,0.3400214364232796,0.13845976304254076,0.3457239088390802,0.00570247241580063,0.2867343509092789,0.008463870227019332
0.5,0.2,1.0,0,queue_price_history,0.03776362995364557,0.3422458965935218,0.1863855813608317,0.3458339920176021,0.0035880954240803398,0.28747539771659203,0.007832906598228134
0.5,0.2,1.0,0,marked_history,0.03293751316094784,0.3470720133862195,0.2903638857080395,0.34948921550800055,0.002417202121781037,0.2936344332250955,0.0053290945801230186
0.5,0.2,1.0,0,price_only,0.33157007396894456,0.04843945257822282,,0.03506983647454498,-0.013369616103677838,0.012335029155010724,-0.02779088038324773
0.5,0.2,4.0,0,current_queue,0.1188883238717203,0.2470387690311893,0.0,0.2534189739423758,0.006380204911186488,0.2139240447693488,0.025822371636457953
0.5,0.2,4.0,0,price_history_current_queue,0.09942806176884161,0.266499031134068,0.16368522550520753,0.27563079203117125,0.00913176089710327,0.25473244898820424,0.0072257855063979776
0.5,0.2,4.0,0,queue_price_history,0.09162182521637996,0.27430526768652963,0.2293454711731045,0.2767940648297782,0.0024887971432485667,0.2620687394459186,0.001052767847290595
0.5,0.2,4.0,0,marked_history,0.08241947150482282,0.2835076213980868,0.306748814174949,0.28598275624248004,0.0024751348443932675,0.2724719281720134,-0.00016172946610240602
0.5,0.2,4.0,0,price_only,0.2977770791878216,0.068150013715088,,0.053466237042080866,-0.014683776673007132,0.04441495264443163,-0.004621273138919801
0.5,0.2,16.0,0,current_queue,0.042805977487953256,0.06538072283329666,0.0,0.0678830974069623,0.0025023745736656444,-0.17375249904091605,0.04156580906424853
0.5,0.2,16.0,0,price_history_current_queue,0.036008294486917294,0.07217840583433262,0.1588021907208873,0.07544342286274208,0.0032650170284094643,-0.14576185424968768,0.02113548972879995
0.5,0.2,16.0,0,queue_price_history,0.03304204818067927,0.07514465214057064,0.22809733313581773,0.07603949909379537,0.0008948469532247261,-0.14127422071781215,0.0172439324279777
0.5,0.2,16.0,0,marked_history,0.029911466975034218,0.0782752333462157,0.3012315398368814,0.07928549410283134,0.001010260756615644,-0.13132966574581273,0.010545372465014243
0.5,0.2,16.0,0,price_only,0.08756148915351669,0.02062521116773322,,0.01674258870415922,-0.003882622463574001,-0.2130219148775181,0.02969471619804749
0.5,0.2,1.0,1,current_queue,0.04641465181603849,0.33359487473112887,0.0,0.33461927830424737,0.0010244035731185042,0.28497410823716773,-0.008593749923375325
0.5,0.2,1.0,1,price_history_current_queue,0.040722451729893805,0.33928707481727355,0.12263800036043263,0.3415379278774165,0.0022508530601429433,0.2915475070505861,-0.00824849916362451
0.5,0.2,1.0,1,queue_price_history,0.03757553287552573,0.3424339936716416,0.19043811802243055,0.34695382669532526,0.004519833023683639,0.2997150371549774,-0.01100013045010708
0.5,0.2,1.0,1,marked_history,0.03412756733409206,0.3458819592130753,0.2647242627316371,0.34522111283611157,-0.0006608463769637307,0.30736346464726383,-0.020381271801607218
0.5,0.2,1.0,1,price_only,0.3318613053462151,0.04814822120095226,,0.039806689232111614,-0.008341531968840646,-0.01996005931975242,0.0015278285614090947
0.5,0.2,4.0,1,current_queue,0.1188883238717203,0.2470387690311893,0.0,0.2476607491789536,0.000621980147764295,0.3293789030359333,-0.03219730314619855
0.5,0.2,4.0,1,price_history_current_queue,0.0999969565164886,0.265930136386421,0.1589001067557766,0.26856752401786355,0.002637387631442556,0.34036015763636585,-0.022271782907721124
0.5,0.2,4.0,1,queue_price_history,0.089819961038615,0.2761071318642946,0.2445014101171942,0.28235356096234004,0.006246429098045458,0.34474007787698147,-0.012865666203860246
0.5,0.2,4.0,1,marked_history,0.08205122922211538,0.2838758636807942,0.3098461938899222,0.28159227714142254,-0.0022835865393716626,0.3427508196107131,-0.011637691758509386
0.5,0.2,4.0,1,price_only,0.2986898026878085,0.06723729021510111,,0.06651982060968448,-0.0007174696054166319,0.11748336300015749,-0.0014426916796918543
0.5,0.2,16.0,1,current_queue,0.042805977487953256,0.06538072283329666,0.0,0.06571157243921713,0.00033084960592047463,0.08134736723753755,0.011920162169686492
0.5,0.2,16.0,1,price_history_current_queue,0.0361381540508138,0.07204854627043611,0.15576851244702813,0.07299841729965038,0.0009498710292142748,0.09205534597702714,0.008499028290630165
0.5,0.2,16.0,1,queue_price_history,0.03234633534779828,0.07584036497345163,0.24435003599902838,0.07783802207092866,0.0019976570974770264,0.09134810410215533,0.014045874936780244
0.5,0.2,16.0,1,marked_history,0.029594192991122953,0.07859250733012696,0.3086434482321646,0.07764655324514935,-0.0009459540849776071,0.0897133830707616,0.015489127142394678
0.5,0.2,16.0,1,price_only,0.08785253422721402,0.020334166094035887,,0.020327482793491752,-6.683300544135101e-06,0.03353891837708067,0.014344521384417996
0.5,0.2,1.0,2,current_queue,0.04641465181603849,0.33359487473112887,0.0,0.33737289836143514,0.003778023630306271,0.22819961155332835,0.024088873015119874
0.5,0.2,1.0,2,price_history_current_queue,0.040571432189563605,0.33943809435760375,0.12589170440476663,0.34090889123131696,0.0014707968737132093,0.227487823487714,0.028336653950616048
0.5,0.2,1.0,2,queue_price_history,0.03920832179926814,0.3408012047478992,0.15525980988357244,0.34492960184795013,0.004128397100050918,0.23933848652048673,0.02050670153447648
0.5,0.2,1.0,2,marked_history,0.035322610517580455,0.3446869160295869,0.23897715192221264,0.34645308261992525,0.0017661665903383472,0.2428136358459304,0.018555032981007913
0.5,0.2,1.0,2,price_only,0.328634079475137,0.051375447072030365,,0.019959125343743445,-0.03141632172828692,-0.20357641217942501,0.13845112373018154
0.5,0.2,4.0,2,current_queue,0.1188883238717203,0.2470387690311893,0.0,0.2507083058907692,0.0036695368595799083,0.18657513372493517,-0.0033309733187494306
0.5,0.2,4.0,2,price_history_current_queue,0.09815093930439045,0.26777615359851914,0.17442742812746984,0.2651655364484429,-0.0026106171500762665,0.20512257231024567,-0.007421181346386238
0.5,0.2,4.0,2,queue_price_history,0.09181677773788788,0.2741103151650217,0.22770567581592316,0.27641706693335233,0.002306751768330617,0.20846731145499908,0.0004856099937698144
0.5,0.2,4.0,2,marked_history,0.08263573878459651,0.2832913541183131,0.30492973495227405,0.2817132876723272,-0.001578066445985904,0.20531907750778178,0.008930064679961908
0.5,0.2,4.0,2,price_only,0.2925672688353863,0.0733598240675233,,0.043679695923217965,-0.02968012814430533,-0.0909444909494519,0.0671600413880864
0.5,0.2,16.0,2,current_queue,0.042805977487953256,0.06538072283329666,0.0,0.06661225234196969,0.0012315295086730293,0.10319180700528807,-0.01801652423206778
0.5,0.2,16.0,2,price_history_current_queue,0.035463879420766536,0.07272282090048338,0.17152039266602384,0.07180179111024543,-0.0009210297902379483,0.09725361779779962,-0.006888796256303592
0.5,0.2,16.0,2,queue_price_history,0.03299547462569004,0.07519122569555987,0.2291853483552421,0.0758761573707312,0.0006849316751713214,0.1055282711950446,-0.011089083393062804
0.5,0.2,16.0,2,marked_history,0.029726502099159335,0.07846019822209058,0.30555254561059453,0.07776808170169314,-0.00069211652039744,0.10943273686325916,-0.013101624730315425
0.5,0.2,16.0,2,price_only,0.08591549482270866,0.022271205498541252,,0.014115852680599658,-0.008155352817941594,0.05050431224567753,-0.017825429133827272
0.5,0.2,1.0,3,current_queue,0.04641465181603849,0.33359487473112887,0.0,0.32782257023092537,-0.005772304500203496,0.2845793092311062,-0.002658889689964382
0.5,0.2,1.0,3,price_history_current_queue,0.039912297252703455,0.3400972292944639,0.1400927144537613,0.3362792627025758,-0.0038179665918881,0.3010898114825583,-0.01071269946976603
0.5,0.2,1.0,3,queue_price_history,0.03604651660301866,0.3439630099441487,0.2233806526032613,0.3385856688516074,-0.005377341092541288,0.3068677447643461,-0.014184226602522228
0.5,0.2,1.0,3,marked_history,0.033194394401114935,0.3468151321460524,0.2848293997188905,0.34726516698305426,0.00045003483700184477,0.3164739521585659,-0.015110935865295175
0.5,0.2,1.0,3,price_only,0.3297145038016867,0.050295022745480665,,0.050996608427345325,0.0007015856818646596,0.024274659249182373,-0.019180201511620587
0.5,0.2,4.0,3,current_queue,0.1188883238717203,0.2470387690311893,0.0,0.2397231061384879,-0.007315662892701386,0.15295332264992123,0.04047932121609865
0.5,0.2,4.0,3,price_history_current_queue,0.09944487491795495,0.26648221798495464,0.1635438058218795,0.2555723752189436,-0.010909842766011035,0.18715137332775345,0.022130539618722148
0.5,0.2,4.0,3,queue_price_history,0.08876499171748359,0.277162101185426,0.25337502601802664,0.264037548391846,-0.013124552793579991,0.2026575107768369,0.015089575342541073
0.5,0.2,4.0,3,marked_history,0.08229109983673882,0.28363599306617077,0.30782858100068455,0.28097940804107135,-0.0026565850250994116,0.20991730450490198,0.024771641263701363
0.5,0.2,4.0,3,price_only,0.29424778838198096,0.07167930452092865,,0.06936434060381963,-0.002314963917109017,-0.030178018600165224,0.05325189693151683
0.5,0.2,16.0,3,current_queue,0.042805977487953256,0.06538072283329666,0.0,0.06307774061748232,-0.0023029822158143337,-0.077038621850952,0.031386418587993195
0.5,0.2,16.0,3,price_history_current_queue,0.03601048587896094,0.07217621444228897,0.15875099712194982,0.06838048812655445,-0.003795726315734521,-0.06610099182269735,0.025751536068810678
0.5,0.2,16.0,3,queue_price_history,0.03212098250079118,0.07606571782045873,0.24961455418624934,0.07143159927816449,-0.004634118542294244,-0.07088784424484906,0.03358949964257242
0.5,0.2,16.0,3,marked_history,0.029847874432470667,0.07833882588877925,0.30271713942589784,0.07718999512878122,-0.0011488307599980263,-0.05740836806351579,0.02586841931185587
0.5,0.2,16.0,3,price_only,0.08643876482115283,0.02174793550009708,,0.020735374709402885,-0.0010125607906941968,-0.13868617758973412,0.05069160841869587
0.5,0.2,1.0,4,current_queue,0.04641465181603849,0.33359487473112887,0.0,0.3362612373079429,0.0026663625768140187,0.40477323847682933,-0.011302660400070247
0.5,0.2,1.0,4,price_history_current_queue,0.04177673853353642,0.33823278801363094,0.09992347461495875,0.3397878673786449,0.0015550793650139783,0.4037462352656248,-0.006749027118163678
0.5,0.2,1.0,4,queue_price_history,0.039238882288021304,0.34077064425914605,0.15460138657202233,0.3423550522179203,0.0015844079587742366,0.4102575787219599,-0.010693185735223355
0.5,0.2,1.0,4,marked_history,0.03512379128811427,0.3448857352590531,0.24326069648598947,0.34363001390152287,-0.001255721357530215,0.41643200085652265,-0.015592646186183542
0.5,0.2,1.0,4,price_only,0.33318166946292,0.04682785708424735,,0.060464765986560476,0.013636908902313123,0.1312255481484198,-0.013551441393043095
0.5,0.2,4.0,4,current_queue,0.1188883238717203,0.2470387690311893,0.0,0.25043101597306294,0.00339224694187365,0.32274877714000905,-0.003728489745966207
0.5,0.2,4.0,4,price_history_current_queue,0.10267817770614596,0.26324891519676363,0.13634767181228813,0.2665480697892193,0.0032991545924556664,0.34934075933879016,-0.014203418128590925
0.5,0.2,4.0,4,queue_price_history,0.09455893634887014,0.27136815655403945,0.20464068068704044,0.271929736361547,0.0005615798075075396,0.3607303050566594,-0.02021129727413247
0.5,0.2,4.0,4,marked_history,0.08543316194117995,0.28049393096172964,0.2813998956418819,0.27836330032968903,-0.0021306306320406088,0.37725924340248285,-0.030306671651813874
0.5,0.2,4.0,4,price_only,0.29991340553883494,0.06601368736407465,,0.08066155278844966,0.014647865424375017,0.13942358216446915,0.009827242044960438
0.5,0.2,16.0,4,current_queue,0.042805977487953256,0.06538072283329666,0.0,0.06659985455353662,0.0012191317202399632,-0.030771115017680595,0.02907842260502428
0.5,0.2,16.0,4,price_history_current_queue,0.03705991422488375,0.07112678609636616,0.13423506716291203,0.07236344978565731,0.001236663689291151,-0.00877464652433102,0.012845549343795386
0.5,0.2,16.0,4,queue_price_history,0.03404187179627208,0.07414482852497783,0.20474023036029565,0.0742769099185873,0.00013208139360947058,0.0006326784134210728,0.005351684538973292
0.5,0.2,16.0,4,marked_history,0.03085357991706944,0.07733312040418047,0.2792226289949234,0.07678830980332318,-0.0005448106008572873,0.010688247744824131,-0.002192484907693887
0.5,0.2,16.0,4,price_only,0.08820863473077138,0.019978065590478534,,0.02415639822318083,0.004178332632702297,-0.09392239622225618,0.04978624747924407
0.5,0.2,1.0,5,current_queue,0.04641465181603849,0.33359487473112887,0.0,0.3247452834907794,-0.008849591240349453,0.25789357153305137,0.028563530433928522
0.5,0.2,1.0,5,price_history_current_queue,0.04032394419166829,0.33968558235549906,0.1312238137325758,0.3290007048828276,-0.010684877472671439,0.2639542503605674,0.026758272998460647
0.5,0.2,1.0,5,queue_price_history,0.037063638586090686,0.34294588796107667,0.20146683997565998,0.3334456171200111,-0.009500270841065583,0.2736801380413596,0.021477297554851935
0.5,0.2,1.0,5,marked_history,0.03392154471986403,0.3460879818273033,0.2691630036500132,0.3383624737033362,-0.007725508123967106,0.28292045737809746,0.01715383480143922
0.5,0.2,1.0,5,price_only,0.32954761848006875,0.05046190806709861,,0.075622001489139,0.02516009342204039,-0.019530004952804436,0.0568638249181439
0.5,0.2,4.0,5,current_queue,0.1188883238717203,0.2470387690311893,0.0,0.23073092225463068,-0.01630784677655861,0.2223235476971337,0.028922780109419205
0.5,0.2,4.0,5,price_history_current_queue,0.09991130782153285,0.26601578508137674,0.1596205197632656,0.24269892294453974,-0.023316862136837008,0.24079700409009996,0.022417324406361988
0.5,0.2,4.0,5,queue_price_history,0.08949765543956739,0.2764294374633422,0.2472124046753762,0.2571266019050974,-0.019302835558244802,0.2557934661368767,0.02184854132014291
0.5,0.2,4.0,5,marked_history,0.08137414371949775,0.28455294918341184,0.31554133266022066,0.2651115753343717,-0.019441373849040156,0.26868619886538936,0.01694078202090457
0.5,0.2,4.0,5,price_only,0.2945638358818987,0.07136325702101087,,0.07520864323799231,0.003845386216981439,0.010675736071064756,0.08504831271884977
0.5,0.2,16.0,5,current_queue,0.042805977487953256,0.06538072283329666,0.0,0.059556560518968585,-0.005824162314328071,0.055372474660646764,0.010054727651043469
0.5,0.2,16.0,5,price_history_current_queue,0.036115323658091766,0.07207137666315815,0.15630185835014324,0.06372934979916735,-0.008342026863990798,0.0418894841510804,0.027710507440808593
0.5,0.2,16.0,5,queue_price_history,0.032246643745506454,0.07594005657574346,0.246678953784398,0.06908253101603268,-0.006857525559710781,0.04492698900307002,0.030026183805684302
0.5,0.2,16.0,5,marked_history,0.029413842326419526,0.07877285799483039,0.31285666038820475,0.07164700333110915,-0.007125854663721232,0.05065565453496457,0.026861990588866243
0.5,0.2,16.0,5,price_only,0.08657845845868009,0.021608241862569825,,0.021213247228732246,-0.00039499463383757885,-0.014859325998777928,0.04194321502023182
0.5,0.2,1.0,6,current_queue,0.04641465181603849,0.33359487473112887,0.0,0.33619150698496364,0.002596632253834774,0.41458115070584656,0.006194904951833911
0.5,0.2,1.0,6,price_history_current_queue,0.04187242782802941,0.33813709871913794,0.09786185633820739,0.33836949766436386,0.00023239894522592008,0.41758694049424283,0.005367105842837824
0.5,0.2,1.0,6,queue_price_history,0.037932744345126834,0.3420767822020405,0.1827420251805217,0.34236196689210424,0.00028518469006372227,0.4303489048944935,-0.0034023893296724686
0.5,0.2,1.0,6,marked_history,0.03515488340742523,0.3448546431397421,0.2425908192361462,0.3464273793589001,0.0015727362191579886,0.43386223670868285,-0.0028503086770659547
0.5,0.2,1.0,6,price_only,0.33174140654371265,0.04826812000345471,,0.04782227696328445,-0.00044584304017026427,0.17038325607627036,-0.037976430440269104
0.5,0.2,4.0,6,current_queue,0.1188883238717203,0.2470387690311893,0.0,0.24696374650633449,-7.502252485480643e-05,0.2742107810447868,-0.0013611657828028478
0.5,0.2,4.0,6,price_history_current_queue,0.10164954013502647,0.2642775527678831,0.14499980465108042,0.2607186290773347,-0.0035589236905484434,0.30349545118571875,-0.016890953352734633
0.5,0.2,4.0,6,queue_price_history,0.08892344900708915,0.27700364389582044,0.25204220136001787,0.27433245264459943,-0.0026711912512210056,0.3308571040196512,-0.03063878261940227
0.5,0.2,4.0,6,marked_history,0.08156368804417663,0.28436340485873296,0.313947027025267,0.28279903343621343,-0.0015643714225195282,0.33390354054788196,-0.02521863835601905
0.5,0.2,4.0,6,price_only,0.2973557231401176,0.06857136976279202,,0.0677385834000147,-0.0008327863627773102,0.09753310671132953,-0.0039086545556653585
0.5,0.2,16.0,6,current_queue,0.042805977487953256,0.06538072283329666,0.0,0.06517619857879696,-0.0002045242544996967,0.03921390348948994,-0.013389103857083959
0.5,0.2,16.0,6,price_history_current_queue,0.0366570508491573,0.07152964947209262,0.14364644845515867,0.07027656457224771,-0.0012530848998449085,0.05469871078692323,-0.0237735451610665
0.5,0.2,16.0,6,queue_price_history,0.03191894906842836,0.07626775125282155,0.2543343023200158,0.07539177437077696,-0.0008759768820445907,0.05883816308149725,-0.02279778765711126
0.5,0.2,16.0,6,marked_history,0.029266867064005872,0.07891983325724404,0.3162901823175899,0.07821855590328011,-0.0007012773539639278,0.057675998648853866,-0.01880884169196473
0.5,0.2,16.0,6,price_only,0.08739382504082373,0.020792875280426188,,0.020355972735367392,-0.00043690254505879614,0.007251385552248357,-0.02624681176327194
0.5,0.2,1.0,7,current_queue,0.04641465181603849,0.33359487473112887,0.0,0.3285689482465397,-0.0050259264845891605,0.4188497553456495,-0.017042918569985632
0.5,0.2,1.0,7,price_history_current_queue,0.04164795048305392,0.33836157606411343,0.1026982029699821,0.33024674891970257,-0.008114827144410863,0.4175109384728708,-0.014026301024044063
0.5,0.2,1.0,7,queue_price_history,0.03768221097433527,0.3423273155728321,0.1881397468263618,0.3357843914849978,-0.006542924087834301,0.42445941501539086,-0.015437135001268913
0.5,0.2,1.0,7,marked_history,0.035364151706705926,0.3446453748404614,0.23808215029018237,0.34110063431044085,-0.0035447405300205737,0.42360872853980924,-0.009270205700244234
0.5,0.2,1.0,7,price_only,0.3357139090767146,0.04429561747045277,,0.02692697051255083,-0.01736864695790194,0.13150629883009235,-0.03134143978841736
0.5,0.2,4.0,7,current_queue,0.1188883238717203,0.2470387690311893,0.0,0.2397084309098515,-0.007330338121337793,0.3190754405213493,-0.0016407150876537324
0.5,0.2,4.0,7,price_history_current_queue,0.1026333850863681,0.2632937078165415,0.1367244339561147,0.24916467588657215,-0.014129031929969338,0.32047586800609906,0.006415102404317155
0.5,0.2,4.0,7,queue_price_history,0.09130245870092474,0.27462463420198485,0.23203174434993737,0.26472507633034414,-0.009899557871640707,0.3496405149526812,-0.0071891440984930555
0.5,0.2,4.0,7,marked_history,0.08573563461381234,0.28019145828909725,0.27885572088373867,0.2762459837085671,-0.003945474580530128,0.3581897618873213,-0.004217483654910134
0.5,0.2,4.0,7,price_only,0.30257944232307704,0.06334765057983253,,0.04632337949327803,-0.017024271086554507,0.14968247390089007,-0.025632799883767987
0.5,0.2,16.0,7,current_queue,0.042805977487953256,0.06538072283329666,0.0,0.06264769524845548,-0.0027330275848411745,0.25214242771352946,0.009295454869727805
0.5,0.2,16.0,7,price_history_current_queue,0.03702677356858623,0.07115992675266368,0.13500927343601593,0.06620166539647787,-0.0049582613561858085,0.25930029897704054,0.005691553754239111
0.5,0.2,16.0,7,queue_price_history,0.03284632268071723,0.07534037764053268,0.23266972025201244,0.07209040232949418,-0.0032499753110385027,0.27005138528395434,0.0008292043803416263
0.5,0.2,16.0,7,marked_history,0.03079351833203879,0.07739318198921112,0.2806257410964413,0.07596256455386888,-0.0014306174353422435,0.26618357153300753,0.008569180355663127
0.5,0.2,16.0,7,price_only,0.08895293193003859,0.01923376839121132,,0.01380524959203433,-0.005428518799176989,0.219472397059023,-0.006876960132186888
0.5,0.2,1.0,8,current_queue,0.04641465181603849,0.33359487473112887,0.0,0.34037523635827394,0.006780361627145071,0.32494911082045175,0.013357018004963264
0.5,0.2,1.0,8,price_history_current_queue,0.039818276599167535,0.3401912499479998,0.14211838199315305,0.3449817103416012,0.00479046039360137,0.33167723189065623,0.01123537091808599
0.5,0.2,1.0,8,queue_price_history,0.036811699286332766,0.3431978272608346,0.20689485224981136,0.34656066688176673,0.0033628396209321454,0.3327662259896178,0.01172533335928997
0.5,0.2,1.0,8,marked_history,0.033916347426575066,0.3460931791205923,0.26927497892259655,0.34970698222882385,0.0036138031082315614,0.3356090494786954,0.012028825217269518
0.5,0.2,1.0,8,price_only,0.332206684178378,0.04780284236878933,,0.02715027894275729,-0.020652563426032042,0.05294345597738548,-0.027862284567487128
0.5,0.2,4.0,8,current_queue,0.1188883238717203,0.2470387690311893,0.0,0.25302470301948965,0.005985933988300357,0.1705535050782404,0.023642281004481194
0.5,0.2,4.0,8,price_history_current_queue,0.09793557310283457,0.267991519800075,0.176238928151545,0.2724261744816009,0.004434654681525874,0.17855355778149984,0.03504369976333302
0.5,0.2,4.0,8,queue_price_history,0.08946667907027239,0.2764604138326372,0.2474729548142479,0.2786731863736023,0.00221277254096508,0.18772745983542538,0.03211680960140885
0.5,0.2,4.0,8,marked_history,0.08352807943934581,0.2823990134635638,0.297424030222917,0.2837540849430126,0.0013550714794487995,0.17936172291159325,0.045563445094651295
0.5,0.2,4.0,8,price_only,0.29467371441920537,0.07125337848370422,,0.05916953363959454,-0.012083844844109681,-0.016183308034094512,0.016523924736920992
0.5,0.2,16.0,8,current_queue,0.042805977487953256,0.06538072283329666,0.0,0.06701545047038181,0.001634727637085151,0.008223280860674143,0.00816209190767088
0.5,0.2,16.0,8,price_history_current_queue,0.035424014036704185,0.07276268628454573,0.17245169680628256,0.07399016524593849,0.0012274789613927611,0.009104337723445544,0.014255749820456153
0.5,0.2,16.0,8,queue_price_history,0.03230364670452042,0.07588305361672949,0.245347294928342,0.07628783588748743,0.00040478227075793627,0.013778056932349125,0.011879701253101518
0.5,0.2,16.0,8,marked_history,0.03024706641851646,0.07793963390273345,0.2933915262879164,0.07811198411673098,0.0001723502139975297,0.01849606693888406,0.00898583947581013
0.5,0.2,16.0,8,price_only,0.08636243508850108,0.02182426523274883,,0.018737313899369085,-0.003086951333379745,-0.04328546432943958,0.011392700526771882
0.5,0.2,1.0,9,current_queue,0.04641465181603849,0.33359487473112887,0.0,0.3422816547587276,0.008686780027598762,0.42512363636621187,-0.006042160233955637
0.5,0.2,1.0,9,price_history_current_queue,0.04222500202624857,0.3377845245209188,0.09026567314121686,0.3479195040635737,0.01013497954265491,0.4268085822761697,-0.0020892568390673966
0.5,0.2,1.0,9,queue_price_history,0.03978375683739371,0.34022576970977364,0.1428621075285861,0.3507138778848991,0.010488108175125466,0.4307252582498845,-0.0032115589914568123
0.5,0.2,1.0,9,marked_history,0.03741344080487674,0.3425960857422906,0.19393037885617398,0.3522052344543182,0.00960914871202756,0.43147850095740525,-0.00247344512955849
0.5,0.2,1.0,9,price_only,0.33308892975834503,0.04692059678882231,,0.04363667502828411,-0.003283921760538197,0.13907395469101358,-0.01863745828920088
0.5,0.2,4.0,9,current_queue,0.1188883238717203,0.2470387690311893,0.0,0.2538082689167279,0.006769499885538627,0.34665855827362735,0.004504814483034303
0.5,0.2,4.0,9,price_history_current_queue,0.10422226105473298,0.2617048318481766,0.1233599931378619,0.27084905409177706,0.009144222243600453,0.3584482916028501,0.009755866328860718
0.5,0.2,4.0,9,queue_price_history,0.09411841724563086,0.27180867565727873,0.20834599916486332,0.2789285545354257,0.007119878878146968,0.36580157137039304,0.01048208700496639
0.5,0.2,4.0,9,marked_history,0.08929220479710553,0.27663488810580406,0.24894050240416188,0.28368566652511124,0.00705077841930718,0.3716518230461091,0.009388947318935845
0.5,0.2,4.0,9,price_only,0.2998972355864812,0.0660298573164284,,0.06307671711546614,-0.0029531402009622537,0.11683972932655584,0.04359209162884403
0.5,0.2,16.0,9,current_queue,0.042805977487953256,0.06538072283329666,0.0,0.06638950532132555,0.0010087824880288948,0.16009199745376457,-0.005270608763256093
0.5,0.2,16.0,9,price_history_current_queue,0.03753401962881987,0.07065268069243004,0.12315938493910232,0.07245245114963515,0.0017997704572051132,0.1637753693608438,-0.0028910348420257276
0.5,0.2,16.0,9,queue_price_history,0.033612778439281635,0.07457392188196828,0.2147643761028196,0.07542205911609057,0.0008481372341222898,0.1620626925308415,0.0017912499544319935
0.5,0.2,16.0,9,marked_history,0.031958452035565216,0.0762282482856847,0.2534114646824926,0.07719426054452005,0.0009660122588353581,0.16277745639670504,0.002848687516997933
0.5,0.2,16.0,9,price_only,0.08821397257942423,0.019972727741825673,,0.018791848735549815,-0.0011808790062758576,0.10797391368722009,-0.0007501815824873526
0.5,0.2,1.0,10,current_queue,0.04641465181603849,0.33359487473112887,0.0,0.3410654685236763,0.007470593792547442,0.29305831970636487,0.010577764378577006
0.5,0.2,1.0,10,price_history_current_queue,0.04051926282102841,0.33949026372613894,0.12701568932103754,0.34749195311678016,0.00800168939064122,0.2928301599605504,0.017232408717495346
0.5,0.2,1.0,10,queue_price_history,0.037665822932410165,0.3423437036147572,0.1884928258926459,0.352548012981963,0.010204309367205788,0.3007321843898251,0.014386444153403462
0.5,0.2,1.0,10,marked_history,0.03685764858463275,0.3431518779625346,0.20590487825448545,0.3523026775434348,0.009150799580900204,0.30145143189032286,0.013421861214377467
0.5,0.2,1.0,10,price_only,0.3311498597441936,0.048859666802973746,,0.024487106449525287,-0.02437256035344846,-0.030396114055098122,0.01745383606588896
0.5,0.2,4.0,10,current_queue,0.1188883238717203,0.2470387690311893,0.0,0.2584686317161856,0.011429862684996323,0.2349684484390112,0.03139195089151205
0.5,0.2,4.0,10,price_history_current_queue,0.09948806476581662,0.26643902813709297,0.1631805250012308,0.2815049593775508,0.015065931240457853,0.2558026507735287,0.03359407621835976
0.5,0.2,4.0,10,queue_price_history,0.08929929123130093,0.27662780167160866,0.2488808965996168,0.29101933941365205,0.014391537742043381,0.2730987788058543,0.025812328222135375
0.5,0.2,4.0,10,marked_history,0.08620877807845834,0.27971831482445125,0.27487599058527373,0.2933084196950255,0.013590104870574271,0.2751587381953665,0.02604144911399664
0.5,0.2,4.0,10,price_only,0.296734066778882,0.06919302612402763,,0.06433380131870664,-0.004859224805320986,0.07752555125740679,-0.005299982324362518
0.5,0.2,16.0,10,current_queue,0.042805977487953256,0.06538072283329666,0.0,0.06935387119655953,0.003973148363262874,0.0788460797104864,0.012125464199003892
0.5,0.2,16.0,10,price_history_current_queue,0.03598548393278378,0.07220121638846613,0.15933507317030537,0.07749679982959454,0.005295583441128404,0.08038273490355285,0.018731737638972464
0.5,0.2,16.0,10,queue_price_history,0.03213254187862147,0.07605415844262844,0.24934451297918797,0.08079871642968423,0.004744557987055781,0.08893342703100804,0.013482962111606954
0.5,0.2,16.0,10,marked_history,0.03096466110786987,0.07722203921338004,0.27662763648875555,0.08181234966940587,0.0045903104560258284,0.08805787419631295,0.015372148186023699
0.5,0.2,16.0,10,price_only,0.08721286766295032,0.020973832658299597,,0.020804250709730784,-0.00016958194856881229,0.044301134704816114,-0.0018792112821545554
0.5,0.2,1.0,11,current_queue,0.04641465181603849,0.33359487473112887,0.0,0.3409072809498235,0.0073124062186946115,0.31526689034872557,-0.020903331649192017
0.5,0.2,1.0,11,price_history_current_queue,0.040567950583658585,0.33944157596350877,0.12596671532844694,0.346578118018277,0.0071365420547682135,0.3177904552168984,-0.017756059448911357
0.5,0.2,1.0,11,queue_price_history,0.037284634940114525,0.34272489160705283,0.19670549101844398,0.3477992713230575,0.005074379716004662,0.31896917432442085,-0.01771362525165327
0.5,0.2,1.0,11,marked_history,0.035236653182830424,0.34477287336433693,0.2408290958965145,0.3500930361372076,0.0053201627728706735,0.3243448860575199,-0.020795572170602166
0.5,0.2,1.0,11,price_only,0.3320611859916407,0.047948340555526686,,0.0030886828736531036,-0.04485965768187358,-0.00648474593582371,-0.036970293440813096
0.5,0.2,4.0,11,current_queue,0.1188883238717203,0.2470387690311893,0.0,0.25811081870928776,0.011072049678098467,0.21002395366250348,-0.022142380600659664
0.5,0.2,4.0,11,price_history_current_queue,0.09915530994469901,0.2667717829582106,0.16597941063003863,0.27469264174518576,0.007920858786975182,0.22158103429060694,-0.017117638192865103
0.5,0.2,4.0,11,queue_price_history,0.08883305021630306,0.27709404268660653,0.25280256863446643,0.28295544916354576,0.005861406476939224,0.23221261273562188,-0.01948640921952008
0.5,0.2,4.0,11,marked_history,0.08232179990598182,0.28360529299692777,0.3075703548919868,0.289509055470511,0.005903762473583207,0.24407340333300953,-0.024793593509942494
0.5,0.2,4.0,11,price_only,0.2966183368791392,0.06930875602377043,,0.03643715094372468,-0.032871605080045746,-0.019175403286835424,-0.01461669141688382
0.5,0.2,16.0,11,current_queue,0.042805977487953256,0.06538072283329666,0.0,0.06899575684530825,0.0036150340120115892,0.10989919827863737,-0.014227015229726928
0.5,0.2,16.0,11,price_history_current_queue,0.03583999978125019,0.07234670053999973,0.16273376092541003,0.07472152268579227,0.0023748221457925434,0.10837705430865441,-0.0069791054192599525
0.5,0.2,16.0,11,queue_price_history,0.03195186619316136,0.07623483412808855,0.25356531801771226,0.07807774258480489,0.0018429084567163356,0.11626662188668424,-0.01151245309827716
0.5,0.2,16.0,11,marked_history,0.02957892838011722,0.07860777194113269,0.3090000482189311,0.08043878634946919,0.0018310144083364954,0.11912360051105719,-0.012008387957985815
0.5,0.2,16.0,11,price_only,0.08708827120925827,0.021098429111991644,,0.012506380910987352,-0.008592048201004291,0.049502672816313376,-0.01031986570172383
0.5,0.2,1.0,12,current_queue,0.04641465181603849,0.33359487473112887,0.0,0.34179458047028455,0.008199705739155683,0.4163334388896248,-0.016463651779417894
0.5,0.2,1.0,12,price_history_current_queue,0.0409958036733607,0.33901372287380666,0.11674865437222387,0.3465659152746364,0.007552192400829771,0.420902481102164,-0.01626135918760519
0.5,0.2,1.0,12,queue_price_history,0.03823521397498769,0.34177431257217966,0.1762253409434046,0.348450081780925,0.006675769208745352,0.4182708920803404,-0.011745603659493016
0.5,0.2,1.0,12,marked_history,0.03494510362662251,0.34506442292054484,0.24711050801102208,0.35104906134836855,0.0059846384278237075,0.42284887817812955,-0.013724610189838598
0.5,0.2,1.0,12,price_only,0.33443116679760626,0.04557835974956111,,0.04374737701137932,-0.0018309827381817953,0.09108039594457162,0.010742187706730078
0.5,0.2,4.0,12,current_queue,0.1188883238717203,0.2470387690311893,0.0,0.2550596463193137,0.008020877288124423,0.271346206091847,0.00951131335022698
0.5,0.2,4.0,12,price_history_current_queue,0.1005131735911059,0.2654139193118037,0.15455807334319108,0.2703887285687124,0.0049748092569086855,0.2888331279866625,0.007353473704810154
0.5,0.2,4.0,12,queue_price_history,0.09101430255340959,0.2749127903495,0.23445549916564212,0.2789367285687012,0.004023938219201217,0.29428873231346875,0.010445869377992745
0.5,0.2,4.0,12,marked_history,0.08272486122009681,0.2832022316828128,0.3041801034275125,0.28852628992291285,0.005324058240100071,0.29857249929525487,0.015751663750418282
0.5,0.2,4.0,12,price_only,0.3007194944429914,0.06520759845991822,,0.06396207257347436,-0.00124552588644386,0.03186783763336409,0.05789210806287054
0.5,0.2,16.0,12,current_queue,0.042805977487953256,0.06538072283329666,0.0,0.06746437908400871,0.0020836562507120515,-0.010935277274046529,-0.00031832176424608644
0.5,0.2,16.0,12,price_history_current_queue,0.036290429939633315,0.0718962703816166,0.1522111614003813,0.072959876466174,0.0010636060845573975,-4.1395330082627524e-05,-0.005716706326044707
0.5,0.2,16.0,12,queue_price_history,0.03264883535690917,0.07553786496434074,0.23728326572854402,0.07629080809716224,0.0007529431328214958,0.005755074792288761,-0.008182244817427853
0.5,0.2,16.0,12,marked_history,0.029637882731049184,0.07854881759020073,0.3076228024604724,0.07981291334351252,0.0012640957533117947,0.0026323161160423103,-0.0015373808948311134
0.5,0.2,16.0,12,price_only,0.08838417859472575,0.01980252172652417,,0.01934598391533915,-0.00045653781118502185,-0.0623902269808414,0.0030182327738792203
0.5,0.2,1.0,13,current_queue,0.04641465181603849,0.33359487473112887,0.0,0.3370215820927114,0.003426707361582515,0.3286705445383894,-0.022872739137734438
0.5,0.2,1.0,13,price_history_current_queue,0.03965598396524789,0.34035354258191947,0.1456149639466897,0.3461065718797275,0.005753029297808021,0.33623444535389035,-0.021351650166219344
0.5,0.2,1.0,13,queue_price_history,0.03659969514314809,0.34340983140401926,0.21146246473616456,0.3493119839394742,0.005902152535454952,0.33502278004342045,-0.01693457279600269
0.5,0.2,1.0,13,marked_history,0.034727835168328114,0.34528169137883924,0.2517915397497826,0.3521321556348552,0.006850464256015987,0.33583187298496897,-0.014923494042170166
0.5,0.2,1.0,13,price_only,0.3307580076645659,0.04925151888260144,,0.07371587385365841,0.02446435497105697,0.018814971781218492,0.023677125380383468
0.5,0.2,4.0,13,current_queue,0.1188883238717203,0.2470387690311893,0.0,0.2549886468587027,0.007949877827513413,0.2339564960524898,0.008210482993765825
0.5,0.2,4.0,13,price_history_current_queue,0.09916156531875037,0.2667655275841592,0.16592679508422517,0.2785109269252264,0.011745399341067164,0.2719110259562231,-0.006221766843443791
0.5,0.2,4.0,13,queue_price_history,0.08943545925618862,0.27649163364672097,0.24773555262929872,0.2879563471045274,0.01146471345780642,0.2825037670073013,-0.007369087715220976
0.5,0.2,4.0,13,marked_history,0.084139227001167,0.2817878659017426,0.29228351228205846,0.29376898748864066,0.01198112158689807,0.2797662341814543,0.0011810854947392618
0.5,0.2,4.0,13,price_only,0.29507642103435294,0.07085067186855665,,0.07701516626663085,0.006164494398074205,0.007654087260702491,0.05653941119348127
0.5,0.2,16.0,13,current_queue,0.042805977487953256,0.06538072283329666,0.0,0.06850415667680677,0.0031234338435101178,0.03262650174475301,-0.008406795251706303
0.5,0.2,16.0,13,price_history_current_queue,0.0359166660483181,0.07227003427293181,0.16094274313847856,0.07650813689517817,0.004238102622246359,0.04467880183490602,-0.012455115123487917
0.5,0.2,16.0,13,queue_price_history,0.03230103453027475,0.07588566579097517,0.2454083185142748,0.08008348557731901,0.004197819786343843,0.0534116866876454,-0.017612651294086457
0.5,0.2,16.0,13,marked_history,0.03035001171877294,0.07783668860247697,0.29098659813774275,0.08214068962740169,0.004304001024924717,0.050404633353356765,-0.012548393909715141
0.5,0.2,16.0,13,price_only,0.0866539201474146,0.021532780173835316,,0.022887292771186382,0.0013545125973510666,0.006614940188929164,-0.028012097601502847
0.5,0.2,1.0,14,current_queue,0.04641465181603849,0.33359487473112887,0.0,0.33929507675556286,0.005700202024433998,0.3804207762542481,0.013455159817920163
0.5,0.2,1.0,14,price_history_current_queue,0.04089246249938022,0.33911706404778713,0.11897513178694329,0.34679348664406445,0.007676422596277321,0.38895794194536093,0.012416404015308906
0.5,0.2,1.0,14,queue_price_history,0.03755414111785593,0.3424553854293114,0.19089900174842686,0.34799941975004567,0.005544034320734248,0.39423641953944366,0.008343859527207384
0.5,0.2,1.0,14,marked_history,0.03670552839568819,0.34330399815147916,0.20918229568610766,0.3488687254160416,0.005564727264562419,0.396156517395961,0.007293067336685926
0.5,0.2,1.0,14,price_only,0.3295692326040323,0.05044029394313504,,0.08637718735997396,0.03593689341683892,0.07762880402340055,0.0633292426531788
0.5,0.2,4.0,14,current_queue,0.1188883238717203,0.2470387690311893,0.0,0.2467351871291995,-0.00030358190198978563,0.3170225552058227,-0.025317359633998074
0.5,0.2,4.0,14,price_history_current_queue,0.09999604936116935,0.26593104354174024,0.15890773707042574,0.27046870947043977,0.00453766592869953,0.32828858741125566,-0.012849869498190752
0.5,0.2,4.0,14,queue_price_history,0.08984759752561117,0.2760794953772984,0.2442689525797662,0.27857507297814094,0.0024955776008425135,0.3416627377933197,-0.01811765637255365
0.5,0.2,4.0,14,marked_history,0.08418551746505198,0.2817415754378576,0.291894151389605,0.2843482493480425,0.0026066739101848757,0.35075365707095907,-0.021435399280291506
0.5,0.2,4.0,14,price_only,0.2943344142438581,0.0715926786590515,,0.09483472154231753,0.023242042883266034,0.10689525775910425,0.0329094722258384
0.5,0.2,16.0,14,current_queue,0.042805977487953256,0.06538072283329666,0.0,0.06485813358304576,-0.0005225892502508933,0.0828198548575586,-0.010898179729629566
0.5,0.2,16.0,14,price_history_current_queue,0.03612511718656629,0.07206158313468362,0.15607306954425093,0.07322650295476557,0.0011649198200819472,0.08263814016206006,-0.0023480956624112037
0.5,0.2,16.0,14,queue_price_history,0.032334917519857606,0.0758517828013923,0.24461677042750596,0.07643842769836129,0.0005866448969689825,0.08727044800773354,-0.003768478764488957
0.5,0.2,16.0,14,marked_history,0.030234493268693485,0.07795220705255643,0.2936852504489057,0.07852408714532523,0.0005718800927688034,0.08766753680220707,-0.002079908111998558
0.5,0.2,16.0,14,price_only,0.08648468621611917,0.02170201410513074,,0.027786307689203774,0.006084293584073034,0.049391102897610284,-0.014541253663523226
0.5,0.2,1.0,15,current_queue,0.04641465181603849,0.33359487473112887,0.0,0.33916511135920124,0.005570236628072378,0.3562686367369886,-0.026899060537154386
0.5,0.2,1.0,15,price_history_current_queue,0.040459960608096146,0.3395495659390712,0.1282933508053315,0.3459029736321644,0.0063534076930931715,0.3572860052587167,-0.021178566785919367
0.5,0.2,1.0,15,queue_price_history,0.03648505403664748,0.3435244725105199,0.21393239830272423,0.35031779869120194,0.006793326180682069,0.35515039196608855,-0.014628128434253672
0.5,0.2,1.0,15,marked_history,0.033037976207568265,0.3469715503395991,0.2881994173195099,0.35414450838129213,0.007172958041693045,0.36040033767819724,-0.01605136445627212
0.5,0.2,1.0,15,price_only,0.33101076042078614,0.04899876612638122,,0.017332575478923973,-0.031666190647457244,-0.0550379124663718,0.06257495278592873
0.5,0.2,4.0,15,current_queue,0.1188883238717203,0.2470387690311893,0.0,0.2527615491710745,0.005722780139885225,0.3951568659470348,-0.04905889112427343
0.5,0.2,4.0,15,price_history_current_queue,0.09884226211675179,0.2670848307861578,0.1686125357154339,0.27094322531189846,0.0038583945257406604,0.40519483605609086,-0.04091518509250551
0.5,0.2,4.0,15,queue_price_history,0.08745989428230294,0.27846719862060665,0.26435253325068675,0.2831472244194997,0.004680025798893039,0.40966159461096363,-0.0331779445397771
0.5,0.2,4.0,15,marked_history,0.07931687481855237,0.2866102180843572,0.33284554584069376,0.2913396646830291,0.00472944659867186,0.40472231872039577,-0.020046228385679835
0.5,0.2,4.0,15,price_only,0.2967651367994527,0.06916195610345689,,0.04364433892656455,-0.02551761717689234,0.1329640197737736,0.004016744804477834
0.5,0.2,16.0,15,current_queue,0.042805977487953256,0.06538072283329666,0.0,0.06696369504047137,0.0015829722071747099,0.26639279064470134,-0.027782976436503903
0.5,0.2,16.0,15,price_history_current_queue,0.03571970182345202,0.07246699849779789,0.16554406838380228,0.0733188073732049,0.0008518088754070063,0.2625578256208563,-0.01759289907992532
0.5,0.2,16.0,15,queue_price_history,0.03160483047035266,0.07658186985089725,0.2616724970420988,0.07773735031703158,0.001155480466134326,0.2643864647235301,-0.015002995238772469
0.5,0.2,16.0,15,marked_history,0.0287028822570225,0.07948381806422741,0.3294655573488479,0.08055022206144202,0.00106640399721461,0.2661239878900066,-0.013927646660838486
0.5,0.2,16.0,15,price_only,0.0872463102128121,0.02094039010843781,,0.01420733993292772,-0.00673305017551009,0.19721814795237746,-0.011364688851723675
0.5,2.0,1.0,0,current_queue,0.01595565416955,0.2052793097925939,0.0,0.20488059386298407,-0.0003987159296098275,0.22611331150957226,-0.006826940135614332
0.5,2.0,1.0,0,price_history_current_queue,0.01586792475225482,0.20536703920988908,0.005498327825543082,0.2050269481098397,-0.00034009110004937226,0.22702215531697834,-0.00758942969616477
0.5,2.0,1.0,0,queue_price_history,0.014977253258538076,0.20625771070360582,0.06132001236772337,0.2062704341859607,1.272348235487053e-05,0.22138223102143917,-0.0007060193245046302
0.5,2.0,1.0,0,marked_history,0.01461714342353232,0.20661782053861158,0.08388943078072678,0.20685789234508936,0.0002400718064777818,0.22394948508207213,-0.002685815226008914
0.5,2.0,1.0,0,price_only,0.22072439159578364,0.0005105723663602516,,-0.03849354839765193,-0.039004120764012176,0.019878179776946614,-0.04396595066362469
0.5,2.0,4.0,0,current_queue,0.007962368377076895,0.10359938657749207,0.0,0.103503896077499,-9.549049999306447e-05,0.14720348181754916,-0.001070802877771124
0.5,2.0,4.0,0,price_history_current_queue,0.007894307340683554,0.10366744761388541,0.008547838177053442,0.10357083952916613,-9.660808471928517e-05,0.1477891810138019,-0.0015895586223567404
0.5,2.0,4.0,0,queue_price_history,0.007402250036373417,0.10415950491819555,0.07034569542348976,0.10424446545489019,8.49605366946421e-05,0.1455447656322021,0.001328482684967128
0.5,2.0,4.0,0,marked_history,0.007215559540000291,0.10434619541456867,0.0937922991890974,0.10447838667602342,0.00013219126145475046,0.1473995093357966,-0.0002923397974941462
0.5,2.0,4.0,0,price_only,0.11118203478299489,0.000379720171574073,,-0.011528544918238806,-0.011908265089812879,0.01006548311093014,0.021034754833110084
0.5,2.0,16.0,0,current_queue,0.0020460703828638765,0.026617926539238588,0.0,0.026594196033334544,-2.3730505904043936e-05,0.1542053366098245,-0.0027601992785884657
0.5,2.0,16.0,0,price_history_current_queue,0.0020282408148429368,0.026635756107259528,0.008714054105990134,0.026610974472979266,-2.4781634280261755e-05,0.15457065850251772,-0.003108742731636971
0.5,2.0,16.0,0,queue_price_history,0.0019008339829097443,0.02676316293919272,0.07098309088998467,0.02678440746744376,2.1244528251040257e-05,0.15326126455250477,-0.0016259157871595289
0.5,2.0,16.0,0,marked_history,0.0018528956133087061,0.02681110130879376,0.09441257308303562,0.02684399749496084,3.289618616708276e-05,0.1531983195595663,-0.0015033807667039836
0.5,2.0,16.0,0,price_only,0.028564891352645654,9.910556945681193e-05,,-0.0028335388197682117,-0.0029326443892250236,0.09936395435764134,0.022653448120491936
0.5,2.0,1.0,1,current_queue,0.01595565416955,0.2052793097925939,0.0,0.20449296672016376,-0.0007863430724301401,0.152000132315409,-0.011377680267114738
0.5,2.0,1.0,1,price_history_current_queue,0.015884005440613386,0.2053509585215305,0.004490491469371935,0.20458059350437474,-0.0007703650171557719,0.15165019315758121,-0.010940114325075984
0.5,2.0,1.0,1,queue_price_history,0.015018448314536692,0.2062165156476072,0.05873816548379971,0.2055210881659989,-0.0006954274816083073,0.1563044225706327,-0.014653849076503318
0.5,2.0,1.0,1,marked_history,0.014461547771583705,0.2067734161905602,0.09364118713588492,0.20633724927077474,-0.00043616691978545785,0.15306490755668822,-0.010598172957782996
0.5,2.0,1.0,1,price_only,0.2207124254453234,0.0005225385168204868,,0.023807593429021168,0.023285054912200683,-0.11446467099387347,0.07440174975102512
0.5,2.0,4.0,1,current_queue,0.007962368377076895,0.10359938657749207,0.0,0.10336178413765892,-0.00023760243983314555,-0.016002935504386695,0.009279697573969065
0.5,2.0,4.0,1,price_history_current_queue,0.007888796981949706,0.10367295797261926,0.00923988839036841,0.10340561635975212,-0.0002673416128671363,-0.014769428623393477,0.008090022915069056
0.5,2.0,4.0,1,queue_price_history,0.007404017943343069,0.1041577370112259,0.07012366262044316,0.10397123694009461,-0.00018650007113128753,-0.01359257009445436,0.007478784966472421
0.5,2.0,4.0,1,marked_history,0.0071532803170615,0.10440847463750746,0.10161399494460759,0.10429468212527532,-0.00011379251223214704,-0.015750986955290758,0.009960647012489533
0.5,2.0,4.0,1,price_only,0.11115779427960064,0.0004039606749683231,,0.007343925326202774,0.006939964651234451,-0.1264327132230889,0.023691616481215136
0.5,2.0,16.0,1,current_queue,0.0020460703828638765,0.026617926539238588,0.0,0.026560562928441087,-5.736361079750063e-05,-0.17288512930241962,-0.0002132943096890415
0.5,2.0,16.0,1,price_history_current_queue,0.0020265899392088414,0.026637406982893623,0.009520905936661096,0.026571817487582253,-6.558949531136962e-05,-0.17300121284104408,-8.595621192340839e-05
0.5,2.0,16.0,1,queue_price_history,0.0019012112655100062,0.026762785656592458,0.0707986971352919,0.02671898383523142,-4.3801821361037774e-05,-0.17108503679495568,-0.0018549659103626426
0.5,2.0,16.0,1,marked_history,0.001837478154729743,0.02682651876737272,0.10194772862220307,0.02680026714524011,-2.6251622132610758e-05,-0.171258058699848,-0.0016006606954616302
0.5,2.0,16.0,1,price_only,0.028558387666176632,0.0001056092559258311,,0.0018061733891136765,0.0017005641331878454,-0.19691440668865945,-0.0009384064627766184
0.5,2.0,1.0,2,current_queue,0.01595565416955,0.2052793097925939,0.0,0.2048232223923729,-0.00045608740022098915,0.058155118145532425,-0.009378451065191536
0.5,2.0,1.0,2,price_history_current_queue,0.015865185022147732,0.20536977893999617,0.005670036868492636,0.20496573911573138,-0.00040403982426479024,0.059020915718537625,-0.010101731914838263
0.5,2.0,1.0,2,queue_price_history,0.014801239818788087,0.2064337241433558,0.07235142718027902,0.20670407063388757,0.00027034649053175874,0.06184779449706401,-0.011190279175208451
0.5,2.0,1.0,2,marked_history,0.014489798699254153,0.20674516526288975,0.09187059676270157,0.20719062701365332,0.00044546175076357053,0.06567499839082791,-0.01453092668920661
0.5,2.0,1.0,2,price_only,0.22071001018731654,0.0005249537748273584,,0.011310978318594594,0.010786024543767236,-0.1120471519180164,-0.032688425075421024
0.5,2.0,4.0,2,current_queue,0.007962368377076895,0.10359938657749207,0.0,0.10333670716368829,-0.0002626794138037847,-0.11971455391332486,-0.003956919233412964
0.5,2.0,4.0,2,price_history_current_queue,0.007884224727095768,0.1036775302274732,0.00981412141217899,0.10343353729793922,-0.000243992929533976,-0.11966895961169688,-0.0039056834007900124
0.5,2.0,4.0,2,queue_price_history,0.007332259059280075,0.10422949589528889,0.07913591634504895,0.10421521357993299,-1.4282315355898523e-05,-0.12159464779110785,-0.0011983189393852652
0.5,2.0,4.0,2,marked_history,0.007171779115784441,0.10438997583878452,0.09929071651199983,0.10447679578048816,8.681994170363361e-05,-0.12294968333909018,0.00041829880915223317
0.5,2.0,4.0,2,price_only,0.11115952023296424,0.0004022347216047241,,0.005385060583878679,0.004982825862273954,-0.18444467581328183,-0.037178443913265594
0.5,2.0,16.0,2,current_queue,0.0020460703828638765,0.026617926539238588,0.0,0.02655174873896911,-6.617780026947628e-05,-0.4243085957407764,0.003369082028345101
0.5,2.0,16.0,2,price_history_current_queue,0.0020255883246090532,0.02663840859749341,0.01001043679941971,0.02657676149228578,-6.164710520763228e-05,-0.42413108437089564,0.00321658341178101
0.5,2.0,16.0,2,queue_price_history,0.001883563160708146,0.02678043376139432,0.0794240625917618,0.026775374598935798,-5.059162458520561e-06,-0.4252304035457579,0.0045145156932933075
0.5,2.0,16.0,2,marked_history,0.0018423576931650108,0.026821639228937454,0.09956289451476731,0.026842841520538722,2.1202291601268852e-05,-0.4256563108355451,0.005007889904683431
0.5,2.0,16.0,2,price_only,0.028558882963869204,0.00010511395823325932,,0.0013979825787898761,0.001292868620556617,-0.43169081597015047,-0.014402463902460066
0.5,2.0,1.0,3,current_queue,0.01595565416955,0.2052793097925939,0.0,0.20514051482896095,-0.00013879496363294885,0.18804023802586178,-0.004554218257355712
0.5,2.0,1.0,3,price_history_current_queue,0.015886664527412414,0.20534829943473148,0.004323836641511412,0.2051956545256629,-0.00015264490906857775,0.18780665206120273,-0.004265492595994701
0.5,2.0,1.0,3,queue_price_history,0.014983328021134973,0.20625163594100893,0.06093928447450479,0.20526977145378061,-0.0009818644872283122,0.19247500863552658,-0.008859732242200859
0.5,2.0,1.0,3,marked_history,0.014677052874134566,0.20655791108800933,0.08013468340618297,0.20621417708117926,-0.0003437340068300765,0.19123194118431053,-0.0066722591635861635
0.5,2.0,1.0,3,price_only,0.22078722244540633,0.000447741516737567,,-0.019240979243171474,-0.019688720759909042,-0.07503477312820994,0.03413929882458358
0.5,2.0,4.0,3,current_queue,0.007962368377076895,0.10359938657749207,0.0,0.10366896736281812,6.958078532605383e-05,0.14594541297732455,-0.0014250149678686312
0.5,2.0,4.0,3,price_history_current_queue,0.007898985769132671,0.1036627691854363,0.007960270731343902,0.10374537006544327,8.260088000697219e-05,0.14592319777916052,-0.0013263970670794618
0.5,2.0,4.0,3,queue_price_history,0.007397854941481735,0.10416390001308723,0.07089767878868236,0.1040397932223986,-0.0001241067906886245,0.1466181389388006,-0.0017269150697642082
0.5,2.0,4.0,3,marked_history,0.007224912148689047,0.10433684280587992,0.09261769783359095,0.10444193686921759,0.00010509406333766846,0.1473835424884986,-0.0020901749726432335
0.5,2.0,4.0,3,price_only,0.11122276507760923,0.00033898987695974564,,-0.007789489426245508,-0.008128479303205254,-0.023062629730814965,0.05612457095120725
0.5,2.0,16.0,3,current_queue,0.0020460703828638765,0.026617926539238588,0.0,0.026637908570416303,1.998203117771491e-05,0.01702994783200329,0.0010812743928992892
0.5,2.0,16.0,3,price_history_current_queue,0.0020293814147749646,0.0266346155073275,0.008156595310055977,0.026658272953852265,2.3657446524764925e-05,0.016668621867538924,0.001462964740799618
0.5,2.0,16.0,3,queue_price_history,0.001899663291753409,0.026764333630349055,0.07155525652325906,0.026738536274343774,-2.5797356005281824e-05,0.016960600273135173,0.0012512496556948754
0.5,2.0,16.0,3,marked_history,0.0018547924853057132,0.02680920443679675,0.0934854925618113,0.02684001407880418,3.0809642007429555e-05,0.016471288740721124,0.0018420389925693334
0.5,2.0,16.0,3,price_only,0.028575442515937383,8.85544061650822e-05,,-0.0019782234099378314,-0.0020667778161029137,-0.042372256995783175,0.03186734724033162
0.5,2.0,1.0,4,current_queue,0.01595565416955,0.2052793097925939,0.0,0.20287841781177668,-0.0024008919808172213,0.15629391011287408,0.00916226597283195
0.5,2.0,1.0,4,price_history_current_queue,0.01587992023160295,0.20535504373054095,0.004746526663355464,0.2030175309904089,-0.002337512740132053,0.15629131599163715,0.009303973272701094
0.5,2.0,1.0,4,queue_price_history,0.015097897832603457,0.20613706612954044,0.05375876963938563,0.20355462952145054,-0.0025824366080899053,0.15793236518090736,0.00820002261447253
0.5,2.0,1.0,4,marked_history,0.014814459945150238,0.20642050401699366,0.07152287284952769,0.20365126780869186,-0.0027692362083018007,0.15838686437877092,0.007842161703850298
0.5,2.0,1.0,4,price_only,0.2206759349662507,0.0005590289958931798,,-0.0021942158932050926,-0.0027532448890982726,0.017572392266913095,-0.05718884988618883
0.5,2.0,4.0,4,current_queue,0.007962368377076895,0.10359938657749207,0.0,0.10293933216923026,-0.0006600544082618065,0.09823244177084045,-0.009601000623127465
0.5,2.0,4.0,4,price_history_current_queue,0.007907898987651346,0.10365385596691762,0.0068408527269803775,0.10298406124315183,-0.0006697947237657847,0.09862595155557274,-0.009949781333938191
0.5,2.0,4.0,4,queue_price_history,0.007482851730764212,0.10407890322380475,0.06022286631364335,0.10323135777700618,-0.0008475454467985755,0.09713993297037049,-0.008216466214881587
0.5,2.0,4.0,4,marked_history,0.007323263132872224,0.10423849182169674,0.08026572169715368,0.1032538977195568,-0.0009845941021399407,0.09540036297014287,-0.006454356272103353
0.5,2.0,4.0,4,price_only,0.11115240112082023,0.0004093538337487331,,3.5288277621087216e-05,-0.00037406555612764586,0.0338474469342982,-0.04812004967819439
0.5,2.0,16.0,4,current_queue,0.0020460703828638765,0.026617926539238588,0.0,0.026456683140183304,-0.00016124339905528376,0.12546939296333925,-0.008940281739665077
0.5,2.0,16.0,4,price_history_current_queue,0.0020318332862922783,0.026632163635810186,0.00695826335732919,0.026467609995893048,-0.00016455363991713795,0.12549032074166422,-0.008950282662280295
0.5,2.0,16.0,4,queue_price_history,0.0019217613214405384,0.026742235600661926,0.06075502703349983,0.026531476126869336,-0.00021075947379258983,0.12434328154896523,-0.0077393773386050255
0.5,2.0,16.0,4,marked_history,0.00188047192862624,0.026783524993476224,0.08093487673960122,0.02653705685474346,-0.00024646813873276455,0.12435775397416349,-0.007748269035929155
0.5,2.0,16.0,4,price_only,0.02855724050777928,0.00010675641432318383,,2.3430248992633435e-05,-8.332616533055039e-05,0.1033480915337679,-0.013252233201284387
0.5,2.0,1.0,5,current_queue,0.01595565416955,0.2052793097925939,0.0,0.20570651858131395,0.000427208788720046,0.2816459391204271,-0.016316961254913755
0.5,2.0,1.0,5,price_history_current_queue,0.015877268567015712,0.2053576953951282,0.004912716313686394,0.20579019196523884,0.00043249657011065756,0.282360246691275,-0.016947595441836737
0.5,2.0,1.0,5,queue_price_history,0.015086846599274617,0.20614811736286928,0.05445139140289382,0.20631710797091912,0.00016899060804984045,0.2885623101586735,-0.02262274290355496
0.5,2.0,1.0,5,marked_history,0.01468558765079675,0.20654937631134715,0.07959977731135977,0.20680373051004539,0.0002543541986982367,0.2883486047585566,-0.0219224149643118
0.5,2.0,1.0,5,price_only,0.22072052657667846,0.0005144373854654437,,0.013302735439868346,0.012788298054402902,0.10921026637202436,-0.03628507164795658
0.5,2.0,4.0,5,current_queue,0.007962368377076895,0.10359938657749207,0.0,0.10353874773729124,-6.0638840200827326e-05,0.10740903871685681,-0.001972582933444881
0.5,2.0,4.0,5,price_history_current_queue,0.007897009002943156,0.10366474595162581,0.008208534325277378,0.10358075855614715,-8.398739547865741e-05,0.10783979375346875,-0.0023613271512009093
0.5,2.0,4.0,5,queue_price_history,0.007412173306121109,0.10414958164844786,0.06909942430442675,0.10391486671589047,-0.0002347149325573894,0.10706925410883394,-0.001256679346822791
0.5,2.0,4.0,5,marked_history,0.007191811573450058,0.10436994338111891,0.09677482466714511,0.10409783151913153,-0.0002721118619873758,0.10723862262746897,-0.001243083062216748
0.5,2.0,4.0,5,price_only,0.11117062985813704,0.00039112509643192005,,0.00806703510261006,0.00767591000617814,-0.013488154309217792,0.02345289745794854
0.5,2.0,16.0,5,current_queue,0.0020460703828638765,0.026617926539238588,0.0,0.026598940586160705,-1.8985953077883116e-05,0.08725452524976518,-0.0006051675410167789
0.5,2.0,16.0,5,price_history_current_queue,0.002028940255563421,0.026635056666539043,0.008372208230920457,0.026609401501715594,-2.5655164823449456e-05,0.08791358541087446,-0.0012537667865711714
0.5,2.0,16.0,5,queue_price_history,0.001902626531249757,0.026761370390852707,0.07010699769444967,0.026696476451113216,-6.489393973949098e-05,0.0885209492956871,-0.0017740557219861897
0.5,2.0,16.0,5,marked_history,0.001845829014882172,0.026818167907220292,0.09786631469706697,0.02674321007914663,-7.495782807366222e-05,0.08943186534401604,-0.0026382381422817127
0.5,2.0,16.0,5,price_only,0.028561825482693395,0.00010217143940907081,,0.0020921417544154733,0.0019899703150064027,0.05788879068584496,0.004253768191158209
0.5,2.0,1.0,6,current_queue,0.01595565416955,0.2052793097925939,0.0,0.20648693384074612,0.0012076240481522227,0.2636853401465987,-0.008269636687354793
0.5,2.0,1.0,6,price_history_current_queue,0.015889371592566065,0.20534559236957783,0.004154174832294142,0.20673296577851286,0.001387373408935022,0.26302873936093907,-0.007367003963928406
0.5,2.0,1.0,6,queue_price_history,0.014883377552523225,0.20635158640962067,0.0672035508937717,0.20748633126564958,0.0011347448560289075,0.264854737334147,-0.008439636449999604
0.5,2.0,1.0,6,marked_history,0.014495976062743193,0.2067389878994007,0.09148343849119495,0.2079844093077679,0.0012454214083671977,0.2598035727942133,-0.002890393867947559
0.5,2.0,1.0,6,price_only,0.22072400817728668,0.0005109557848572057,,0.009745319101180955,0.009234363316323749,0.08467723824163531,-0.026003149521956537
0.5,2.0,4.0,6,current_queue,0.007962368377076895,0.10359938657749207,0.0,0.10406240452782381,0.00046301795033174,0.150600949846591,-0.002985203876414051
0.5,2.0,4.0,6,price_history_current_queue,0.007905172063521232,0.10365658289104773,0.007183329236603424,0.10419328108312652,0.0005366981920787856,0.15064326246130366,-0.0028966399358239924
0.5,2.0,4.0,6,queue_price_history,0.0073654302101140295,0.10419632474445494,0.07496992586796271,0.10453545905274782,0.00033913430829288216,0.15071953489098722,-0.002630734395886244
0.5,2.0,4.0,6,marked_history,0.007189593865306668,0.1043721610892623,0.09705334834733235,0.10478302233319313,0.00041086124393083234,0.14937955689187743,-0.0010431931163311457
0.5,2.0,4.0,6,price_only,0.11118489114287816,0.0003768638116907962,,0.002926283320157458,0.002549419508466662,0.032535858816171825,0.013943765946338782
0.5,2.0,16.0,6,current_queue,0.0020460703828638765,0.026617926539238588,0.0,0.026733374222502562,0.00011544768326397434,0.005928851849344441,-0.003828351174947539
0.5,2.0,16.0,6,price_history_current_queue,0.0020310059176156456,0.02663299100448682,0.007362632964338837,0.026766959945259763,0.00013396894077294386,0.005906854908368286,-0.003772768511214184
0.5,2.0,16.0,6,queue_price_history,0.0018914660772297032,0.02677253084487276,0.07556157741640067,0.02685460659858027,8.207575370750703e-05,0.0045893489997146375,-0.0023676159492400303
0.5,2.0,16.0,6,marked_history,0.0018464754064788542,0.02681752151562361,0.09755039614309358,0.026918006297629634,0.00010048478200602382,0.004201866833988155,-0.0019167340844641822
0.5,2.0,16.0,6,price_only,0.028565668071109176,9.832885099328911e-05,,0.0007067125339900171,0.000608383682996728,-0.032097401274764126,0.008171240260648482
0.5,2.0,1.0,7,current_queue,0.01595565416955,0.2052793097925939,0.0,0.2027413890958965,-0.0025379206966973933,0.2278880008295966,0.0074398148127888565
0.5,2.0,1.0,7,price_history_current_queue,0.015873600185431408,0.2053613637767125,0.00514262738754916,0.20295976638551233,-0.002401597391200161,0.22858678594590753,0.006959406986093743
0.5,2.0,1.0,7,queue_price_history,0.01494356238313338,0.20629140157901052,0.06343154443320222,0.2028985851933829,-0.003392816385627606,0.23120915093548333,0.00427586080438851
0.5,2.0,1.0,7,marked_history,0.0143227791727569,0.206912184789387,0.10233832968812405,0.20226433819840764,-0.00464784659097936,0.23078544841423299,0.00406531633066359
0.5,2.0,1.0,7,price_only,0.220763607531377,0.00047135643076688915,,0.008201187604318816,0.007729831173551927,0.011532942003778301,0.029254672147029454
0.5,2.0,4.0,7,current_queue,0.007962368377076895,0.10359938657749207,0.0,0.10289933958201013,-0.0007000469954819427,0.12395502380519496,-0.011591987796571649
0.5,2.0,4.0,7,price_history_current_queue,0.007892795655376886,0.10366895929919208,0.008737691903366866,0.10301583959771513,-0.0006531197014769535,0.12414566318125686,-0.01166612715692855
0.5,2.0,4.0,7,queue_price_history,0.007367758177192846,0.10419399677737612,0.07467755468283666,0.10311080842574027,-0.0010831883516358443,0.12647894749094446,-0.013904442638590997
0.5,2.0,4.0,7,marked_history,0.007117481810596543,0.10444427314397242,0.10610995704653925,0.10296029721216936,-0.0014839759318030638,0.1278315360236576,-0.015407542384875057
0.5,2.0,4.0,7,price_only,0.11119748262744392,0.0003642723271250413,,0.0025134734207093307,0.0021492010935842895,-0.004311660796850747,0.01628883064417326
0.5,2.0,16.0,7,current_queue,0.0020460703828638765,0.026617926539238588,0.0,0.026445117695391922,-0.00017280884384666614,0.2138075117910998,-0.002651714998604445
0.5,2.0,16.0,7,price_history_current_queue,0.002027824776947851,0.026636172145154614,0.00891738919092678,0.02647490937402951,-0.00016126277112510357,0.21394782668310985,-0.0027622382119769093
0.5,2.0,16.0,7,queue_price_history,0.0018915626113267144,0.02677243431077575,0.07551439717381485,0.026501037712016746,-0.0002713965987590043,0.21625577348232006,-0.005044056673199876
0.5,2.0,16.0,7,marked_history,0.0018282294634859274,0.026835767458616537,0.10646795007757168,0.026464411003751964,-0.00037135645486457286,0.21683689129977035,-0.0056618011989149515
0.5,2.0,16.0,7,price_only,0.028568771589385804,9.52253327166597e-05,,0.0006218925251159982,0.0005266671923993385,0.18944723886718118,-0.004114667244961744
0.5,2.0,1.0,8,current_queue,0.01595565416955,0.2052793097925939,0.0,0.20378063150882914,-0.001498678283764765,0.26837698498780105,-0.03378961260977433
0.5,2.0,1.0,8,price_history_current_queue,0.01584313066681914,0.20539183329532476,0.007052265080149561,0.20410948499211082,-0.0012823483032139427,0.26745160887009045,-0.032535383008782066
0.5,2.0,1.0,8,queue_price_history,0.015006225892160663,0.20622873806998324,0.059504190006902914,0.20502136766022863,-0.0012073704097546045,0.2618686901914842,-0.026040581662057975
0.5,2.0,1.0,8,marked_history,0.014735599185899867,0.20649936477624403,0.07646536899618334,0.20533535643437414,-0.0011640083418698877,0.2590505377090414,-0.02290844040546969
0.5,2.0,1.0,8,price_only,0.22063997669912758,0.0005949872630163235,,0.036605958418708257,0.036010971155691934,0.12101702883232002,-0.053604329544414187
0.5,2.0,4.0,8,current_queue,0.007962368377076895,0.10359938657749207,0.0,0.10295169584671744,-0.0006476907307746277,0.0053432129755267566,-0.004854017807107052
0.5,2.0,4.0,8,price_history_current_queue,0.007871492324615773,0.10369026262995319,0.011413193682767584,0.10306284333854411,-0.0006274192914090815,0.003941111921060947,-0.003340769260814577
0.5,2.0,4.0,8,queue_price_history,0.007391717879673285,0.10417003707489568,0.07166843712562626,0.10349662023402256,-0.0006734168408731173,0.0009325988279715869,0.00010152072775324386
0.5,2.0,4.0,8,marked_history,0.007244546977247954,0.10431720797732101,0.09015174453564584,0.10363643577017692,-0.0006807722071440897,0.0021859938638980614,-0.0010120587720188687
0.5,2.0,4.0,8,price_only,0.1111030005877584,0.0004587543668105561,,0.01274687203871945,0.012288117671908894,-0.08831334364847887,-0.0014022849910994145
0.5,2.0,16.0,8,current_queue,0.0020460703828638765,0.026617926539238588,0.0,0.026454402082638665,-0.00016352445659992276,0.11216398735917699,-0.0014537065018131873
0.5,2.0,16.0,8,price_history_current_queue,0.0020222746037746875,0.026641722318327777,0.011629990487366425,0.026482099390444772,-0.0001596229278830047,0.11125285569354115,-0.0005148775283712469
0.5,2.0,16.0,8,queue_price_history,0.0018981303768074512,0.026765866545295013,0.07230445604190523,0.026593248312732933,-0.0001726182325620801,0.1104656997674095,0.00038342732004856966
0.5,2.0,16.0,8,marked_history,0.0018602002540472513,0.026803796668055213,0.09084249025513166,0.026628441338080285,-0.0001753553299749279,0.11080669555128031,7.762456152511036e-05
0.5,2.0,16.0,8,price_only,0.02854410244755055,0.0001198944745519123,,0.0031988453450056756,0.0030789508704537633,0.08495974625090641,0.0024949778688244002
0.5,2.0,1.0,9,current_queue,0.01595565416955,0.2052793097925939,0.0,0.20664459073216931,0.001365280939575414,0.2534847077196888,0.01197004681144431
0.5,2.0,1.0,9,price_history_current_queue,0.015867034656372653,0.20536792930577125,0.005554113434375427,0.206731610808155,0.0013636815023837512,0.2537895766759415,0.011752197931177287
0.5,2.0,1.0,9,queue_price_history,0.014928306819722958,0.20630665714242094,0.06438766714984615,0.20724884011420958,0.0009421829717886354,0.25520804234823824,0.010850961564935117
0.5,2.0,1.0,9,marked_history,0.014732506867686429,0.20650245709445747,0.07665917604292538,0.20795916876979847,0.0014567116753410048,0.2547402105961324,0.01202912197262988
0.5,2.0,1.0,9,price_only,0.22069636189278574,0.0005386020693581597,,-0.019023290686944583,-0.019561892756302744,-0.0030997664619030196,0.04288663957392222
0.5,2.0,4.0,9,current_queue,0.007962368377076895,0.10359938657749207,0.0,0.10402598093688672,0.0004265943593946553,0.10678426089996207,-0.003950160221699361
0.5,2.0,4.0,9,price_history_current_queue,0.007885836547758873,0.10367591840681009,0.009611691609038277,0.10410657166462157,0.00043065325781148356,0.10598097316778177,-0.003066281761784204
0.5,2.0,4.0,9,queue_price_history,0.007354844419917558,0.1042069105346514,0.0762994034423672,0.10445169745752976,0.0002447869228783539,0.10619828382387941,-0.00293846662497367
0.5,2.0,4.0,9,marked_history,0.007231949055255621,0.10432980589931334,0.09173392729782516,0.10478669272130098,0.0004568868219876343,0.10599459227083696,-0.0023997798081599993
0.5,2.0,4.0,9,price_only,0.1111535187994313,0.00040823615513765465,,-0.011014162046322898,-0.011422398201460553,-0.04202760546976503,0.029821563164818113
0.5,2.0,16.0,9,current_queue,0.0020460703828638765,0.026617926539238588,0.0,0.02672481694036826,0.00010689040112967299,0.07850241269286184,-0.0071427367096601425
0.5,2.0,16.0,9,price_history_current_queue,0.002025924659307614,0.02663807226279485,0.009846055993472139,0.026746215945476118,0.0001081436826812672,0.07878899311968346,-0.007407918131373902
0.5,2.0,16.0,9,queue_price_history,0.0018886457977228023,0.026775351124379662,0.07693996573115323,0.026837371595868142,6.202047148847964e-05,0.08016777501202965,-0.00869554437332807
0.5,2.0,16.0,9,marked_history,0.001856755978252269,0.026807240943850195,0.09252585160175426,0.026922616546628125,0.00011537560277792916,0.08019446770675476,-0.008636992117293192
0.5,2.0,16.0,9,price_only,0.028557362886776665,0.00010663403532579787,,-0.0028486757486131283,-0.002955309783938926,0.04236834988680005,-0.0005821665925797373
0.5,2.0,1.0,10,current_queue,0.01595565416955,0.2052793097925939,0.0,0.20653302071732899,0.0012537109247350853,0.28679308743408505,0.024759065474328247
0.5,2.0,1.0,10,price_history_current_queue,0.015896735959602615,0.20533822800254128,0.0036926226478275212,0.20668127355205768,0.0013430455495163918,0.2873866881498287,0.024313717593313258
0.5,2.0,1.0,10,queue_price_history,0.01512450174919619,0.2061104622129477,0.05209140355648923,0.20705082886462928,0.0009403666516815679,0.2917497784788031,0.02032018257691046
0.5,2.0,1.0,10,marked_history,0.015027500560664209,0.2062074634014797,0.058170827659143665,0.2073220413521921,0.0011145779507124032,0.2917686711140517,0.020572502429224707
0.5,2.0,1.0,10,price_only,0.2207619427457317,0.00047302121641220864,,0.027378015689378532,0.026904994472966324,0.17899484121085973,-0.0465976933303969
0.5,2.0,4.0,10,current_queue,0.007962368377076895,0.10359938657749207,0.0,0.10394939019642624,0.0003500036189341693,0.1848959713612951,0.012316605002609811
0.5,2.0,4.0,10,price_history_current_queue,0.007902333395698846,0.10365942155887012,0.007539839722925315,0.10403186020691134,0.0003724386480412206,0.186315894934743,0.01097915143964702
0.5,2.0,4.0,10,queue_price_history,0.007454859887631629,0.10410689506693734,0.0637383835325112,0.10426666457828215,0.00015976951134481776,0.18619741019948866,0.01133244054627217
0.5,2.0,4.0,10,marked_history,0.00737055452697892,0.10419120042759004,0.0743263589514102,0.10443337247853772,0.00024217205094767547,0.18566964837192867,0.012026910274087718
0.5,2.0,4.0,10,price_only,0.11120742415941999,0.0003543307951489678,,0.010354397260139037,0.01000006646499007,0.14814228431415855,-0.04452470088654084
0.5,2.0,16.0,10,current_queue,0.0020460703828638765,0.026617926539238588,0.0,0.02670310715069388,8.518061145529332e-05,0.24336579398024627,0.0020448752235912456
0.5,2.0,16.0,10,price_history_current_queue,0.0020301745112712086,0.026633822410831256,0.007768975948138494,0.02672445958341664,9.063717258538453e-05,0.2439336537396758,0.0014983678968844812
0.5,2.0,16.0,10,queue_price_history,0.0019139000949105027,0.026750096827191962,0.06459713656984548,0.026786531747108835,3.64349199168737e-05,0.2439813361148664,0.0015127576853860816
0.5,2.0,16.0,10,marked_history,0.00189153542834216,0.026772461493760304,0.07552768263299647,0.026830135161753088,5.7673667992783756e-05,0.24418811919517047,0.0013495780197262499
0.5,2.0,16.0,10,price_only,0.028571487768219328,9.250915388313782e-05,,0.0025875005567546835,0.002494991402871546,0.2471401940523672,-0.025845131442468885
0.5,2.0,1.0,11,current_queue,0.01595565416955,0.2052793097925939,0.0,0.20525493570708778,-2.4374085506123633e-05,0.1916722618472958,-0.021973029050785308
0.5,2.0,1.0,11,price_history_current_queue,0.01588672556820725,0.20534823839393665,0.00432001098859949,0.20531188518528123,-3.635320865541525e-05,0.1929733694244099,-0.023217187149705935
0.5,2.0,1.0,11,queue_price_history,0.014888488953685913,0.20634647500845799,0.06688320043315296,0.20507152566992784,-0.0012749493385301458,0.189042203960046,-0.019526381200695442
0.5,2.0,1.0,11,marked_history,0.014307118482943332,0.20692784547920057,0.10331984317839855,0.20478442190586993,-0.0021434235733306384,0.1908455727967988,-0.02161685380150615
0.5,2.0,1.0,11,price_only,0.22067977870407993,0.0005551852580639709,,-0.005337868505915749,-0.00589305376397972,0.06292782441560729,-0.10382139583210032
0.5,2.0,4.0,11,current_queue,0.007962368377076895,0.10359938657749207,0.0,0.10355430202577867,-4.508455171339798e-05,-0.06158177150855115,-0.0004973860646448267
0.5,2.0,4.0,11,price_history_current_queue,0.007892292910500795,0.10366946204406817,0.008800832021015554,0.1036508957335464,-1.85663105217726e-05,-0.062400684873930246,0.0004181210085019843
0.5,2.0,4.0,11,queue_price_history,0.007333264875882026,0.10422849007868694,0.07900959506043635,0.10384754044248931,-0.0003809496361976278,-0.061656841764504255,-0.0001290773919810865
0.5,2.0,4.0,11,marked_history,0.007084686752575536,0.10447706820199343,0.11022871373649867,0.10384236804183092,-0.0006347001601625102,-0.0609731303279768,-0.0008179612291669448
0.5,2.0,4.0,11,price_only,0.11114107980022976,0.000420675154339208,,-0.0014702875769928986,-0.0018909627313321066,-0.16808146021986836,0.0009777130439008047
0.5,2.0,16.0,11,current_queue,0.0020460703828638765,0.026617926539238588,0.0,0.026606741869716927,-1.1184669521661222e-05,-0.14794158911999467,0.0021712876693032847
0.5,2.0,16.0,11,price_history_current_queue,0.0020275161067891713,0.026636480815313293,0.00906824918150416,0.026632640366865325,-3.8404484479677425e-06,-0.14844231452975398,0.002697911576211001
0.5,2.0,16.0,11,queue_price_history,0.0018830024776797273,0.026780994444422737,0.0796980917909108,0.026688851921925744,-9.21425224969935e-05,-0.14728141581198595,0.0015932244135033842
0.5,2.0,16.0,11,marked_history,0.0018197835339926194,0.026844213388109845,0.11059582835783213,0.02668924580638636,-0.00015496758172348427,-0.14755416855651915,0.0018663710424972023
0.5,2.0,16.0,11,price_only,0.028554120065797023,0.00010987685630544211,,-0.0003775562166057865,-0.0004874330729112286,-0.16582464897377847,-0.006929950563235629
0.5,2.0,1.0,12,current_queue,0.01595565416955,0.2052793097925939,0.0,0.20521574600137948,-6.356379121441602e-05,0.1426616333704046,0.00766658891232698
0.5,2.0,1.0,12,price_history_current_queue,0.015885808818211666,0.20534915514393223,0.004377467109535768,0.2053461802714897,-2.9748724425238127e-06,0.14347851859465133,0.006980137958190483
0.5,2.0,1.0,12,queue_price_history,0.015065882742832437,0.20616908121931146,0.05576527400647817,0.20643827245922525,0.00026919123991378524,0.15135862825406832,0.00019212048650905228
0.5,2.0,1.0,12,marked_history,0.014691839090270664,0.20654312487187323,0.0792079764232555,0.20637736837078327,-0.0001657565010899642,0.14761037004952982,0.0038794746026055704
0.5,2.0,1.0,12,price_only,0.2207156832131918,0.0005192807489521095,,0.011147196190225944,0.010627915441273835,-0.038124500125849226,-0.005615827402572715
0.5,2.0,4.0,12,current_queue,0.007962368377076895,0.10359938657749207,0.0,0.10350198502170099,-9.740155579107679e-05,0.05536483763129363,0.0041313687706136856
0.5,2.0,4.0,12,price_history_current_queue,0.00789373086939607,0.1036680240851729,0.008620237651705106,0.10362261689402195,-4.540719115093961e-05,0.05707233979955195,0.00254449847467632
0.5,2.0,4.0,12,queue_price_history,0.007424022734052391,0.10413773222051657,0.06761124549001826,0.1042171471326049,7.941491208832141e-05,0.060997709529173605,-0.0007863410163623944
0.5,2.0,4.0,12,marked_history,0.007232090141363751,0.10432966481320521,0.09171620818443475,0.10421380850988245,-0.0001158563033227672,0.06055852439664999,-0.00035049450656122853
0.5,2.0,4.0,12,price_only,0.111162111787129,0.0003996431674399751,,0.0059156240221415884,0.0055159808547016135,-0.03222657618094149,-0.005863578416710605
0.5,2.0,16.0,12,current_queue,0.0020460703828638765,0.026617926539238588,0.0,0.026592042281438542,-2.5884257800045524e-05,-0.10977439567616187,0.005714650829313193
0.5,2.0,16.0,12,price_history_current_queue,0.002027916502831517,0.026636080419270947,0.008872558922899558,0.026623604160388697,-1.2476258882249819e-05,-0.10902032242229964,0.004992139454401119
0.5,2.0,16.0,12,queue_price_history,0.00190600039853216,0.026757996523570304,0.0684580479268074,0.026777837760076976,1.9841236506671495e-05,-0.10888463618640509,0.005010686818194845
0.5,2.0,16.0,12,marked_history,0.0018566284219755647,0.0268073685001269,0.09258819367843579,0.026777908113094117,-2.946038703278281e-05,-0.10800710154322402,0.0041332225280309096
0.5,2.0,16.0,12,price_only,0.028559548490507736,0.00010444843159472934,,0.0015114027492398353,0.001406954317645106,-0.13272285244795512,0.003582468068907732
0.5,2.0,1.0,13,current_queue,0.01595565416955,0.2052793097925939,0.0,0.2050437722741967,-0.00023553751839719417,0.08614967219211589,0.005841643505651372
0.5,2.0,1.0,13,price_history_current_queue,0.015857363170393074,0.20537760079175083,0.006160261316299065,0.20494456447058593,-0.000433036321164898,0.08782816512456915,0.004063942769587332
0.5,2.0,1.0,13,queue_price_history,0.014970301143823916,0.20626466281831998,0.06175572717078215,0.20533341269552247,-0.0009312501227975167,0.08700032706041894,0.005280629058674078
0.5,2.0,1.0,13,marked_history,0.014339314635386458,0.20689564932675744,0.10130199094238247,0.20561999896795413,-0.0012756503588033097,0.08515559257376237,0.0074119498177623
0.5,2.0,1.0,13,price_only,0.22070479107343052,0.000530172888713385,,0.004000300934074524,0.0034701280453611396,-0.0990654378865019,-0.009986717755853025
0.5,2.0,4.0,13,current_queue,0.007962368377076895,0.10359938657749207,0.0,0.10340358554946957,-0.00019580102802249644,0.06117309503545032,-0.0005528511368763037
0.5,2.0,4.0,13,price_history_current_queue,0.007883589106516459,0.1036781658480525,0.009893949492117981,0.10342620176911675,-0.0002519640789357541,0.0627114828694404,-0.0020686227512192006
0.5,2.0,4.0,13,queue_price_history,0.007384260534216286,0.10417749442035268,0.07260501090667211,0.1036801477602506,-0.0004973466601020798,0.06458540158053472,-0.003688595471179683
0.5,2.0,4.0,13,marked_history,0.007091214132927792,0.10447054082164117,0.10940893499189201,0.10380529889888046,-0.000665241922760712,0.06648078926071255,-0.005458832012727643
0.5,2.0,4.0,13,price_only,0.1111600735639966,0.00040168139057236154,,0.004260923217077758,0.003859241826505397,-0.057536317379005775,0.01901389894518797
0.5,2.0,16.0,13,current_queue,0.0020460703828638765,0.026617926539238588,0.0,0.026566554401774516,-5.137213746407229e-05,-0.04350625706059086,-0.0038082115358313243
0.5,2.0,16.0,13,price_history_current_queue,0.0020254136906524625,0.026638583231450002,0.010095787703305171,0.026573582347083714,-6.500088436628762e-05,-0.043296412466262924,-0.00401102818485006
0.5,2.0,16.0,13,queue_price_history,0.0018962487162323093,0.026767748205870155,0.07322410210633248,0.0266396340848281,-0.00012811412104205347,-0.04150478255625245,-0.0057366063571161465
0.5,2.0,16.0,13,marked_history,0.0018214173768448909,0.026842579545257574,0.10979730115859443,0.026671652219367556,-0.00017092732589001763,-0.040608490908788486,-0.00660087987004066
0.5,2.0,16.0,13,price_only,0.02855907786024855,0.00010491906185391166,,0.0011309158872384942,0.0010259968253845825,-0.047535091095951776,-0.02521501601500643
0.5,2.0,1.0,14,current_queue,0.01595565416955,0.2052793097925939,0.0,0.20696049662482605,0.0016811868322321455,0.2448618179938551,-0.02114695591008965
0.5,2.0,1.0,14,price_history_current_queue,0.015833407611291733,0.20540155635085217,0.007661645016821847,0.20714339959804132,0.001741843247189151,0.24337295129764536,-0.01947518624066463
0.5,2.0,1.0,14,queue_price_history,0.014959886676255418,0.20627507728588848,0.06240844046337614,0.2076623380068435,0.0013872607209550192,0.2447654112454215,-0.020348707779638597
0.5,2.0,1.0,14,marked_history,0.014436603579529417,0.20679836038261448,0.09520453212877728,0.20821661542264808,0.0014182550400335947,0.24470604492884307,-0.019735064047255585
0.5,2.0,1.0,14,price_only,0.22067503839206504,0.0005599255700788715,,0.023157851461926227,0.022597925891847354,-0.015099832075331943,0.05501204899619758
0.5,2.0,4.0,14,current_queue,0.007962368377076895,0.10359938657749207,0.0,0.10396726165533254,0.0003678750778404738,0.03559633231174697,-0.009356104365537776
0.5,2.0,4.0,14,price_history_current_queue,0.007866084676155294,0.10369567027841367,0.012092344433447111,0.1040719128293036,0.00037624255088992975,0.03336473711941135,-0.007019857999231094
0.5,2.0,4.0,14,queue_price_history,0.007420465355506944,0.10414128959906202,0.06805801941166797,0.10436135494098821,0.0002200653419261872,0.03503068937015752,-0.00839636813829266
0.5,2.0,4.0,14,marked_history,0.0071599750183784505,0.10440177993619051,0.10077320223069296,0.10465846177118858,0.0002566818349980654,0.03488070033116575,-0.007949272269100516
0.5,2.0,4.0,14,price_only,0.11113119376613691,0.0004305611884320517,,0.009467652938640811,0.009037091750208759,-0.07458132300869535,0.0063219422382128215
0.5,2.0,16.0,14,current_queue,0.0020460703828638765,0.026617926539238588,0.0,0.026707144929818943,8.92183905803548e-05,0.051613955735578476,-0.007815746203989013
0.5,2.0,16.0,14,price_history_current_queue,0.002020912750491686,0.02664308417161078,0.01229558503113546,0.02673390175008557,9.081757847479235e-05,0.050805672093916066,-0.006980705742059972
0.5,2.0,16.0,14,queue_price_history,0.0019060126553126812,0.026757984266789783,0.06845205752656325,0.026809362161339258,5.1377894549474445e-05,0.050555030813985824,-0.0066546040508760436
0.5,2.0,16.0,14,marked_history,0.001839341374339304,0.02682465554776316,0.1010370954273894,0.026885400379999442,6.0744832236281354e-05,0.050044860778618805,-0.006068395796848843
0.5,2.0,16.0,14,price_only,0.028551471477238882,0.00011252544486358257,,0.0023675593918503803,0.0022550339469867976,0.01844271503327166,0.0010159089603492405
0.5,2.0,1.0,15,current_queue,0.01595565416955,0.2052793097925939,0.0,0.20546828826203611,0.00018897846944221364,0.22898409687229493,-0.003448565879552081
0.5,2.0,1.0,15,price_history_current_queue,0.015879536123572513,0.20535542783857139,0.0047706001376459075,0.20566986706408324,0.0003144392255118589,0.22878444826143118,-0.003047338466641198
0.5,2.0,1.0,15,queue_price_history,0.015003943067285058,0.20623102089485884,0.05964726310508783,0.2064216027620863,0.00019058186722745174,0.2288953700484817,-0.0024065245556886775
0.5,2.0,1.0,15,marked_history,0.014488773639071029,0.20674619032307287,0.09193484108463482,0.20686941130444841,0.0001232209813755436,0.2258819414141897,0.0010547126209654416
0.5,2.0,1.0,15,price_only,0.22074958958453106,0.00048537437761283494,,0.002111162386014359,0.0016257880084015242,-0.027239359500382587,0.04941776461710368
0.5,2.0,4.0,15,current_queue,0.007962368377076895,0.10359938657749207,0.0,0.10369205779164378,9.267121415171276e-05,0.06355292744980845,-0.003225561510138971
0.5,2.0,4.0,15,price_history_current_queue,0.007904455523133014,0.10365729943143595,0.007273320097900545,0.10384685505100132,0.00018955561956536526,0.06349232724916354,-0.0030101640501365235
0.5,2.0,4.0,15,queue_price_history,0.007397899210127304,0.10416385574444166,0.07089211905526231,0.10416195927291588,-1.8964715257779874e-06,0.0646381652307374,-0.0038408978097958218
0.5,2.0,4.0,15,marked_history,0.007193153932460672,0.10436860102210829,0.09660623676125535,0.1043401170633361,-2.848395877219634e-05,0.06313196398247789,-0.0021565387711161054
0.5,2.0,4.0,15,price_only,0.11119913478501157,0.0003626201695573932,,0.003020540074236966,0.0026579199046795725,-0.02606614080386227,-0.014278010973875072
0.5,2.0,16.0,15,current_queue,0.0020460703828638765,0.026617926539238588,0.0,0.02664114166427718,2.3215125038590634e-05,0.13080161135950608,-0.0026442460662190258
0.5,2.0,16.0,15,price_history_current_queue,0.0020309156160543407,0.026633081306048124,0.007406767106576169,0.026681628520511022,4.854721446289831e-05,0.1304094656422411,-0.0022116134927202035
0.5,2.0,16.0,15,queue_price_history,0.0018995942485063068,0.026764402673596158,0.07158900084001397,0.026761987185217922,-2.415488378235825e-06,0.13007749580494588,-0.0017992849907180817
0.5,2.0,16.0,15,marked_history,0.001847858864798265,0.0268161380573042,0.09687424231622746,0.026806963191063682,-9.174866240517499e-06,0.12956255057531263,-0.0012393637552390766
0.5,2.0,16.0,15,price_only,0.028569338735796052,9.465818630641112e-05,,0.0008088854368919832,0.000714227250585572,0.11747391275552899,-0.015148803689627132
1.0,0.02,1.0,0,current_queue,0.041768007460071366,0.5889507340875826,0.0,0.5934554634322522,0.004504729344669611,0.6130982163225868,-0.004558945727213215
1.0,0.02,1.0,0,price_history_current_queue,0.010514620695407872,0.6202041208522461,0.7482613767137575,0.6218254599609033,0.0016213391086572493,0.6378705408003156,-0.0009612736762908154
1.0,0.02,1.0,0,queue_price_history,0.009300816946914092,0.6214179246007399,0.7773219860725863,0.6223845991159702,0.0009666745152303591,0.6351525766562383,0.0023158296228534027
1.0,0.02,1.0,0,marked_history,0.009886321092910877,0.6208324204547431,0.7633039808671308,0.6250280045263784,0.004195584071635339,0.6411026887865497,-0.000990877097049936
1.0,0.02,1.0,0,price_only,0.13765853329141348,0.4930602082562405,,0.5147622345127072,0.021702026256466722,0.5055485404588538,0.024297501216974854
1.0,0.02,4.0,0,current_queue,0.13667102963528754,0.6747723746883286,0.0,0.6893549311980972,0.014582556509768585,0.7057431264174957,0.007544529252930823
1.0,0.02,4.0,0,price_history_current_queue,0.03222062248652935,0.7792227818370868,0.7642468738802111,0.7802099690396747,0.0009871872025878359,0.7978689680688547,0.006273725443149334
1.0,0.02,4.0,0,queue_price_history,0.02838400878654046,0.7830593955370757,0.7923187608794314,0.7850092932017211,0.0019498976646453725,0.798646659508771,0.010295358165279423
1.0,0.02,4.0,0,marked_history,0.028938355221322598,0.7825050491022936,0.7882626969406331,0.7943577578223399,0.01185270872004629,0.8136398050300352,0.004650677264634025
1.0,0.02,4.0,0,price_only,0.11146915245362554,0.6999742518699906,,0.7432196181802062,0.04324536631021558,0.7644385890645122,0.00271375358802331
1.0,0.02,16.0,0,current_queue,0.13645389486180148,0.5316715300732934,0.0,0.5467468057081044,0.015075275634811036,0.5849468640278678,0.036536279396192126
1.0,0.02,16.0,0,price_history_current_queue,0.03301880814788716,0.6351066167872077,0.7580222376112596,0.6360061177083798,0.0008995009211720806,0.694803850497033,0.015938604927302293
1.0,0.02,16.0,0,queue_price_history,0.029138638070600797,0.6389867868644941,0.7864579966727078,0.6416526500005973,0.002665863136103286,0.7014882842936421,0.014900703422910673
1.0,0.02,16.0,0,marked_history,0.029245480556642556,0.6388799443784523,0.7856750033682662,0.6510981408435417,0.01221819646508937,0.7162660363532856,0.009568442206211582
1.0,0.02,16.0,0,price_only,0.09125095263983218,0.5768744722952627,,0.6150907992261732,0.03821632693091048,0.6673447402677174,0.022482396674411195
1.0,0.02,1.0,1,current_queue,0.041768007460071366,0.5889507340875826,0.0,0.5894103582959169,0.0004596242083343416,0.6175226382828477,-0.011520414336552647
1.0,0.02,1.0,1,price_history_current_queue,0.005617889300557399,0.6251008522470966,0.8654977902422593,0.6176450915881523,-0.007455760658944266,0.6358986947969774,-0.0016617375584469327
1.0,0.02,1.0,1,queue_price_history,0.003448285319470945,0.627270456228183,0.917441948295777,0.624028189456207,-0.0032422667719760323,0.6472021778234055,-0.006582122716820301
1.0,0.02,1.0,1,marked_history,0.0024943950624291,0.6282243464852248,0.9402797687964012,0.6246596273418562,-0.0035647191433686443,0.6471300937920806,-0.005878600799846239
1.0,0.02,1.0,1,price_only,0.15042380614126044,0.4802949354063935,,0.45854846522639847,-0.021746470179995037,0.5209692313031937,-0.0458289004264171
1.0,0.02,4.0,1,current_queue,0.13667102963528754,0.6747723746883286,0.0,0.67511940979105,0.0003470351027213825,0.6744113520773484,-0.0006865642953987616
1.0,0.02,4.0,1,price_history_current_queue,0.028041064780631952,0.7834023395429842,0.7948280271579081,0.7773710821835446,-0.006031257359439657,0.7731453256008923,0.002831134573551934
1.0,0.02,4.0,1,queue_price_history,0.016894120866716822,0.7945492834568993,0.8763884276587401,0.7919633262665532,-0.0025859571903461553,0.7901567104342074,0.00041199382324546424
1.0,0.02,4.0,1,marked_history,0.014607015076833485,0.7968363892467827,0.8931228138412879,0.7947027038135763,-0.002133685433206356,0.7928679575063117,0.00044012429816433357
1.0,0.02,4.0,1,price_only,0.11350481399244305,0.6979385903311731,,0.6769858737934528,-0.02095271653772035,0.6676018485721474,0.00798940321220501
1.0,0.02,16.0,1,current_queue,0.13645389486180148,0.5316715300732934,0.0,0.5326474456360368,0.0009759155627434568,0.526047546802143,0.0005517040693646946
1.0,0.02,16.0,1,price_history_current_queue,0.031139185335150366,0.6369862395999445,0.7717970207689001,0.6341170913950356,-0.002869148204908911,0.6246350035459947,0.003433893084511787
1.0,0.02,16.0,1,queue_price_history,0.019233553253044322,0.6488918716820505,0.8590472388309341,0.648076775400899,-0.0008150962811515061,0.6472744690275821,-0.00524588839121224
1.0,0.02,16.0,1,marked_history,0.0170265844016817,0.6510988405334132,0.8752209717507443,0.6509936049226684,-0.00010523561074471388,0.6520445949559734,-0.007099184797834144
1.0,0.02,16.0,1,price_only,0.0894436132344586,0.5786818117006363,,0.5646576323366879,-0.014024179363948397,0.54557755807129,0.013031879500868676
1.0,0.02,1.0,2,current_queue,0.041768007460071366,0.5889507340875826,0.0,0.5855181426579585,-0.0034325914296240434,0.5901394888365117,0.001440901274333807
1.0,0.02,1.0,2,price_history_current_queue,0.01376594375411766,0.6169527977935363,0.6704189500234747,0.6114166416891746,-0.005536156104361645,0.6106338492280119,0.0068450399140497255
1.0,0.02,1.0,2,queue_price_history,0.012150057476601916,0.618568684071052,0.7091061265439365,0.6134562492778215,-0.005112434793230536,0.6151882487922373,0.004330247938471168
1.0,0.02,1.0,2,marked_history,0.009425328584021342,0.6212934129636326,0.7743409571780124,0.6168215574359263,-0.004471855527706348,0.6222007980979603,0.0006830067908530305
1.0,0.02,1.0,2,price_only,0.15724198791895339,0.47347675362870056,,0.45693820845089417,-0.016538545177806396,0.482208800516563,-0.01920834461278187
1.0,0.02,4.0,2,current_queue,0.13667102963528754,0.6747723746883286,0.0,0.6581652255210958,-0.016607149167232826,0.6281971483304817,-0.0030512401847725135
1.0,0.02,4.0,2,price_history_current_queue,0.0328182481706869,0.7786251561529293,0.759874142616297,0.7515252092792147,-0.02709994687371453,0.7240445082516589,-0.0055386163478308575
1.0,0.02,4.0,2,queue_price_history,0.027363208439561304,0.7840801958840549,0.7997877932683964,0.7572251518362827,-0.02685504404777217,0.7308905860388184,-0.0066847515779224
1.0,0.02,4.0,2,marked_history,0.01941830695185809,0.7920250973717581,0.8579193629866061,0.7701850490878228,-0.021840048283935265,0.7442939974758525,-0.007128265763416242
1.0,0.02,4.0,2,price_only,0.128524043577793,0.6829193607458232,,0.6558246811342392,-0.02709467961158396,0.6387482681930339,-0.01594290443418131
1.0,0.02,16.0,2,current_queue,0.13645389486180148,0.5316715300732934,0.0,0.5137072272328174,-0.01796430284047601,0.41771672155606165,-0.01725430814301035
1.0,0.02,16.0,2,price_history_current_queue,0.03219073929355898,0.6359346856415359,0.7640907258370214,0.6073804411035787,-0.028554244537957185,0.49069831218244275,0.003437315101369895
1.0,0.02,16.0,2,queue_price_history,0.026517381545524632,0.6416080433895702,0.8056678296183407,0.6133291746846822,-0.02827886870488805,0.5018195462679139,-0.001735185402997795
1.0,0.02,16.0,2,marked_history,0.018462304665357476,0.6496631202697374,0.8646993207188711,0.626815929454782,-0.022847190814955343,0.5159830257613381,-0.0024119101263221157
1.0,0.02,16.0,2,price_only,0.10286005364332185,0.565265371291773,,0.5392946211376862,-0.025970750154086786,0.4302867820461467,-0.004236974728226456
1.0,0.02,1.0,3,current_queue,0.041768007460071366,0.5889507340875826,0.0,0.5753912353328501,-0.013559498754732502,0.6304593228659102,-0.002363915904221567
1.0,0.02,1.0,3,price_history_current_queue,0.004983639136429074,0.6257351024112249,0.8806828613695962,0.6180335208337259,-0.007701581577499006,0.6766438853272774,-0.0059061928647129
1.0,0.02,1.0,3,queue_price_history,0.0019213109597204792,0.6287974305879335,0.9540004161903778,0.6216248435260464,-0.007172587061887059,0.6793338357735106,-0.005004820618625611
1.0,0.02,1.0,3,marked_history,-0.004784860856429374,0.6355036024040833,1.1145580349027546,0.6254640267469295,-0.010039575657153854,0.6816011162998752,-0.003432917924107118
1.0,0.02,1.0,3,price_only,0.1533947601392311,0.47732398140842286,,0.4777099007376643,0.00038591932924142425,0.5478191339647462,-0.01740506159824337
1.0,0.02,4.0,3,current_queue,0.13667102963528754,0.6747723746883286,0.0,0.6380535322538271,-0.03671884243450152,0.656155572048896,0.0012685708223974246
1.0,0.02,4.0,3,price_history_current_queue,0.01945350695320458,0.7919898973704116,0.8576618102232998,0.770757361410181,-0.02123253596023056,0.7878765971993875,0.002251374828259753
1.0,0.02,4.0,3,queue_price_history,0.006937435402711523,0.8045059689209046,0.9492398980147851,0.7854053923237938,-0.01910057659711084,0.8028351348141317,0.0019408681271283201
1.0,0.02,4.0,3,marked_history,-0.008423949450820145,0.8198673537744363,1.0616366868187048,0.7957243413533754,-0.024143012421060872,0.8151056834744429,-1.0731503601171116e-05
1.0,0.02,4.0,3,price_only,0.11986693297886719,0.691576471344749,,0.6827634232299092,-0.008813048114839739,0.7257722504148181,-0.02363821656744261
1.0,0.02,16.0,3,current_queue,0.13645389486180148,0.5316715300732934,0.0,0.4967454868797565,-0.03492604319353687,0.5017940299705594,0.012782536002669737
1.0,0.02,16.0,3,price_history_current_queue,0.02224847932563956,0.6458769456094553,0.8369524054394161,0.625934754475604,-0.019942191133851317,0.6515014329957646,-0.007735599426687938
1.0,0.02,16.0,3,queue_price_history,0.008577287290022828,0.659548137645072,0.937141498975095,0.6421444618028095,-0.017403675842262545,0.6611583168048889,-0.0011827759086067528
1.0,0.02,16.0,3,marked_history,-0.006222833948754003,0.6743482588838489,1.0456039305807754,0.6524139200409806,-0.021934338842868217,0.6751938476998842,-0.004948848565430843
1.0,0.02,16.0,3,price_only,0.09473188815210642,0.5733935367829884,,0.5631037428127599,-0.010289793970228556,0.6100096154423285,-0.02907479353609592
1.0,0.02,1.0,4,current_queue,0.041768007460071366,0.5889507340875826,0.0,0.5911575154839761,0.00220678139639352,0.5565721212029748,0.012474672493941387
1.0,0.02,1.0,4,price_history_current_queue,0.01147718855706803,0.6192415529905859,0.7252157990050211,0.6189431425338067,-0.00029841045677925226,0.5873594544703573,0.009472966276389527
1.0,0.02,1.0,4,queue_price_history,0.0099270412017185,0.6207917003459354,0.7623290694149493,0.61925082309843,-0.0015408772475054011,0.5859281797301976,0.01121192158117261
1.0,0.02,1.0,4,marked_history,0.009370425304377705,0.6213483162432762,0.7756554388347235,0.6207070153767325,-0.0006413008665437925,0.5901696422846702,0.008426651305002442
1.0,0.02,1.0,4,price_only,0.1392667651194332,0.49145197642822075,,0.46829820654622956,-0.023153769881991193,0.4410425542767836,0.0051449304823860675
1.0,0.02,4.0,4,current_queue,0.13667102963528754,0.6747723746883286,0.0,0.6875828571278298,0.012810482439501225,0.6577016531437629,0.01874994773942272
1.0,0.02,4.0,4,price_history_current_queue,0.040117330489670366,0.7713260738339458,0.7064679281576705,0.7798096364008431,0.008483562566897307,0.7662679056001105,0.002410474556088407
1.0,0.02,4.0,4,queue_price_history,0.03603200836465026,0.7754113959589659,0.7363595748067223,0.7849556777659014,0.00954428180693545,0.7707783237716923,0.0030460977495648384
1.0,0.02,4.0,4,marked_history,0.03431715275533853,0.7771262515682776,0.7489068982145279,0.7876089728623699,0.010482721294092223,0.7777090541509263,-0.0012313375332005695
1.0,0.02,4.0,4,price_only,0.10710689903560633,0.7043365052880098,,0.6689337418667278,-0.03540276342128201,0.6368267940209211,0.020975691601162583
1.0,0.02,16.0,4,current_queue,0.13645389486180148,0.5316715300732934,0.0,0.5460873155598889,0.0144157854865955,0.5307023205803283,-0.017243561751613415
1.0,0.02,16.0,4,price_history_current_queue,0.041952023122503235,0.6261734018125916,0.6925553267278179,0.636762116143871,0.010588714331279392,0.6098569938537628,-0.005723434441065822
1.0,0.02,16.0,4,queue_price_history,0.03801019668935479,0.6301152282457401,0.7214429333230029,0.6430586827652455,0.012943454519505404,0.6122504195586153,-0.0018202935245438708
1.0,0.02,16.0,4,marked_history,0.036148163574088565,0.6319772613610063,0.735088810688043,0.6454231797705764,0.013445918409570101,0.6163391357392745,-0.003544512699872073
1.0,0.02,16.0,4,price_only,0.0860884840153856,0.5820369409197093,,0.5539943257639564,-0.028042615155752904,0.5070387716941034,0.014326997338678912
1.0,0.02,1.0,5,current_queue,0.041768007460071366,0.5889507340875826,0.0,0.5937799779311731,0.004829243843590514,0.6087817968068459,-0.018537678742405014
1.0,0.02,1.0,5,price_history_current_queue,0.011281565399939963,0.619437176147714,0.7298993635086684,0.6239562223716335,0.004519046223919521,0.6210998786220538,-0.0006795161171525383
1.0,0.02,1.0,5,queue_price_history,0.010013831198639855,0.6207049103490141,0.760251163328471,0.6256042882262637,0.004899377877249589,0.6219881435306654,8.02848288660651e-05
1.0,0.02,1.0,5,marked_history,0.009178293124397774,0.6215404484232562,0.7802554231687524,0.6269247576430946,0.005384309219838457,0.6239288233477747,-0.00053992557141228
1.0,0.02,1.0,5,price_only,0.16258259154222476,0.4681361500054292,,0.4963205532557563,0.028184403250327117,0.5268129471235717,-0.03402825373454765
1.0,0.02,4.0,5,current_queue,0.13667102963528754,0.6747723746883286,0.0,0.6797399250875829,0.004967550399254228,0.6751502646516041,0.005040404522693359
1.0,0.02,4.0,5,price_history_current_queue,0.032837018161153586,0.7786063861624626,0.7597368056070071,0.7830063744511823,0.004399988288719681,0.7883977558236132,-0.004940637285716278
1.0,0.02,4.0,5,queue_price_history,0.02652177835059477,0.7849216259730214,0.8059444022528457,0.7896523044593485,0.004730678486327133,0.7942111405243656,-0.00410809197830244
1.0,0.02,4.0,5,marked_history,0.024263741504340186,0.787179662819276,0.8224660956379051,0.7952989903879983,0.008119327568722357,0.7962300687497331,-0.00048033427502013407
1.0,0.02,4.0,5,price_only,0.12195433480570161,0.6894890695179146,,0.6987450943680903,0.009256024850175737,0.7272999468740584,-0.028104108419253482
1.0,0.02,16.0,5,current_queue,0.13645389486180148,0.5316715300732934,0.0,0.5345147030822349,0.0028431730089415463,0.4691337419497088,0.03319570219688692
1.0,0.02,16.0,5,price_history_current_queue,0.03396262689088425,0.6341627980442106,0.7511054783355132,0.6367841335927267,0.0026213355485160683,0.605876941393662,-0.001278066736574504
1.0,0.02,16.0,5,queue_price_history,0.026805991422007902,0.641319433513087,0.803552757148071,0.6440711001893882,0.002751666676301223,0.6138197895257517,-0.0019339482720026058
1.0,0.02,16.0,5,marked_history,0.024639190682800516,0.6434862342522943,0.8194321187551683,0.6501347831316624,0.006648548879368055,0.6194740641032273,-0.0015245399072040325
1.0,0.02,16.0,5,price_only,0.09385089607781505,0.5742745288572798,,0.573992231590833,-0.000282297266446796,0.5646558796068846,-0.0228489069516907
1.0,0.02,1.0,6,current_queue,0.041768007460071366,0.5889507340875826,0.0,0.5707330231102159,-0.018217710977366686,0.5008945310401806,0.02502400219173101
1.0,0.02,1.0,6,price_history_current_queue,0.0007528939381217237,0.6299658476095322,0.9819743870032234,0.6146313037817963,-0.015334543827735914,0.5609637843097497,0.008853029593742328
1.0,0.02,1.0,6,queue_price_history,-0.0024738008377888088,0.6331925423854428,1.0592271690277222,0.620263938147194,-0.012928604238248709,0.5639831851265295,0.011466263142360338
1.0,0.02,1.0,6,marked_history,-0.009960557339301901,0.6406792988869559,1.2384733662199188,0.6238529004423992,-0.01682639844455669,0.5711364485777168,0.007901961986377996
1.0,0.02,1.0,6,price_only,0.14701215721807942,0.48370658432957453,,0.4798227951129812,-0.003883789216593325,0.45364154838069304,-0.01863324314601611
1.0,0.02,4.0,6,current_queue,0.13667102963528754,0.6747723746883286,0.0,0.6299051367668023,-0.04486723792152636,0.6046859540766697,0.022193389543944037
1.0,0.02,4.0,6,price_history_current_queue,0.005932943994944928,0.8055104603286712,0.9565896005117014,0.7640602037590989,-0.04145025656957235,0.747538427048293,0.013495983564617328
1.0,0.02,4.0,6,queue_price_history,-0.0019818024258684286,0.8134252067494846,1.0145005304427497,0.7773696144871898,-0.03605559226229482,0.7698566123097795,0.004487209031221649
1.0,0.02,4.0,6,marked_history,-0.018068811077828983,0.8295122154014452,1.1322065921801159,0.7858255575751677,-0.04368665782627745,0.783509175772955,-0.0007094113439758652
1.0,0.02,4.0,6,price_only,0.11246477969966528,0.6989786246239509,,0.6797332589820799,-0.01924536564187096,0.6805387206412444,-0.0038312548053530127
1.0,0.02,16.0,6,current_queue,0.13645389486180148,0.5316715300732934,0.0,0.4888350945739902,-0.04283643549930316,0.4718463468444455,-0.01687990731778513
1.0,0.02,16.0,6,price_history_current_queue,0.00819027690086127,0.6599351480342336,0.9399776978945433,0.6190883037779187,-0.04084684425631491,0.581660113584948,0.0035595351456409116
1.0,0.02,16.0,6,queue_price_history,2.2994403689025056e-05,0.6681024305314058,0.9998314859116897,0.6312069530939591,-0.0368954774374467,0.5967093828896917,0.0006289151569376442
1.0,0.02,16.0,6,marked_history,-0.014804130497180878,0.6829295554322757,1.1084918133863038,0.6393887360669716,-0.043540819365304184,0.606242537891057,-0.0007224568714152488
1.0,0.02,16.0,6,price_only,0.08901614498718524,0.5791092799479096,,0.5595898502378353,-0.019519429710074365,0.51385815953826,0.011863035652245474
1.0,0.02,1.0,7,current_queue,0.041768007460071366,0.5889507340875826,0.0,0.600621638774765,0.01167090468718246,0.5517879920963529,0.011343913135592285
1.0,0.02,1.0,7,price_history_current_queue,0.01841894153687551,0.6122998000107784,0.5590179504137629,0.6251951133474314,0.012895313336652947,0.5860034353920828,0.0017019444125286687
1.0,0.02,1.0,7,queue_price_history,0.016658260594135443,0.6140604809535185,0.6011717674092998,0.6255773756734168,0.011516894719898252,0.5897183447881538,-0.0016307026575569546
1.0,0.02,1.0,7,marked_history,0.014940933573325155,0.6157778079743288,0.6422876148064252,0.6231176120569882,0.00733980408265944,0.5844758583605749,0.0011520201535933413
1.0,0.02,1.0,7,price_only,0.1422395294705378,0.48847921207711614,,0.4727521484549685,-0.015727063622147652,0.4255364069305122,0.009726007981636337
1.0,0.02,4.0,7,current_queue,0.13667102963528754,0.6747723746883286,0.0,0.6806746663856625,0.005902291697333917,0.6731982535951061,0.001481015330649177
1.0,0.02,4.0,7,price_history_current_queue,0.03921097960687425,0.7722324247167419,0.7130995521764165,0.7806450498359043,0.008412625119162409,0.7731082228949056,0.0015414294810915212
1.0,0.02,4.0,7,queue_price_history,0.027640454323469954,0.7838029500001462,0.7977592296097448,0.7839749802240945,0.00017203022394829404,0.7807354200794223,-0.0027558373152350504
1.0,0.02,4.0,7,marked_history,0.028342902094794287,0.7831005022288219,0.792619531948881,0.786347797295184,0.0032472950663621214,0.7810707900297538,-0.0007183901944771039
1.0,0.02,4.0,7,price_only,0.11661174610465053,0.6948316582189656,,0.6840385388929644,-0.010793119326001244,0.6892903907681579,-0.01124724933510085
1.0,0.02,16.0,7,current_queue,0.13645389486180148,0.5316715300732934,0.0,0.5297534185428339,-0.0019181115304595098,0.5215761935959364,-0.01784435928585784
1.0,0.02,16.0,7,price_history_current_queue,0.03668026061978813,0.6314451643153067,0.7311893467244935,0.6323957083233813,0.0009505440080745942,0.6209218736511216,-0.014547749560495503
1.0,0.02,16.0,7,queue_price_history,0.022374067485564475,0.6457513574495304,0.8360320347892993,0.6372447680625345,-0.008506589386995889,0.6256284405561869,-0.014405256726407648
1.0,0.02,16.0,7,marked_history,0.02415682479707748,0.6439686001380174,0.8229671287760371,0.6414224849006928,-0.00254611523732462,0.621818908185676,-0.006418007517738449
1.0,0.02,16.0,7,price_only,0.09481172859009701,0.5733136963449978,,0.565221172648863,-0.00809252369613489,0.560264890550856,-0.02106530213474829
1.0,0.02,1.0,8,current_queue,0.041768007460071366,0.5889507340875826,0.0,0.5820228233728151,-0.0069279107147675045,0.5658523920827696,0.0038254813422190503
1.0,0.02,1.0,8,price_history_current_queue,0.0034972831872960297,0.6272214583603579,0.9162688526466267,0.6203950703330241,-0.0068263880273338184,0.6057227200562394,0.0023274003289583314
1.0,0.02,1.0,8,queue_price_history,0.001580341119942208,0.6291384004277117,0.9621638374429771,0.6244955043114565,-0.004642896116255235,0.6105164064326645,0.0016341479309656248
1.0,0.02,1.0,8,marked_history,0.00030284373993205715,0.6304158978077219,0.9927493850353871,0.625494879457948,-0.004921018349773876,0.6107580166072601,0.002391912902861471
1.0,0.02,1.0,8,price_only,0.15256172012792807,0.4781570214197259,,0.494585591321565,0.016428569901839107,0.4778844302850258,0.00435621108871273
1.0,0.02,4.0,8,current_queue,0.13667102963528754,0.6747723746883286,0.0,0.653064014997977,-0.021708359690351675,0.6550365256225383,0.008035959245822288
1.0,0.02,4.0,8,price_history_current_queue,0.013709079301276295,0.7977343250223399,0.8996928658702612,0.7750768817213166,-0.02265744330102326,0.7855979899212195,-0.0005126383295192063
1.0,0.02,4.0,8,queue_price_history,0.004613756535041591,0.8068296477885746,0.9662418835406918,0.7903762521291298,-0.016453395659444814,0.7996773954642198,0.0007073265352936613
1.0,0.02,4.0,8,marked_history,0.002282529129163935,0.8091608751944522,0.9832991005097791,0.7937728459901598,-0.015388029204292386,0.8036478803381153,0.0001334355224282928
1.0,0.02,4.0,8,price_only,0.11143924177835696,0.7000041625452592,,0.6925278253232509,-0.007476337222008356,0.7139404786683173,-0.011404183474682736
1.0,0.02,16.0,8,current_queue,0.13645389486180148,0.5316715300732934,0.0,0.5114359343260761,-0.020235595747217228,0.5164803504354238,0.013033978477763386
1.0,0.02,16.0,8,price_history_current_queue,0.01637836986950858,0.6517470550655863,0.8799714006984092,0.630786439962407,-0.02096061510317926,0.6460164517924526,0.0028483827570654763
1.0,0.02,16.0,8,queue_price_history,0.006227618759133802,0.6618978061759611,0.9543610040194086,0.6465673596541496,-0.01533044652181148,0.6598237337067216,0.004822020534538972
1.0,0.02,16.0,8,marked_history,0.0042125622452534595,0.6639128626898414,0.9691283107050929,0.6498910621344044,-0.014021800555437003,0.6639041180037797,0.004065338717735737
1.0,0.02,16.0,8,price_only,0.08620767058355427,0.5819177543515406,,0.5701869625607773,-0.011730791790763306,0.5970445862463285,-0.008779229098440242
1.0,0.02,1.0,9,current_queue,0.041768007460071366,0.5889507340875826,0.0,0.5861226281601365,-0.0028281059274460896,0.595805283208174,-0.0036490103700645773
1.0,0.02,1.0,9,price_history_current_queue,0.006910512963222204,0.6238082285844317,0.8345500926797048,0.6232519685500637,-0.0005562600343680391,0.6298277640878482,-0.0005421508598115223
1.0,0.02,1.0,9,queue_price_history,0.002531963626290379,0.6281867779213636,0.9393803109063597,0.6278097736457128,-0.0003770042756507941,0.6347889819457122,-0.0009455636220265106
1.0,0.02,1.0,9,marked_history,0.001143258605448949,0.629575482942205,0.9726283661833316,0.6287792802625745,-0.0007962026796305421,0.6345170754291183,0.00029584951142918106
1.0,0.02,1.0,9,price_only,0.13752091723757726,0.4931978243100767,,0.5133278689572263,0.02013004464714957,0.5144698652118342,0.004891648423364939
1.0,0.02,4.0,9,current_queue,0.13667102963528754,0.6747723746883286,0.0,0.6631351554953897,-0.011637219192938919,0.6750059366807423,0.0018048025607642904
1.0,0.02,4.0,9,price_history_current_queue,0.016015578366477934,0.7954278259571382,0.8828165822031473,0.7845645105005732,-0.010863315456565048,0.793614891827654,0.0046252024190360855
1.0,0.02,4.0,9,queue_price_history,0.004410174753846419,0.8070332295697698,0.9677314587764857,0.7969965961633577,-0.010036633406412032,0.811572890449989,-0.0009007105405144013
1.0,0.02,4.0,9,marked_history,0.0013155115420390162,0.8101278927815772,0.990374613072357,0.8001770404130293,-0.009950852368547869,0.8126199323056946,0.0012326918534515448
1.0,0.02,4.0,9,price_only,0.10937777628636092,0.7020656280372553,,0.7115541221385127,0.009488494101257405,0.7270576015352713,-0.0018278956506417449
1.0,0.02,16.0,9,current_queue,0.13645389486180148,0.5316715300732934,0.0,0.5209217607280424,-0.010749769345250959,0.5480014740826207,-0.010590831608152773
1.0,0.02,16.0,9,price_history_current_queue,0.016679100342353426,0.6514463245927414,0.8777675026480866,0.6395829262029674,-0.011863398389774016,0.6699588772821207,-0.013887069332727778
1.0,0.02,16.0,9,queue_price_history,0.005417900336413872,0.662707524598681,0.9602950114256464,0.6520469686864913,-0.010660555912189729,0.6752140251731342,-0.006678174740217445
1.0,0.02,16.0,9,marked_history,0.0023790320301643186,0.6657463929049305,0.9825653050609235,0.6552263006671848,-0.010520092237745748,0.6764497209495477,-0.004734538535937366
1.0,0.02,16.0,9,price_only,0.0884353665521217,0.5796900583829732,,0.58490500593798,0.005214947555006844,0.6250156980863173,-0.023621810401911775
1.0,0.02,1.0,10,current_queue,0.041768007460071366,0.5889507340875826,0.0,0.5857548335489662,-0.003195900538616403,0.6148001423300637,-6.220572196558721e-05
1.0,0.02,1.0,10,price_history_current_queue,0.00844390881462942,0.6222748327330245,0.797837882913101,0.6215117870609423,-0.0007630456720821854,0.6474490128141321,0.0030458773059422357
1.0,0.02,1.0,10,queue_price_history,0.006300111303077727,0.6244186302445762,0.8491641884257851,0.6224265130376062,-0.001992117206970012,0.6485478924345462,0.0028617236621919905
1.0,0.02,1.0,10,marked_history,0.005129048511822387,0.6255896930358316,0.8772015036454501,0.6229158856972848,-0.0026738073385467187,0.6499277361869883,0.001971252569428499
1.0,0.02,1.0,10,price_only,0.1434278278488036,0.48729091369885036,,0.5104681525052566,0.02317723880640621,0.5442154810642206,-0.0047642254998320616
1.0,0.02,4.0,10,current_queue,0.13667102963528754,0.6747723746883286,0.0,0.6726303629634702,-0.0021420117248583948,0.6704684459772159,0.004010857844993748
1.0,0.02,4.0,10,price_history_current_queue,0.033390351026685194,0.778053053296931,0.7556881577918249,0.7820945384378031,0.004041485140872103,0.7803458841088271,0.003597595187715394
1.0,0.02,4.0,10,queue_price_history,0.0258835171994799,0.7855598871241363,0.81061445671002,0.7875007469584057,0.0019408598342693928,0.783715840523162,0.005633847293983037
1.0,0.02,4.0,10,marked_history,0.02143628599507319,0.790007118328543,0.8431541340379389,0.7888049875244966,-0.0012021308040464085,0.7854463446765017,0.005207583706734346
1.0,0.02,4.0,10,price_only,0.11029725462249451,0.7011461497011217,,0.7276120082502043,0.026465858549082677,0.7220480440003088,0.007412905108634973
1.0,0.02,16.0,10,current_queue,0.13645389486180148,0.5316715300732934,0.0,0.5316722920250421,7.61951748695644e-07,0.5313184573635159,0.030194498241218504
1.0,0.02,16.0,10,price_history_current_queue,0.035868398674473334,0.6322570262606215,0.7371390628988618,0.6381406633882175,0.0058836371275959864,0.6502703549595386,0.017710972008371382
1.0,0.02,16.0,10,queue_price_history,0.02815729863105687,0.639968126304038,0.7936497257218332,0.644163175248511,0.004195048944472979,0.6618507453694862,0.012153093458717144
1.0,0.02,16.0,10,marked_history,0.023593323033734293,0.6445321019013606,0.8270967416677313,0.645342152191451,0.0008100502900904027,0.6638527259917217,0.011330089779421605
1.0,0.02,16.0,10,price_only,0.08796391746048171,0.5801615074746131,,0.6003274298618662,0.02016592238725301,0.6050517023110619,0.025116391130496726
1.0,0.02,1.0,11,current_queue,0.041768007460071366,0.5889507340875826,0.0,0.5907066690703973,0.0017559349828146775,0.6319033048758909,0.0015207787726202113
1.0,0.02,1.0,11,price_history_current_queue,0.013154309930485386,0.6175644316171686,0.6850625459435572,0.6197363745391307,0.0021719429219621,0.6747255931224008,-0.01227180400515631
1.0,0.02,1.0,11,queue_price_history,0.011490478372963242,0.6192282631746907,0.7248976172984143,0.6207642640289127,0.0015360008542220083,0.6750129612352858,-0.011531282628259197
1.0,0.02,1.0,11,marked_history,0.011341612338675144,0.6193771292089788,0.7284617335524732,0.6211456948433676,0.0017685656343887635,0.6713261695271548,-0.0074630601056734445
1.0,0.02,1.0,11,price_only,0.14827851991809277,0.4824402216295612,,0.4638383024417971,-0.018601919187764104,0.5330386512983671,-0.026482934278456216
1.0,0.02,4.0,11,current_queue,0.13667102963528754,0.6747723746883286,0.0,0.6734309429504624,-0.0013414317378662721,0.6911949472928448,-0.0016838475943778408
1.0,0.02,4.0,11,price_history_current_queue,0.03524411295553309,0.7761992913680831,0.7421244791263847,0.7772268417211479,0.0010275503530647878,0.8018924589685358,-0.008585460499383406
1.0,0.02,4.0,11,queue_price_history,0.02743392680753942,0.7840094775160767,0.7992703583140625,0.7824203552828756,-0.001589122233201179,0.8051763953513733,-0.006675883320493205
1.0,0.02,4.0,11,marked_history,0.026768229914938657,0.7846751744086775,0.804141155690633,0.7871109179475403,0.002435743538862778,0.8100119213030335,-0.006820846607488648
1.0,0.02,4.0,11,price_only,0.11792889517984695,0.6935145091437692,,0.6744403991545062,-0.019074109989263066,0.6936470516213561,-0.003126495718845379
1.0,0.02,16.0,11,current_queue,0.13645389486180148,0.5316715300732934,0.0,0.5272916369900791,-0.004379893083214292,0.5364949760458253,0.0038769896400890624
1.0,0.02,16.0,11,price_history_current_queue,0.03505898553143394,0.6330664394036609,0.7430708330682596,0.6318151493772629,-0.001251290026398011,0.6528165194675245,-0.007921041394426287
1.0,0.02,16.0,11,queue_price_history,0.026303706124876203,0.6418217188102187,0.8072337462296975,0.6377542292198238,-0.004067489590394824,0.6559058348294001,-0.005071276913740971
1.0,0.02,16.0,11,marked_history,0.02554711675331678,0.6425783081817781,0.8127783983066916,0.6436490957040015,0.0010707875222234486,0.6635403823021828,-0.00681095790234593
1.0,0.02,16.0,11,price_only,0.09441495443927816,0.5737104704958167,,0.5593436084939937,-0.014366862001823022,0.5867644839039681,-0.014340546714139063
1.0,0.02,1.0,12,current_queue,0.041768007460071366,0.5889507340875826,0.0,0.5987313766587798,0.009780642571197262,0.540586822190374,0.016479762650862567
1.0,0.02,1.0,12,price_history_current_queue,0.015981466619232276,0.6147372749284217,0.6173754126406448,0.6237392983868162,0.009002023458394515,0.5852878867223588,-0.003213380153085834
1.0,0.02,1.0,12,queue_price_history,0.01525926820630652,0.6154594733413474,0.6346661204537036,0.6263730687565034,0.010913595415156019,0.5877463004401182,-0.0030380235011579814
1.0,0.02,1.0,12,marked_history,0.01588381031533992,0.614834931232314,0.6197134773420964,0.6266746337355272,0.0118397025032132,0.5861689436029496,-0.001159101684965528
1.0,0.02,1.0,12,price_only,0.14439624312692784,0.4863224984207261,,0.4649761131983398,-0.0213463852223863,0.4243520393027276,-0.0010407179219310003
1.0,0.02,4.0,12,current_queue,0.13667102963528754,0.6747723746883286,0.0,0.6938339695981534,0.01906159490982473,0.6683632916332157,0.013982544227535199
1.0,0.02,4.0,12,price_history_current_queue,0.04852924694860461,0.7629141573750116,0.6449192848103438,0.7809740985221848,0.018059941147173242,0.7736289602527011,-0.00414299546791869
1.0,0.02,4.0,12,queue_price_history,0.042091278719848746,0.7693521256037674,0.692024865604868,0.7921008292290113,0.022748703625243838,0.7840516873591421,-0.0034389918675332178
1.0,0.02,4.0,12,marked_history,0.039614009943454986,0.7718293943801612,0.7101506438550536,0.7943568821028666,0.022527487722705408,0.7861977890406103,-0.0033290406751462186
1.0,0.02,4.0,12,price_only,0.1242865683952522,0.687156835928364,,0.6764725225836719,-0.010684313344692109,0.6769911232663572,-0.012006734420087845
1.0,0.02,16.0,12,current_queue,0.13645389486180148,0.5316715300732934,0.0,0.5472008406553813,0.015529310582087952,0.5491672208897601,-0.000971366942117316
1.0,0.02,16.0,12,price_history_current_queue,0.04874581286417101,0.6193796120709238,0.6427671565290235,0.6340510093527147,0.014671397281790899,0.6382689337211009,-0.0032229110761247126
1.0,0.02,16.0,12,queue_price_history,0.041243865952462766,0.6268815589826321,0.6977450442566411,0.6460165425928821,0.01913498361025001,0.652104383608163,-0.005092827723019472
1.0,0.02,16.0,12,marked_history,0.03796447428578775,0.6301609506493071,0.7217780091639185,0.6484554576435289,0.01829450699422175,0.653874218510818,-0.004423747575027569
1.0,0.02,16.0,12,price_only,0.10265958254028384,0.565465842394811,,0.5601410122848809,-0.005324830109930123,0.5606677041389629,0.0004683214381793893
1.0,0.02,1.0,13,current_queue,0.041768007460071366,0.5889507340875826,0.0,0.5985881009977458,0.009637366910163259,0.6061228897405779,-0.005256948769865141
1.0,0.02,1.0,13,price_history_current_queue,0.014585094433038903,0.616133647114615,0.6508070334218911,0.624015871667632,0.007882224553016903,0.6274911083087624,-0.0011973966681635279
1.0,0.02,1.0,13,queue_price_history,0.01380567256368126,0.6169130689839727,0.6694677720291311,0.6258848961857493,0.008971827201776583,0.6294528762602087,-0.0012901401014925361
1.0,0.02,1.0,13,marked_history,0.012939800583871564,0.6177789409637824,0.6901982792394029,0.6265261849045224,0.008747243940740002,0.6294410310800949,-0.0006370062026055147
1.0,0.02,1.0,13,price_only,0.142577482658387,0.48814125888926696,,0.47587223200025575,-0.012269026889011214,0.48055721316522504,-0.00240714119200236
1.0,0.02,4.0,13,current_queue,0.13667102963528754,0.6747723746883286,0.0,0.693243645643577,0.018471270955248364,0.7165725095488449,-0.014163833285687003
1.0,0.02,4.0,13,price_history_current_queue,0.0400838614196547,0.7713595429039615,0.7067128159740935,0.7735116670780843,0.0021521241741228048,0.7862928326346694,-0.0036161349370042867
1.0,0.02,4.0,13,queue_price_history,0.03737301285551076,0.7740703914681054,0.7265476600619588,0.7836670968995664,0.009596705431460961,0.7964393229002409,-0.0036071953810937127
1.0,0.02,4.0,13,marked_history,0.03493435377673315,0.776509050546883,0.7443909373481933,0.7869932010762044,0.01048415052932139,0.7999922370743106,-0.0038340053785253098
1.0,0.02,4.0,13,price_only,0.11169985483961153,0.6997435494840046,,0.6756855683290364,-0.024057981154968267,0.685038651077317,-0.00018805212869971166
1.0,0.02,16.0,13,current_queue,0.13645389486180148,0.5316715300732934,0.0,0.5481201862509323,0.01644865617763891,0.5490049728301055,-0.008879986489453637
1.0,0.02,16.0,13,price_history_current_queue,0.040152980088804524,0.6279724448462903,0.7057395823734391,0.6260227749406153,-0.0019496699056750222,0.6190561086536118,-0.0010285336232769351
1.0,0.02,16.0,13,queue_price_history,0.037112475680160406,0.6310129492549345,0.7280218661567163,0.6377540326374249,0.006741083382490465,0.6334913273565597,-0.0037324946294151062
1.0,0.02,16.0,13,marked_history,0.03457316658017162,0.6335522583549232,0.7466311488199965,0.6414738114290042,0.007921553074080934,0.6369146337241387,-0.0034360222054149042
1.0,0.02,16.0,13,price_only,0.08967576400492006,0.5784496609301748,,0.5570269487006793,-0.021422712229495544,0.5361352212157539,0.01289652757464499
1.0,0.02,1.0,14,current_queue,0.041768007460071366,0.5889507340875826,0.0,0.5973800343643623,0.008429300276779683,0.6040240031533866,-0.012582198880794176
1.0,0.02,1.0,14,price_history_current_queue,0.014495059757602569,0.6162236817900514,0.6529626228529264,0.6245869545709407,0.00836327278088933,0.6208531711709445,-0.0022044466917736432
1.0,0.02,1.0,14,queue_price_history,0.014575228630342885,0.6161435129173111,0.6510432381942985,0.6259066454720549,0.009763132554743814,0.618913111454821,0.0010553039254639915
1.0,0.02,1.0,14,marked_history,0.014565041387777256,0.6161537001598767,0.6512871388059178,0.621072012838091,0.004918312678214298,0.6167265698979838,-0.0015927871516626235
1.0,0.02,1.0,14,price_only,0.14836135493295272,0.48235738661470123,,0.5027541391365282,0.02039675252182699,0.529972166573866,-0.033156257529107724
1.0,0.02,4.0,14,current_queue,0.13667102963528754,0.6747723746883286,0.0,0.6953466760916281,0.020574301403299522,0.725103767931906,-0.009913645770742857
1.0,0.02,4.0,14,price_history_current_queue,0.04115569502254701,0.7702877093010692,0.6988703814380214,0.7840718267523427,0.013784117451273503,0.8101249489194499,-0.0062096760975721595
1.0,0.02,4.0,14,queue_price_history,0.03989832096055046,0.7715450833630657,0.7080703857502147,0.7905240952952252,0.01897901193215945,0.813043543365682,-0.0026760020009218254
1.0,0.02,4.0,14,marked_history,0.03721010194848118,0.774233302375135,0.7277396530356293,0.7832874859539376,0.00905418357880261,0.8043697504586638,-0.0012388184351910872
1.0,0.02,4.0,14,price_only,0.11161529608532061,0.6998281082382956,,0.7053155372125491,0.005487428974253583,0.7474520185779563,-0.02229303529587212
1.0,0.02,16.0,14,current_queue,0.13645389486180148,0.5316715300732934,0.0,0.5510103126139202,0.01933878254062682,0.6314327220926046,-0.0008187976691208243
1.0,0.02,16.0,14,price_history_current_queue,0.04135133438867544,0.6267740905464194,0.6969574636872369,0.6375148194069873,0.010740728860567872,0.736012760689678,-0.018894329473127157
1.0,0.02,16.0,14,queue_price_history,0.03966735987642067,0.6284580650586742,0.7092984416707548,0.6447232438743856,0.016265178815711434,0.7386037201461746,-0.014276864462225439
1.0,0.02,16.0,14,marked_history,0.0365413718870643,0.6315840530480306,0.7322071903915028,0.6386029044036434,0.007018851355612865,0.724763964445639,-0.006557448232432001
1.0,0.02,16.0,14,price_only,0.08797930008414045,0.5801461248509544,,0.5808384098406473,0.0006922849896928707,0.6799631568195903,-0.01952113516937949
1.0,0.02,1.0,15,current_queue,0.041768007460071366,0.5889507340875826,0.0,0.5946524860694873,0.005701751981904701,0.5945117957719137,0.004185207630121729
1.0,0.02,1.0,15,price_history_current_queue,0.016197461125280088,0.6145212804223739,0.6122041220002116,0.6236775937028426,0.00915631328046873,0.6302464209201377,-0.0025243098847469257
1.0,0.02,1.0,15,queue_price_history,0.012088137032363888,0.6186306045152901,0.71058861153672,0.6268029986105625,0.008172394095272484,0.631673966731613,-0.0008264507885023496
1.0,0.02,1.0,15,marked_history,0.010553702356561612,0.6201650391910923,0.7473256925973653,0.6261302940379069,0.005965254846814538,0.631703446589753,-0.001528635219297891
1.0,0.02,1.0,15,price_only,0.15030692759143605,0.4804118139562179,,0.46090901701151965,-0.019502796944698253,0.48471749548159493,-0.01976396113752707
1.0,0.02,4.0,15,current_queue,0.13667102963528754,0.6747723746883286,0.0,0.6824517590249096,0.007679384336580997,0.7259005969423343,-0.02588958584097001
1.0,0.02,4.0,15,price_history_current_queue,0.04963134767300903,0.7618120566506071,0.6368553906014143,0.7770473386571088,0.015235282006501705,0.8062238466359167,-0.011617255902353227
1.0,0.02,4.0,15,queue_price_history,0.03678752776890082,0.7746558765547154,0.7308315605211294,0.7907747614808978,0.01611888492618241,0.8139181527813778,-0.005584139224025335
1.0,0.02,4.0,15,marked_history,0.03238601376230554,0.7790573905613106,0.7630367324463055,0.7909113180352899,0.011853927473979287,0.8146302296814834,-0.006159659569738695
1.0,0.02,4.0,15,price_only,0.12436366238834307,0.6870797419352731,,0.6630161017597227,-0.024063640175550405,0.6969510919438326,-0.016375738107655302
1.0,0.02,16.0,15,current_queue,0.13645389486180148,0.5316715300732934,0.0,0.5361913956678102,0.004519865594516781,0.5768670325841876,-0.0408164076771699
1.0,0.02,16.0,15,price_history_current_queue,0.04945439474471536,0.6186710301903795,0.6375743265166447,0.6303322699067155,0.011661239716336036,0.6440420656866923,-0.013850566540769167
1.0,0.02,16.0,15,queue_price_history,0.03636403073130701,0.6317613942037879,0.7335068319732759,0.6450700912330165,0.013308697029228655,0.6563628093407649,-0.01143348886854078
1.0,0.02,16.0,15,marked_history,0.03195015416204505,0.6361752707730498,0.7658538497973715,0.6456131109653156,0.00943784019226579,0.6566686386154449,-0.011196298410921679
1.0,0.02,16.0,15,price_only,0.10028862192206633,0.5678368030130285,,0.546877915698103,-0.020958887314925567,0.562132555468354,-0.015395410531043402
1.0,0.2,1.0,0,current_queue,0.06820688308022366,0.4967318727146431,0.0,0.49481026214608514,-0.001921610568557941,0.5069225653645825,-0.004983722608160851
1.0,0.2,1.0,0,price_history_current_queue,0.047838946932017956,0.5170998088628488,0.2986199519519066,0.5227626713242071,0.005662862461358276,0.5398714804224152,-0.009980228487871654
1.0,0.2,1.0,0,queue_price_history,0.037760143533716706,0.52717861226115,0.4463880794947933,0.5306338272590408,0.0034552149978908098,0.5523649000914652,-0.014602492222087898
1.0,0.2,1.0,0,marked_history,0.03318031649938791,0.5317584392954788,0.5135341918445117,0.5285150718020496,-0.003243367493429239,0.5507670797492971,-0.015123427336910925
1.0,0.2,1.0,0,price_only,0.36455458289158005,0.2003841729032867,,0.22983330810703356,0.029449135203746868,0.22902893616728837,0.007932952550081696
1.0,0.2,4.0,0,current_queue,0.12535289618276635,0.33215296450753073,0.0,0.3230398308159039,-0.009113133691626862,0.30426987637513114,0.011824930645067344
1.0,0.2,4.0,0,price_history_current_queue,0.08371578646340083,0.37379007422689625,0.33215913622496607,0.3786003034213854,0.004810229194489146,0.37251273224241466,-0.0008574526167346164
1.0,0.2,4.0,0,queue_price_history,0.06091626923597271,0.3965895914543244,0.5140417884948115,0.4025767503327932,0.005987158878468846,0.39666522432493034,-0.0010334977878425078
1.0,0.2,4.0,0,marked_history,0.05353862601705339,0.4039672346732437,0.5728967766409377,0.4027449594824784,-0.0012222751907652873,0.4000712821005734,-0.004271346413800378
1.0,0.2,4.0,0,price_only,0.2746240472171154,0.18288181347318164,,0.2098782039981146,0.026996390524932967,0.1830324813503993,0.01990069885200993
1.0,0.2,16.0,0,current_queue,0.035746207053890616,0.08097620814655847,0.0,0.07813739081438145,-0.0028388173321770155,-0.012697766945770406,0.0255462246302008
1.0,0.2,16.0,0,price_history_current_queue,0.02402984946110591,0.09269256573934317,0.3277650570065027,0.09375385400780832,0.0010612882684651465,0.013260386028453586,0.015204534849403682
1.0,0.2,16.0,0,queue_price_history,0.017349888863084403,0.09937252633736468,0.514636928138197,0.1009541243054767,0.0015815979681120251,0.03556764772170573,9.754345381992463e-05
1.0,0.2,16.0,0,marked_history,0.015267709713616406,0.10145470548683268,0.5728858815538397,0.10105258504288418,-0.0004021204439484949,0.03674430319543209,-0.0009806512824989677
1.0,0.2,16.0,0,price_only,0.07004268410899013,0.046679731091458954,,0.053427093132214776,0.006747362040755822,-0.01844799633544758,0.006586156337711299
1.0,0.2,1.0,1,current_queue,0.06820688308022366,0.4967318727146431,0.0,0.5056586621341973,0.008926789419554215,0.4535305648422272,-0.0032300472319288023
1.0,0.2,1.0,1,price_history_current_queue,0.047197450130535334,0.5177413056643314,0.30802511419525536,0.521389374065239,0.003648068400907589,0.45951217648439635,0.006519053056943787
1.0,0.2,1.0,1,queue_price_history,0.04061220880587735,0.5243265469889894,0.40457316077455074,0.5343050607311309,0.009978513742141537,0.47993995308505644,-0.0009930368778244027
1.0,0.2,1.0,1,marked_history,0.03368141833353355,0.5312573374613332,0.506187399094046,0.5318217953595603,0.000564457898227122,0.49221702345270746,-0.015753372617046034
1.0,0.2,1.0,1,price_only,0.35689219499592895,0.2080465607989378,,0.19558700649062177,-0.012459554308316023,0.17802019210101128,-0.03779133013428837
1.0,0.2,4.0,1,current_queue,0.12535289618276635,0.33215296450753073,0.0,0.334734675152217,0.0025817106446862637,0.32378945449166774,-0.023248360000866178
1.0,0.2,4.0,1,price_history_current_queue,0.08292653594665372,0.37457932474364336,0.3384553650380313,0.3719868910612695,-0.0025924336823738847,0.3498156160726803,-0.012022305672826264
1.0,0.2,4.0,1,queue_price_history,0.06442248879379475,0.39308337189650233,0.48607099831290834,0.40036785199192315,0.00728448009542082,0.38105521939269726,-0.01488094806218955
1.0,0.2,4.0,1,marked_history,0.055350657466714304,0.4021552032235828,0.5584413352044756,0.40143613618331536,-0.0007190670402674182,0.3777639149414873,-0.010521359419587366
1.0,0.2,4.0,1,price_only,0.27331384479776394,0.18419201589253315,,0.17507289093821793,-0.009119124954315216,0.18200596835473426,-0.041126658077931755
1.0,0.2,16.0,1,current_queue,0.035746207053890616,0.08097620814655847,0.0,0.08138181964050836,0.00040561149394989504,0.09724017980519739,0.003462315391522211
1.0,0.2,16.0,1,price_history_current_queue,0.023811205484729966,0.09291120971571912,0.33388162137503324,0.09201816687342611,-0.0008930428422930098,0.11500567201347778,-0.0036668295838404343
1.0,0.2,16.0,1,queue_price_history,0.018270371111410916,0.09845204408903817,0.48888644090639627,0.10030863525648427,0.0018565911674461033,0.11552877327994615,0.00410053753274936
1.0,0.2,16.0,1,marked_history,0.015778506363024566,0.10094390883742452,0.5585963473205129,0.10073763442846756,-0.00020627440895695792,0.11490275404838957,0.005155555936289229
1.0,0.2,16.0,1,price_only,0.06993605055118457,0.04678636464926452,,0.04464548219299003,-0.002140882456274494,0.07282519343607563,-0.008859035686874364
1.0,0.2,1.0,2,current_queue,0.06820688308022366,0.4967318727146431,0.0,0.4911735245345646,-0.005558348180078498,0.5067902484633708,-0.01858841415918827
1.0,0.2,1.0,2,price_history_current_queue,0.05076005386185234,0.5141787019330144,0.25579279437019115,0.5115005676759343,-0.002678134257080078,0.5217640135759142,-0.013235136130361848
1.0,0.2,1.0,2,queue_price_history,0.04017739646407881,0.5247613593307879,0.4109480649214991,0.5209723926551387,-0.003788966675649208,0.5225825987477246,-0.0045818963229678975
1.0,0.2,1.0,2,marked_history,0.03279839447794752,0.5321403613169192,0.519133656358836,0.5272383799588716,-0.004901981358047647,0.529860873219403,-0.005594183490913451
1.0,0.2,1.0,2,price_only,0.3638489434271992,0.20108981236766754,,0.19073756252098634,-0.010352249846681205,0.201849260392434,-0.014083388101829686
1.0,0.2,4.0,2,current_queue,0.12535289618276635,0.33215296450753073,0.0,0.33310328045720417,0.0009503159496734304,0.38633789632146,-0.005915768564556667
1.0,0.2,4.0,2,price_history_current_queue,0.09061871296241425,0.36688714772788283,0.277091190375922,0.373470623902512,0.006583476174629177,0.4146240116574633,0.006165459544747856
1.0,0.2,4.0,2,queue_price_history,0.07136514592610049,0.3861407147641966,0.4306861022018265,0.3918907852043992,0.005750070440202593,0.4326841988271728,0.0065254336769255405
1.0,0.2,4.0,2,marked_history,0.062117314521069,0.3953885461692281,0.5044604758832133,0.40058889116821494,0.005200344998986861,0.43652404688825197,0.011383691579662146
1.0,0.2,4.0,2,price_only,0.28163052405388755,0.17587533663640953,,0.17144370957769828,-0.004431627058711252,0.20413335946563826,0.014629197411759165
1.0,0.2,16.0,2,current_queue,0.035746207053890616,0.08097620814655847,0.0,0.08140890357852758,0.0004326954319691101,0.205577143143704,-0.00023514248565467688
1.0,0.2,16.0,2,price_history_current_queue,0.025980084214366192,0.09074233098608289,0.2732072475494006,0.09279525378714436,0.002052922801061466,0.21568331047925948,0.001045040387406635
1.0,0.2,16.0,2,queue_price_history,0.020469086003190168,0.09625332919725892,0.42737740056361273,0.09807725723880653,0.001823928041547615,0.2204164506370211,0.0015939036813071988
1.0,0.2,16.0,2,marked_history,0.017975255013051403,0.09874716018739768,0.4971423125829241,0.1004349993159757,0.0016878391285780198,0.2256805960275564,-0.001312499632058959
1.0,0.2,16.0,2,price_only,0.07212355558142228,0.044598859619026814,,0.04357923924125584,-0.001019620377770973,0.17358694394250151,-0.006074607621723918
1.0,0.2,1.0,3,current_queue,0.06820688308022366,0.4967318727146431,0.0,0.49757268760925366,0.0008408148946105753,0.43900671726217433,0.015343990953137987
1.0,0.2,1.0,3,price_history_current_queue,0.048315205917367154,0.5166235498774996,0.2916373870868763,0.5123706533897371,-0.004252896487762503,0.44962125888174775,0.019527415114047944
1.0,0.2,1.0,3,queue_price_history,0.04290962760216521,0.5220291281927015,0.37089006762417637,0.5202869219374653,-0.001742206255236245,0.4581222909775182,0.01894265156600569
1.0,0.2,1.0,3,marked_history,0.03813867755661415,0.5268000782382526,0.44083828736527725,0.5267817282335957,-1.83500046568863e-05,0.46454873248977935,0.019011016349874982
1.0,0.2,1.0,3,price_only,0.35246628689208626,0.21247246890278046,,0.2166625683492968,0.004190099446516354,0.13304256289512995,0.04039802606022552
1.0,0.2,4.0,3,current_queue,0.12535289618276635,0.33215296450753073,0.0,0.3459918996729565,0.01383893516542578,0.2933952985581828,0.002094418342882848
1.0,0.2,4.0,3,price_history_current_queue,0.08713596681289748,0.3703698938773996,0.3048747219541544,0.37433165447149575,0.003961760594096142,0.32591611056209946,-0.0020866388624946053
1.0,0.2,4.0,3,queue_price_history,0.07786116573774693,0.37964469495255015,0.3788642455917076,0.3902112774219651,0.010566582469414942,0.3339564884256805,0.005752606224393733
1.0,0.2,4.0,3,marked_history,0.07065075283544042,0.38685510785485666,0.4363851575281468,0.4003600974577897,0.01350498960293306,0.3367891831250259,0.01306873156087291
1.0,0.2,4.0,3,price_only,0.2632863766985964,0.1942194839917007,,0.1918215943112649,-0.002397889680435805,0.11631792164160981,0.025001489897764184
1.0,0.2,16.0,3,current_queue,0.035746207053890616,0.08097620814655847,0.0,0.08543686268195168,0.00446065453539321,-0.15608085690612206,0.013543143769804367
1.0,0.2,16.0,3,price_history_current_queue,0.02504348607249071,0.09167892912795837,0.29940857683906413,0.0933284424097359,0.0016495132817775232,-0.14754426837745704,0.012898134968923575
1.0,0.2,16.0,3,queue_price_history,0.02241600717512479,0.09430640802532429,0.3729122885309021,0.09790628918744917,0.003599881162124882,-0.1452433059756939,0.015175019344873718
1.0,0.2,16.0,3,marked_history,0.020387499409244086,0.096334915791205,0.4296597852043966,0.1007381078024298,0.004403192011224799,-0.14312718176743777,0.015890713751598205
1.0,0.2,16.0,3,price_only,0.06716004725375574,0.04956236794669335,,0.04900373637726467,-0.0005586315694286817,-0.18634447557682288,0.007373636135818179
1.0,0.2,1.0,4,current_queue,0.06820688308022366,0.4967318727146431,0.0,0.4954242743526863,-0.0013075983619567633,0.5115346414810371,-0.005623749038668038
1.0,0.2,1.0,4,price_history_current_queue,0.049745379721022664,0.5151933760738441,0.2706692129222049,0.5123947932492147,-0.002798582824629414,0.5402689283113631,-0.017387516972465704
1.0,0.2,1.0,4,queue_price_history,0.041748186357319694,0.523190569437547,0.38791827932942985,0.5211474959077925,-0.0020430735297545244,0.5407215157571756,-0.009087401759700305
1.0,0.2,1.0,4,marked_history,0.0364003975272017,0.528538358267665,0.4663236922234339,0.525403548595478,-0.0031348096721870444,0.5376833696424967,-0.0017932029573359334
1.0,0.2,1.0,4,price_only,0.36258915757723764,0.20234959821762913,,0.20142795127068563,-0.000921646946943494,0.2686923889657473,-0.05677781960537892
1.0,0.2,4.0,4,current_queue,0.12535289618276635,0.33215296450753073,0.0,0.3333148949527771,0.001161930445246373,0.3621178274564625,0.01603512992316733
1.0,0.2,4.0,4,price_history_current_queue,0.08859484618512758,0.3689110145051695,0.293236543526246,0.36541597613188365,-0.0034950383732858525,0.40276988896070076,0.007484149598035603
1.0,0.2,4.0,4,queue_price_history,0.07109287222114252,0.38641298846915456,0.43285815975493636,0.3866446233121656,0.00023163484301103043,0.4258004599812686,0.005682225757749723
1.0,0.2,4.0,4,marked_history,0.06124154006720128,0.3962643206230958,0.5114469475207799,0.3942538922705304,-0.0020104283525653743,0.4290639338647796,0.010028020832603554
1.0,0.2,4.0,4,price_only,0.28209441384894335,0.17541144684135374,,0.18609979946455568,0.010688352623201947,0.23647397380671709,-0.005536111915308672
1.0,0.2,16.0,4,current_queue,0.035746207053890616,0.08097620814655847,0.0,0.08152092918252124,0.0005447210359627724,-0.007434681015794586,0.010383799236737469
1.0,0.2,16.0,4,price_history_current_queue,0.025406596603288714,0.09131581859716037,0.28925056118580666,0.09050836366510497,-0.0008074549320554042,0.003182096912081489,0.008754455791445123
1.0,0.2,16.0,4,queue_price_history,0.020313467339809127,0.09640894786063996,0.43173083205206214,0.09669510547028,0.000286157609640042,0.01746616803672696,0.0006571264719746929
1.0,0.2,16.0,4,marked_history,0.017537630575762256,0.09918478462468683,0.5093848544735753,0.09881072271255388,-0.0003740619121329475,0.017016458349048413,0.00322245340192712
1.0,0.2,16.0,4,price_only,0.07232219109657681,0.044400224103872274,,0.047524883028039006,0.0031246589241667316,-0.08389322487285278,0.052846296939313434
1.0,0.2,1.0,5,current_queue,0.06820688308022366,0.4967318727146431,0.0,0.5088679017734679,0.012136029058824771,0.5574121072277132,-0.01164438546725903
1.0,0.2,1.0,5,price_history_current_queue,0.0503424495467123,0.5145963062481544,0.2619154068732264,0.5256283017931936,0.011031995545039197,0.5559784596611466,0.006549662119033427
1.0,0.2,1.0,5,queue_price_history,0.042049919999019525,0.5228888357958472,0.3834944788554375,0.5328828175240558,0.009993981728208534,0.5612926383762851,0.00848999913475703
1.0,0.2,1.0,5,marked_history,0.034089913319479304,0.5308488424753874,0.5001983409887916,0.5415382877464913,0.010689445271103826,0.577241601523096,0.0011965062103816392
1.0,0.2,1.0,5,price_only,0.36202546877656183,0.2029132870183049,,0.17358615125491922,-0.029327135763385692,0.24798086037136902,-0.03749488912946347
1.0,0.2,4.0,5,current_queue,0.12535289618276635,0.33215296450753073,0.0,0.35552079805905945,0.023367833551528716,0.3940134558213366,-0.004440466125783513
1.0,0.2,4.0,5,price_history_current_queue,0.09154365657252639,0.3659622041177707,0.2697124728649715,0.3840865000926414,0.018124295974870697,0.4150047451182568,0.0031339466108782216
1.0,0.2,4.0,5,queue_price_history,0.07382984359366984,0.38367601709662724,0.4110240302224461,0.4025718234070636,0.01889580631043636,0.4311705838777091,0.005453431165848101
1.0,0.2,4.0,5,marked_history,0.06259367710414332,0.39491218358615376,0.5006603037485402,0.41289217397176037,0.017979990385606603,0.45077262429367215,-0.00382825868541814
1.0,0.2,4.0,5,price_only,0.2795709882354165,0.17793487245488057,,0.17301907002486677,-0.004915802430013799,0.21145987137500277,-0.004388609713642355
1.0,0.2,16.0,5,current_queue,0.035746207053890616,0.08097620814655847,0.0,0.08752584495103334,0.006549636804474873,0.16235967408954255,0.004429738812721854
1.0,0.2,16.0,5,price_history_current_queue,0.026270772400332654,0.09045164280011643,0.2650752467044376,0.09542897167459191,0.004977328874475481,0.17297462311129053,0.0017179165145324513
1.0,0.2,16.0,5,queue_price_history,0.02104107365075937,0.09568134154968971,0.41137604840037817,0.1009872455411437,0.005305903991453989,0.1734662858165239,0.00678452767585086
1.0,0.2,16.0,5,marked_history,0.01796167408544941,0.09876074111499968,0.49752223897851394,0.10378968229710239,0.005028941182102717,0.17804829359415797,0.0050049566541754895
1.0,0.2,16.0,5,price_only,0.07158590392664871,0.04513651127380038,,0.04457750617926062,-0.0005590050945397593,0.12996929537384183,-0.006128221243350149
1.0,0.2,1.0,6,current_queue,0.06820688308022366,0.4967318727146431,0.0,0.49646222496177744,-0.0002696477528656427,0.5300266091999176,-0.01188778000773788
1.0,0.2,1.0,6,price_history_current_queue,0.04658420902328286,0.5183545467715839,0.31701601188121453,0.517525450470774,-0.0008290963008098506,0.5483891139709549,-0.009187059269778579
1.0,0.2,1.0,6,queue_price_history,0.03696690425354543,0.5279718515413213,0.4580179802371903,0.5305532259886799,0.0025813744473586198,0.5546379825814995,-0.002408152362417336
1.0,0.2,1.0,6,marked_history,0.030736596066629818,0.5342021597282369,0.5493622537995467,0.5373030405874565,0.003100880859219557,0.5620070436632381,-0.0030273988453792915
1.0,0.2,1.0,6,price_only,0.3558993125689988,0.20903944322586793,,0.18370224752697445,-0.025337195698893478,0.19539130643661762,0.009987545320759128
1.0,0.2,4.0,6,current_queue,0.12535289618276635,0.33215296450753073,0.0,0.33459469204996156,0.002441727542430827,0.37864825242337563,-0.01936324027689444
1.0,0.2,4.0,6,price_history_current_queue,0.08435791810852189,0.3731479425817752,0.3270365450070909,0.37557721715662207,0.0024292745748468736,0.41961176150802837,-0.01934422425488666
1.0,0.2,4.0,6,queue_price_history,0.06454748401059673,0.39295837667970035,0.4850738516923808,0.40113234155900745,0.008173964879307105,0.43401854730871037,-0.008195885653183306
1.0,0.2,4.0,6,marked_history,0.055790269904819556,0.4017155907854775,0.5549343365511353,0.4097634351985599,0.008047844413082372,0.4397506328330758,-0.005296877537996313
1.0,0.2,4.0,6,price_only,0.2709402180328617,0.18656564265743533,,0.17781948277423676,-0.008746159883198573,0.20749922331468063,-0.004989420443924253
1.0,0.2,16.0,6,current_queue,0.035746207053890616,0.08097620814655847,0.0,0.0818350769261039,0.000858868779545427,0.13130935667333077,-0.010657832136868314
1.0,0.2,16.0,6,price_history_current_queue,0.024248099119140373,0.09247431608130871,0.32165952369200496,0.09334787206716255,0.0008735559858538411,0.1413303158959066,-0.0091659962183855
1.0,0.2,16.0,6,queue_price_history,0.018517641337481086,0.098204773862968,0.4819690573166524,0.10067708456601691,0.002472310703048916,0.14333312377132612,-0.0038395915949506476
1.0,0.2,16.0,6,marked_history,0.016090068906358224,0.10063234629409086,0.5498803864113191,0.10308970888275804,0.002457362588667175,0.14136420497476754,0.0005419515183490639
1.0,0.2,16.0,6,price_only,0.0692906986626192,0.0474317165378299,,0.04566255430435481,-0.0017691622334750842,0.11083917385535869,-0.026360171940645313
1.0,0.2,1.0,7,current_queue,0.06820688308022366,0.4967318727146431,0.0,0.5023295523319584,0.005597679617315332,0.4454806944665406,0.026476348008688325
1.0,0.2,1.0,7,price_history_current_queue,0.04989832956535245,0.5150404262295143,0.26842677290116057,0.5116319071205032,-0.0034085191090110767,0.4614223502170237,0.019837047046750038
1.0,0.2,1.0,7,queue_price_history,0.04297477234057123,0.5219639834542955,0.36993496257518305,0.5228843750950398,0.0009203916407443113,0.4729178719792556,0.019593993259054802
1.0,0.2,1.0,7,marked_history,0.03362707444100921,0.5313116813538575,0.506984149950707,0.5261208429983323,-0.005190838355525251,0.47642917425829534,0.019319158883307465
1.0,0.2,1.0,7,price_only,0.35964296165776394,0.2052957941371028,,0.17379125837045067,-0.03150453576665213,0.15508699791665315,-0.01166824940293193
1.0,0.2,4.0,7,current_queue,0.12535289618276635,0.33215296450753073,0.0,0.3346816368701945,0.002528672362663742,0.3563852897864318,0.011781344129249471
1.0,0.2,4.0,7,price_history_current_queue,0.08850359141990072,0.36900226927039637,0.2939645264289611,0.3617986806096124,-0.007203588660783966,0.37593696991303394,0.019346707742065275
1.0,0.2,4.0,7,queue_price_history,0.07106533959429845,0.38644052109599863,0.4330778006861194,0.38403214133266966,-0.0024083797633289716,0.39969698412888477,0.017820154249271677
1.0,0.2,4.0,7,marked_history,0.05838252143993583,0.39912333925036125,0.534254706370619,0.39215197768662724,-0.006971361563734013,0.4091598405911093,0.01647713414100474
1.0,0.2,4.0,7,price_only,0.2763480646079226,0.18115779608237445,,0.15291297357619177,-0.028244822506182682,0.15747011271598887,0.02892785790568969
1.0,0.2,16.0,7,current_queue,0.035746207053890616,0.08097620814655847,0.0,0.08157647779428426,0.0006002696477257902,0.18887285249908514,0.006979710379123004
1.0,0.2,16.0,7,price_history_current_queue,0.02538564432404375,0.09133677087640533,0.28983670111425774,0.0893789646398066,-0.001957806236598733,0.19444209932623802,0.009212950397492467
1.0,0.2,16.0,7,queue_price_history,0.02024778454605035,0.09647463065439874,0.43356830794593126,0.09574123238023297,-0.0007333982741657696,0.19359283958695372,0.01642447787720313
1.0,0.2,16.0,7,marked_history,0.01674884658017936,0.09997356862026972,0.5314510836092632,0.09811019801624213,-0.001863370604027595,0.19516910482573757,0.017217178274428445
1.0,0.2,16.0,7,price_only,0.07072647968567622,0.045995935514772865,,0.0386156641572515,-0.007380271357521367,0.15931883438680428,-0.006427085145628897
1.0,0.2,1.0,8,current_queue,0.06820688308022366,0.4967318727146431,0.0,0.5026445251960002,0.005912652481357139,0.5582756747153744,0.00397649037975116
1.0,0.2,1.0,8,price_history_current_queue,0.0515623436088497,0.513376412186017,0.24403020222749305,0.5180483924713695,0.004671980285352428,0.5708220506358583,0.00683398173463641
1.0,0.2,1.0,8,queue_price_history,0.04098671791702868,0.5239520378778381,0.39908237899068233,0.5260626253158575,0.0021105874380193956,0.5887671079289404,-0.003096842713957583
1.0,0.2,1.0,8,marked_history,0.03679618044117505,0.5281425753536917,0.46052100932546536,0.5301591723321684,0.00201659697847667,0.5942952118237974,-0.0045283995925036805
1.0,0.2,1.0,8,price_only,0.37204372586882783,0.19289502992603894,,0.22351701472509078,0.030621984799051843,0.266144998696498,0.016979655927718107
1.0,0.2,4.0,8,current_queue,0.12535289618276635,0.33215296450753073,0.0,0.3300625463647453,-0.002090418142785433,0.3524498513827896,-0.008080807253118438
1.0,0.2,4.0,8,price_history_current_queue,0.0898270122071998,0.3676788484830973,0.2834069659130117,0.36525264253367895,-0.0024262059494183363,0.3823186106264629,-0.00275947032785806
1.0,0.2,4.0,8,queue_price_history,0.06534371826042112,0.39216214242987596,0.4787219103007478,0.38586715189986553,-0.006294990530010425,0.39607238019219526,0.0041012694725961335
1.0,0.2,4.0,8,marked_history,0.05709407370104225,0.40041178698925484,0.5445332701543788,0.3946964246182896,-0.00571536237096526,0.4001587256333565,0.008844196749858924
1.0,0.2,4.0,8,price_only,0.28344185985196924,0.17406400083832785,,0.1831140070903438,0.009050006252015963,0.19353297928695024,0.00388752556831945
1.0,0.2,16.0,8,current_queue,0.035746207053890616,0.08097620814655847,0.0,0.07994969275196384,-0.0010265153945946265,0.211685888332392,-0.022085385082527505
1.0,0.2,16.0,8,price_history_current_queue,0.02570083485774889,0.09102158034270019,0.28101924718886745,0.09002783140673047,-0.000993748935969721,0.2027323997520658,-0.0030537578474346995
1.0,0.2,16.0,8,queue_price_history,0.018499633178825123,0.09822278202162396,0.4824728354833489,0.09610325901646483,-0.002119523005159135,0.20511918285489694,0.0006348866594685296
1.0,0.2,16.0,8,marked_history,0.016129919003401202,0.10059249619704788,0.548765580105215,0.09865226904213183,-0.001940227154916055,0.2060472299643934,0.002255849575639065
1.0,0.2,16.0,8,price_only,0.07237845997138348,0.044343955229065604,,0.045910993588040724,0.0015670383589751202,0.14781285502926556,0.007748949056675808
1.0,0.2,1.0,9,current_queue,0.06820688308022366,0.4967318727146431,0.0,0.48470100360001217,-0.012030869114630915,0.4978059653844418,-0.0017493167879399224
1.0,0.2,1.0,9,price_history_current_queue,0.04825831863927532,0.5166804371555914,0.2924714272236309,0.503797403671542,-0.0128830334840494,0.5271465802476185,-0.011993531579586783
1.0,0.2,1.0,9,queue_price_history,0.03756829478460244,0.5273704610102643,0.44920082713037457,0.5171142916290264,-0.010256169381237856,0.5363093403896784,-0.007839403764162242
1.0,0.2,1.0,9,marked_history,0.030830647733997463,0.5341081080608693,0.5479833362604324,0.5220010924667569,-0.012107015594112425,0.5426133580822234,-0.009256620618976912
1.0,0.2,1.0,9,price_only,0.3618025412188919,0.20313621457597483,,0.20273696127738156,-0.0003992532985932773,0.22548953965241436,-0.01139693337854314
1.0,0.2,4.0,9,current_queue,0.12535289618276635,0.33215296450753073,0.0,0.3154924013038024,-0.01666056320372833,0.3598382941055345,-0.007415916550938956
1.0,0.2,4.0,9,price_history_current_queue,0.08696073003382948,0.3705451306564676,0.30627266954375376,0.35437956690242667,-0.016165563754040935,0.399960252075212,-0.008650708921992253
1.0,0.2,4.0,9,queue_price_history,0.06627129546484878,0.3912345652254483,0.4713221833484863,0.3796218460716845,-0.011612719153763829,0.4200801289137164,-0.003528306591238789
1.0,0.2,4.0,9,marked_history,0.05514667859194655,0.40235918209835053,0.5600685722367205,0.3871977915266682,-0.01516139057168231,0.43688369178772524,-0.012755924010263903
1.0,0.2,4.0,9,price_only,0.27588381501197745,0.18162204567831963,,0.1778120569194817,-0.0038099887588379233,0.23567745245353966,-0.020935419283264867
1.0,0.2,16.0,9,current_queue,0.035746207053890616,0.08097620814655847,0.0,0.0764085905970659,-0.0045676175494925725,0.12678883556369536,0.005644002858330874
1.0,0.2,16.0,9,price_history_current_queue,0.024980976737252927,0.09174143846319616,0.3011572752434444,0.08735030046284821,-0.004391138000347947,0.1365130397566734,0.006861508531135152
1.0,0.2,16.0,9,queue_price_history,0.019024572285921235,0.09769784291452785,0.4677876660525134,0.09458729303758684,-0.00311054987694101,0.1517800589230791,-0.0011685180605319305
1.0,0.2,16.0,9,marked_history,0.01590751300533992,0.10081490219510916,0.5549873870154135,0.09675112667256242,-0.0040637755225467476,0.1581729020869871,-0.005397527589464345
1.0,0.2,16.0,9,price_only,0.07053479218358176,0.046187623016867324,,0.04502959139386992,-0.0011580316229974075,0.1127703372000669,-0.011716497981236654
1.0,0.2,1.0,10,current_queue,0.06820688308022366,0.4967318727146431,0.0,0.5004032774775089,0.0036714047628658153,0.4624111309453236,0.0014631602653851355
1.0,0.2,1.0,10,price_history_current_queue,0.05007177987194811,0.5148669759229186,0.26588376992605545,0.5163654620316581,0.001498486108739483,0.47609181084787644,0.0037446649169815827
1.0,0.2,1.0,10,queue_price_history,0.04037862050255092,0.5245601352923158,0.40799786357253204,0.52722985265805,0.002669717365734181,0.4841670542211691,0.006533812170080762
1.0,0.2,1.0,10,marked_history,0.03498510805959465,0.5299536477352721,0.4870736430156789,0.5288602411499048,-0.0010934065853672736,0.4948873041743237,-0.002556049291218991
1.0,0.2,1.0,10,price_only,0.36175273124932517,0.2031860245455416,,0.24055877086584126,0.03737274632029966,0.17664257440933118,0.027387210189709965
1.0,0.2,4.0,10,current_queue,0.12535289618276635,0.33215296450753073,0.0,0.3418148911992877,0.009661926691756972,0.3259734337871367,0.0010909839147847517
1.0,0.2,4.0,10,price_history_current_queue,0.0905710017800484,0.3669348589102487,0.27747180529443405,0.37512212960105035,0.008187270690801662,0.35394058775269743,0.0064310683509866545
1.0,0.2,4.0,10,queue_price_history,0.06874967454670888,0.3887561861435882,0.4515509681844857,0.3978802213723197,0.009124035228731509,0.37548672771099556,0.007643020163957903
1.0,0.2,4.0,10,marked_history,0.0582524807042345,0.3992533799860626,0.5352921035083104,0.40530618820869313,0.006052808222630546,0.38827742700737,0.0022782877039568966
1.0,0.2,4.0,10,price_only,0.2790596821014966,0.17844617858880046,,0.18576820078968176,0.007322022200881295,0.18633883558668995,-0.015321108294374441
1.0,0.2,16.0,10,current_queue,0.035746207053890616,0.08097620814655847,0.0,0.0836023482102876,0.002626140063729132,0.1469594699778366,0.00047959473829981003
1.0,0.2,16.0,10,price_history_current_queue,0.026002129224939247,0.09072028597550984,0.2725905384663972,0.09305318082440098,0.00233289484889114,0.13920321420055892,0.01768668312969087
1.0,0.2,16.0,10,queue_price_history,0.019550570055158686,0.0971718451452904,0.4530728805524892,0.09981530081099796,0.0026434556657075614,0.15250189141827408,0.011150125898572685
1.0,0.2,16.0,10,marked_history,0.016499072231790007,0.10022334296865908,0.5384385200109154,0.10202855062430463,0.0018052076556455549,0.16363168569547215,0.002233581434681284
1.0,0.2,16.0,10,price_only,0.07145369597864112,0.04526871922180795,,0.0463829468118426,0.0011142275900346485,0.1137461156173204,-0.0035264522996289877
1.0,0.2,1.0,11,current_queue,0.06820688308022366,0.4967318727146431,0.0,0.49014970425703475,-0.0065821684576083395,0.4971251001982494,0.003994856952319714
1.0,0.2,1.0,11,price_history_current_queue,0.0469313853568869,0.5180073704379798,0.3119259635176836,0.5124450581323341,-0.005562312305645745,0.5123582914822155,0.011057019543653047
1.0,0.2,1.0,11,queue_price_history,0.03919922928859576,0.525739526506271,0.425289244745426,0.5268841063730545,0.0011445798667835128,0.5285234529184835,0.009330906348105433
1.0,0.2,1.0,11,marked_history,0.033088513780738626,0.5318502420141281,0.5148801369237099,0.5316569436280416,-0.00019329838608650451,0.5325165390532591,0.010110657468316887
1.0,0.2,1.0,11,price_only,0.36125507801776713,0.2036836777770996,,0.21458577213768704,0.01090209436058745,0.18780033751586767,0.03775568751535374
1.0,0.2,4.0,11,current_queue,0.12535289618276635,0.33215296450753073,0.0,0.3207181838971056,-0.011434780610425133,0.2768511395811384,0.010371722709329068
1.0,0.2,4.0,11,price_history_current_queue,0.08290438373220449,0.3746014769580926,0.33863208384648175,0.36744681982887656,-0.0071546571292160355,0.29975728517201194,0.03419421305022645
1.0,0.2,4.0,11,queue_price_history,0.0647155744827691,0.392790286207528,0.4837329136104454,0.3928808499195786,9.056371205062863e-05,0.3308337231388513,0.0285518051740892
1.0,0.2,4.0,11,marked_history,0.054667108406694476,0.4028387522836026,0.5638943329479278,0.40098564364081035,-0.001853108642792256,0.3439483083745343,0.023542013659637914
1.0,0.2,4.0,11,price_only,0.27351779031273854,0.18398807037755854,,0.18624982482065822,0.0022617544430996728,0.10157878416778954,0.05117571904623053
1.0,0.2,16.0,11,current_queue,0.035746207053890616,0.08097620814655847,0.0,0.07780715145858119,-0.003169056687977276,0.0669758709947108,0.028424604063141
1.0,0.2,16.0,11,price_history_current_queue,0.023827809007487932,0.09289460619296115,0.3334171378919903,0.09095610387976463,-0.001938502313196519,0.08150661969775275,0.027042807781282496
1.0,0.2,16.0,11,queue_price_history,0.0185065943767333,0.09821582082371579,0.4822780959995855,0.09823538861590192,1.9567792186134247e-05,0.09635891594610912,0.0194697962690634
1.0,0.2,16.0,11,marked_history,0.015659888006311684,0.1010625271941374,0.5619146953772467,0.10052717048712306,-0.0005353567070143367,0.10287100954614725,0.015249484540246418
1.0,0.2,16.0,11,price_only,0.06983493635074704,0.04688747884970204,,0.04719696236254178,0.0003094835128397422,0.05340077412562161,0.011389511836190788
1.0,0.2,1.0,12,current_queue,0.06820688308022366,0.4967318727146431,0.0,0.4881879101435829,-0.00854396257106016,0.5301703258547686,0.004917035647523951
1.0,0.2,1.0,12,price_history_current_queue,0.051889131822252965,0.5130496239726138,0.23923906973989792,0.5078917350486414,-0.005157888923972398,0.5420819516980944,0.012709234709256632
1.0,0.2,1.0,12,queue_price_history,0.04238211732128583,0.5225566384735809,0.3786240419249656,0.5177986401775303,-0.004757998296050614,0.5518904791324427,0.012807612403797283
1.0,0.2,1.0,12,marked_history,0.03833319979346572,0.526605556001401,0.4379863429856642,0.5253978587545872,-0.0012076972468137992,0.5648590339228925,0.007438276190404339
1.0,0.2,1.0,12,price_only,0.3668882946504259,0.19805046114444086,,0.15092031395247935,-0.04713014719196151,0.15462467553055625,0.043195089780632745
1.0,0.2,4.0,12,current_queue,0.12535289618276635,0.33215296450753073,0.0,0.32218237189594545,-0.009970592611585283,0.3553392015496504,-0.008628922961531726
1.0,0.2,4.0,12,price_history_current_queue,0.094338143769779,0.3631677169205181,0.24741951209302243,0.3634403571959585,0.0002726402754404389,0.38552393011159636,0.0024443337765353568
1.0,0.2,4.0,12,queue_price_history,0.07240152294603797,0.3851043377442591,0.42241842709022465,0.38611790942271,0.0010135716784508975,0.41138679737157746,-0.0007409812566942647
1.0,0.2,4.0,12,marked_history,0.06663443193316448,0.3908714287571326,0.4684252700790374,0.3935086510768267,0.002637222319694099,0.4203221350700965,-0.0022855773010966307
1.0,0.2,4.0,12,price_only,0.2871061012440387,0.1703997594462584,,0.14910536298833804,-0.02129439645792036,0.2056037261876189,-0.03197045650710767
1.0,0.2,16.0,12,current_queue,0.035746207053890616,0.08097620814655847,0.0,0.07804667602527002,-0.00292953212128845,0.20193134437850058,-0.00674042728944723
1.0,0.2,16.0,12,price_history_current_queue,0.027021437297861425,0.08970097790258766,0.2440753991850329,0.08977134765218514,7.036974959748199e-05,0.2082380821599844,-0.001322493444015936
1.0,0.2,16.0,12,queue_price_history,0.02057269897507133,0.09614971622537775,0.4244788280877985,0.0964769067979445,0.000327190572566749,0.21272008710487889,0.0009010607568489502
1.0,0.2,16.0,12,marked_history,0.018943961648298355,0.09777845355215073,0.47004274831904175,0.09844249287821152,0.0006640393260607946,0.21344586470274107,0.00214086923925378
1.0,0.2,16.0,12,price_only,0.07364208275021338,0.04308033245023571,,0.03823447027331413,-0.004845862176921581,0.17739959170562947,-0.022020880368532003
1.0,0.2,1.0,13,current_queue,0.06820688308022366,0.4967318727146431,0.0,0.4930224040039615,-0.0037094687106815627,0.49604836035196487,0.022176460691544178
1.0,0.2,1.0,13,price_history_current_queue,0.05106722917512707,0.5138715266197397,0.25128921204238647,0.506699101759454,-0.007172424860285687,0.514903402296822,0.01699811650217955
1.0,0.2,1.0,13,queue_price_history,0.04184433017258449,0.5230944256222823,0.3865086882306589,0.5219625948235853,-0.0011318307986969423,0.5265418259602668,0.020623185902866076
1.0,0.2,1.0,13,marked_history,0.03755454227649058,0.5273842135183762,0.44940245646000815,0.5275588883473491,0.00017467482897293163,0.529427303632086,0.023334001754810554
1.0,0.2,1.0,13,price_only,0.35866855728437463,0.20627019851049208,,0.1885540175192394,-0.01771618099125269,0.16536349020439844,0.048392944354388456
1.0,0.2,4.0,13,current_queue,0.12535289618276635,0.33215296450753073,0.0,0.32185111490267393,-0.010301849604856805,0.2582819792217844,0.027041678632429483
1.0,0.2,4.0,13,price_history_current_queue,0.08912386083036383,0.36838199985993325,0.28901634071206506,0.349374425073768,-0.01900757478616527,0.2879815533046446,0.02486541472066335
1.0,0.2,4.0,13,queue_price_history,0.06890759729083623,0.38859826339946085,0.45029114293164835,0.37868593037373866,-0.009912333025722198,0.3190305852200348,0.02312788810524377
1.0,0.2,4.0,13,marked_history,0.061568769750742436,0.39593709093955465,0.5088364798450745,0.39091821221017403,-0.005018878729380616,0.33308395823406844,0.02130679692764552
1.0,0.2,4.0,13,price_only,0.2717826517241183,0.18572320896617875,,0.1633298269208182,-0.022393382045360538,0.08407828116897098,0.042724088703387175
1.0,0.2,16.0,13,current_queue,0.035746207053890616,0.08097620814655847,0.0,0.07803108630300598,-0.0029451218435524867,-0.05545666093611423,0.006435440467986921
1.0,0.2,16.0,13,price_history_current_queue,0.025516905942148393,0.09120550925830069,0.28616465787043177,0.08573164099087757,-0.005473868267423118,-0.042912355715305495,0.001591689935049781
1.0,0.2,16.0,13,queue_price_history,0.01962546058455991,0.09709695461588917,0.45097781829068556,0.09416807701203186,-0.0029288776038573078,-0.03239911487484792,-0.00048511488425350205
1.0,0.2,16.0,13,marked_history,0.017548222848771153,0.09917419235167793,0.5090885356783271,0.09770156062681436,-0.001472631724863574,-0.027093650238065647,-0.0022570959062532814
1.0,0.2,16.0,13,price_only,0.06943183155318587,0.04729058364726321,,0.04118211930726398,-0.006108464339999231,-0.10147107541127309,0.015600887947403788
1.0,0.2,1.0,14,current_queue,0.06820688308022366,0.4967318727146431,0.0,0.4865928296073995,-0.010139043107243562,0.46161481659571124,0.008054701162027944
1.0,0.2,1.0,14,price_history_current_queue,0.045579339786263495,0.5193594160086032,0.33174867802339053,0.5082499936308175,-0.011109422377785783,0.4830819240160704,0.008244757765086659
1.0,0.2,1.0,14,queue_price_history,0.035850485715212654,0.5290882700796541,0.4743861015750275,0.5191952654388151,-0.009893004640838976,0.5019403015303565,0.00033165205879825965
1.0,0.2,1.0,14,marked_history,0.02836638252320045,0.5365723732716663,0.5841126108953485,0.5248591712974248,-0.011713201974241527,0.5060433131142992,0.001892546333465292
1.0,0.2,1.0,14,price_only,0.3604032389085998,0.20453551688626695,,0.23187864705449268,0.027343130168225732,0.29703207856247693,-0.08207674335764459
1.0,0.2,4.0,14,current_queue,0.12535289618276635,0.33215296450753073,0.0,0.31152977692114575,-0.020623187586384983,0.31136916349210864,-0.0027959205477893767
1.0,0.2,4.0,14,price_history_current_queue,0.08195988128411169,0.3755459794061854,0.3461668315615701,0.35725967633051686,-0.01828630307566853,0.3597446892259195,-0.005441546872229128
1.0,0.2,4.0,14,queue_price_history,0.05918653840409965,0.39831932228619743,0.5278406785447955,0.3811474791744114,-0.017171843111786045,0.3772940426507885,0.0008969025467963909
1.0,0.2,4.0,14,marked_history,0.048279841959536385,0.4092260187307607,0.6148486119607187,0.3880765757566136,-0.021149442974147115,0.38160509085999994,0.003514950919787138
1.0,0.2,4.0,14,price_only,0.27278212598389073,0.18472373470640635,,0.20323054868040386,0.018506813973997505,0.22525587321321283,-0.02498185850963547
1.0,0.2,16.0,14,current_queue,0.035746207053890616,0.08097620814655847,0.0,0.07501977417720879,-0.005956433969349681,-0.037211820584287736,0.001128597130503152
1.0,0.2,16.0,14,price_history_current_queue,0.023580867118664167,0.09314154808178492,0.34032533624857336,0.08790941771130793,-0.005232130370476984,-0.012323940675613265,-0.010869639244072162
1.0,0.2,16.0,14,queue_price_history,0.016882049633233573,0.09984036556721551,0.5277247287304534,0.09500999262887685,-0.004830372938338656,-0.010605509292844983,-0.005487495709271532
1.0,0.2,16.0,14,marked_history,0.013851156295701869,0.10287125890474721,0.6125139577796321,0.09689585276749021,-0.005975406137257,-0.013176348971306151,-0.001030795892196991
1.0,0.2,16.0,14,price_only,0.06966191042321718,0.047060504777231914,,0.05127829437463825,0.004217789597406339,-0.068542748490237,0.008718045233881894
1.0,0.2,1.0,15,current_queue,0.06820688308022366,0.4967318727146431,0.0,0.5020835300727875,0.005351657358144413,0.45845613001845953,-0.002835502349386551
1.0,0.2,1.0,15,price_history_current_queue,0.04818505623807767,0.5167536995567891,0.2935455475746735,0.5247005379214421,0.007946838364653042,0.4744551142724802,0.003782521245247389
1.0,0.2,1.0,15,queue_price_history,0.04104347161346844,0.5238952841813983,0.3982502973315189,0.5386385695440805,0.014743285362682212,0.49652548792328743,-0.00434982078292151
1.0,0.2,1.0,15,marked_history,0.037279993653950405,0.5276587621409163,0.4534276898402999,0.5411977852957407,0.013539023154824359,0.4981437369502226,-0.0034088540581965025
1.0,0.2,1.0,15,price_only,0.3603852843598382,0.20455347143502858,,0.21978960548078763,0.015236134045759048,0.16084858632943244,0.012478116747640655
1.0,0.2,4.0,15,current_queue,0.12535289618276635,0.33215296450753073,0.0,0.3422200571258383,0.010067092618307572,0.32731541537816566,0.015514213778562047
1.0,0.2,4.0,15,price_history_current_queue,0.08465283818147662,0.37285302250882046,0.32468382654636435,0.38629034062800904,0.01343731811918858,0.35924992766408625,0.027649984994812166
1.0,0.2,4.0,15,queue_price_history,0.06894543600032937,0.3885604246899677,0.4499892854505258,0.41087195818834044,0.022311533498372726,0.3985597136352821,0.012921816583947768
1.0,0.2,4.0,15,marked_history,0.06305519657637582,0.39445066411392127,0.49697854220743,0.41449970576760276,0.020049041653681487,0.40707249289551195,0.008036784902980203
1.0,0.2,4.0,15,price_only,0.2731093595180839,0.18439650117221318,,0.1983641600958242,0.013967658923611015,0.16228213967706973,0.03669159244964387
1.0,0.2,16.0,15,current_queue,0.035746207053890616,0.08097620814655847,0.0,0.08393309742955862,0.0029568892830001553,-0.03863959576196785,0.01762251294442039
1.0,0.2,16.0,15,price_history_current_queue,0.0242951673921096,0.09242724780833948,0.3203427889431051,0.0962936488743196,0.0038664010659801157,-0.035473562081873355,0.02681703070908688
1.0,0.2,16.0,15,queue_price_history,0.019666180930586585,0.0970562342698625,0.44983866677272777,0.10329163965984488,0.006235405389982379,-0.00998313643576565,0.008324595848504448
1.0,0.2,16.0,15,marked_history,0.017985975308187074,0.09873643989226201,0.4968424123691892,0.1042785280814033,0.0055420881891412865,-0.0058700559656821305,0.005198403799979354
1.0,0.2,16.0,15,price_only,0.06975537361878859,0.04696704158166049,,0.05066711618460025,0.0037000746029397583,-0.1039297306252489,0.04964666656274308
1.0,2.0,1.0,0,current_queue,0.039752837614323855,0.244321303177296,0.0,0.24644484171367476,0.002123538536378755,0.31131597862105576,-0.01901560402967973
1.0,2.0,1.0,0,price_history_current_queue,0.03876967809397186,0.245304462697648,0.024731807321290194,0.2480442733753909,0.0027398106777428988,0.31578628244301665,-0.021886476189924474
1.0,2.0,1.0,0,queue_price_history,0.03203000208313095,0.2520441387084889,0.19427130224309302,0.2557890508646379,0.0037449121561489718,0.3182724141639479,-0.016627830421608737
1.0,2.0,1.0,0,marked_history,0.030110046599348073,0.2539640941922718,0.242568621352989,0.2569410773573224,0.0029769831650506284,0.3166748677055632,-0.013878257470539494
1.0,2.0,1.0,0,price_only,0.2790558043893343,0.005018336402285571,,0.040168161423386195,0.035149825021100624,0.14406910396420047,-0.058045409663113
1.0,2.0,4.0,0,current_queue,0.016710988579342376,0.08989918240264648,0.0,0.08995825891714111,5.907651449463258e-05,0.24487768398629417,-0.022467902297352415
1.0,2.0,4.0,0,price_history_current_queue,0.016164498672205194,0.09044567230978366,0.032702428377740414,0.09076942813141466,0.00032375582163099437,0.24577746897025854,-0.022556518067043247
1.0,2.0,4.0,0,queue_price_history,0.013075672249567932,0.09353449873242092,0.21754047120038802,0.09412466999167958,0.0005901712592586567,0.24580231728021806,-0.01922612451673785
1.0,2.0,4.0,0,marked_history,0.012220214164309018,0.09438995681767984,0.2687318224000655,0.09467024451132697,0.0002802876936471299,0.24569248379753017,-0.018570716514402563
1.0,2.0,4.0,0,price_only,0.10436297577659549,0.002247195205393367,,0.012439405287111377,0.010192210081718011,0.1917351063133923,-0.046844178254480284
1.0,2.0,16.0,0,current_queue,0.004028305350100413,0.021624037800655152,0.0,0.021636345982096024,1.2308181440871813e-05,0.1030924672825081,-0.007523894593903365
1.0,2.0,16.0,0,price_history_current_queue,0.0038963302238822425,0.021756012926873323,0.03276194695987509,0.021832009276914158,7.599635004083491e-05,0.10350365509116422,-0.00773941910774135
1.0,2.0,16.0,0,queue_price_history,0.0031509303518105873,0.022501412798944978,0.21780250552951647,0.02264115429472885,0.00013974149578387107,0.10336780383105981,-0.006794422829822259
1.0,2.0,16.0,0,marked_history,0.0029445937750511263,0.02270774937570444,0.2690241878069828,0.02277283106779895,6.508169209451173e-05,0.10226335432355749,-0.005558296549249832
1.0,2.0,16.0,0,price_only,0.025110878290673638,0.0005414648600819288,,0.0029871934678046934,0.002445728607722765,0.09375653505047776,-0.016837114876164364
1.0,2.0,1.0,1,current_queue,0.039752837614323855,0.244321303177296,0.0,0.23792490798617066,-0.006396395191125337,0.2217123322551967,0.022542927720445582
1.0,2.0,1.0,1,price_history_current_queue,0.03850055781805631,0.24557358297356355,0.03150164545275937,0.23920340634191148,-0.006370176631652069,0.2239073127043163,0.02162644562706681
1.0,2.0,1.0,1,queue_price_history,0.03267033907381067,0.2514038017178092,0.17816334545036847,0.2463904286534426,-0.005013373064366583,0.22439449229024222,0.028326288352672015
1.0,2.0,1.0,1,marked_history,0.03051147157888373,0.2535626692127361,0.23247060059205055,0.24679488404242755,-0.006767785170308571,0.2269689478168473,0.02615628821505188
1.0,2.0,1.0,1,price_only,0.2771792356844927,0.006894905107127135,,0.0086479520003106,0.0017530468931834641,0.017941410443481742,-0.0029631064536995155
1.0,2.0,4.0,1,current_queue,0.016710988579342376,0.08989918240264648,0.0,0.08800013643268707,-0.0018990459699594064,0.07777458316198105,-0.002134848386587635
1.0,2.0,4.0,1,price_history_current_queue,0.016023793041590892,0.09058637794039796,0.04112237492645853,0.08867605917085006,-0.0019103187695479057,0.07748729953599043,-0.0011716420224340343
1.0,2.0,4.0,1,queue_price_history,0.01326608322774378,0.09334408775424508,0.2061461136929436,0.092081300385485,-0.0012627873687600794,0.07531173000076796,0.0044091687274233765
1.0,2.0,4.0,1,marked_history,0.012417668397754753,0.0941925025842341,0.25691599040974133,0.09232646276927564,-0.0018660398149584617,0.07368535781097263,0.00628070330100936
1.0,2.0,4.0,1,price_only,0.1035379115184134,0.003072259463575451,,0.0041168746240943105,0.0010446151605188595,-0.0260204997798259,0.017776972746626554
1.0,2.0,16.0,1,current_queue,0.004028305350100413,0.021624037800655152,0.0,0.021168619354042968,-0.00045541844661218384,-0.053698431845699,0.005757360690003416
1.0,2.0,16.0,1,price_history_current_queue,0.0038623489285419706,0.021789994222213595,0.04119757742652403,0.021331847461155445,-0.0004581467610581501,-0.053286902461731955,0.005509059413148844
1.0,2.0,16.0,1,queue_price_history,0.003196608601723761,0.022455734549031804,0.20646318391825,0.02215380005095882,-0.00030193449807298586,-0.051428129248707544,0.004472238789927809
1.0,2.0,16.0,1,marked_history,0.002992378349883345,0.02265996480087222,0.2571619850494317,0.0222130188087022,-0.00044694599217002043,-0.05316432699425677,0.006267655293220417
1.0,2.0,16.0,1,price_only,0.024912120478169247,0.0007402226725863178,,0.0009932645665661453,0.0002530418939798275,-0.09790319209465848,0.029786766151486066
1.0,2.0,1.0,2,current_queue,0.039752837614323855,0.244321303177296,0.0,0.24641598140960114,0.002094678232305136,0.16843816473974127,0.011044944603328222
1.0,2.0,1.0,2,price_history_current_queue,0.038570747493287566,0.2455033932983323,0.02973599350327522,0.24830554223607162,0.002802148937739335,0.16849750816193376,0.012875162007606217
1.0,2.0,1.0,2,queue_price_history,0.03191316949041256,0.2521609713012073,0.1972102771623649,0.2530669280575577,0.0009059567563504123,0.17317082693394636,0.012963229057079702
1.0,2.0,1.0,2,marked_history,0.02899544577148594,0.2550786950201339,0.27060689219734546,0.2563646216002001,0.00128592658006621,0.1766819917054755,0.012749757828192987
1.0,2.0,1.0,2,price_only,0.27777338783072625,0.006300752960893603,,-0.014903493689106984,-0.021204246650000588,-0.06813160566614407,-0.013704760089494561
1.0,2.0,4.0,2,current_queue,0.016710988579342376,0.08989918240264648,0.0,0.09078416304947351,0.0008849806468270299,0.0590501687151338,0.014641862016379036
1.0,2.0,4.0,2,price_history_current_queue,0.016069849280785906,0.09054032170120295,0.03836632976633276,0.09183511813143383,0.0012947964302308795,0.06249618307340421,0.01224680274006895
1.0,2.0,4.0,2,queue_price_history,0.013112544900175618,0.09349762608181324,0.2153339799187611,0.09391186736307462,0.00041424128126138493,0.06689993586937437,0.00991979917573958
1.0,2.0,4.0,2,marked_history,0.012065979719915479,0.09454419126207338,0.2779613448583717,0.09509780706591517,0.0005536158038417921,0.06916350327117438,0.00884217147678013
1.0,2.0,4.0,2,price_only,0.10379591828498942,0.002814252696999427,,-0.003946558262493141,-0.006760810959492568,-0.04881101268959687,0.027772322109143058
1.0,2.0,16.0,2,current_queue,0.004028305350100413,0.021624037800655152,0.0,0.02183739029271141,0.00021335249205625684,-0.14180451450929543,0.0014598677594862158
1.0,2.0,16.0,2,price_history_current_queue,0.00387348356813973,0.021778859582615835,0.038433477233006656,0.02209123997731027,0.0003123803946944344,-0.1414663027671188,0.0013755057019084476
1.0,2.0,16.0,2,queue_price_history,0.0031600910759748066,0.02249225207478076,0.21552841670852108,0.02259223041486666,9.997834008590098e-05,-0.1383107546707809,-0.0012790519568730541
1.0,2.0,16.0,2,marked_history,0.0029083458954096454,0.02274399725534592,0.27802248274521957,0.022877391546350934,0.0001333942910050137,-0.13748613453919512,-0.0018185109569745731
1.0,2.0,16.0,2,price_only,0.024974266353309474,0.0006780767974460903,,-0.000945395355524771,-0.0016234721529708612,-0.17652476930616423,0.013397336908118836
1.0,2.0,1.0,3,current_queue,0.039752837614323855,0.244321303177296,0.0,0.24617055470754645,0.0018492515302504509,0.16612241274158024,0.012755572812099172
1.0,2.0,1.0,3,price_history_current_queue,0.03858601117877425,0.2454881296128456,0.029352028825463564,0.24698633178412888,0.0014982021712832694,0.16891310686994943,0.010780655760312383
1.0,2.0,1.0,3,queue_price_history,0.03141434221535505,0.2526597985762648,0.20975849522662135,0.2529478619235631,0.0002880633472983063,0.19238809457203165,-0.006732801802335625
1.0,2.0,1.0,3,marked_history,0.029163931855262837,0.254910208936357,0.2663685511407516,0.25242077987340633,-0.0024894290629506877,0.1945891144476677,-0.009460903728128404
1.0,2.0,1.0,3,price_only,0.27813792497022183,0.0059362158213980155,,-0.011303030044175932,-0.017239245865573946,-0.19052034829915931,0.11192474910111633
1.0,2.0,4.0,3,current_queue,0.016710988579342376,0.08989918240264648,0.0,0.09016450229975671,0.0002653198971102333,-0.011086517179443423,-0.0030943501680576607
1.0,2.0,4.0,3,price_history_current_queue,0.01606946981908433,0.09054070116290452,0.038389037082526105,0.09048784501196586,-5.2856150938668245e-05,-0.01039883260381358,-0.003458692031478354
1.0,2.0,4.0,3,queue_price_history,0.012798940258146374,0.09381123072384248,0.23410035274824847,0.09330397931582961,-0.0005072514080128737,0.0030979789121095003,-0.014139369243537685
1.0,2.0,4.0,3,marked_history,0.01186587107483357,0.09474429990715529,0.2899360191352291,0.09304480634292649,-0.001699493564228799,0.006647198942408616,-0.017947762246739926
1.0,2.0,4.0,3,price_only,0.10395192447607944,0.0026582465059094146,,-0.0019494166412368646,-0.004607663147146279,-0.16567055702251787,0.05937577073402321
1.0,2.0,16.0,3,current_queue,0.004028305350100413,0.021624037800655152,0.0,0.021686750745843916,6.271294518876355e-05,-0.11456096971895202,-0.005317255911582692
1.0,2.0,16.0,3,price_history_current_queue,0.003873389326146743,0.021778953824608822,0.038456872180707154,0.021764563028197594,-1.4390796411228174e-05,-0.11554138798403923,-0.004259025364141801
1.0,2.0,16.0,3,queue_price_history,0.0030842453059844108,0.022568097844771155,0.23435662445312644,0.022444300049941985,-0.00012379779482916964,-0.11264189533574376,-0.0064787809906928845
1.0,2.0,16.0,3,marked_history,0.0028594329338908903,0.022792910216864675,0.2901647999897492,0.022381715262527024,-0.0004111949543376507,-0.11257259433088107,-0.006610666782970532
1.0,2.0,16.0,3,price_only,0.025011833975453035,0.0006405091753025303,,-0.00046151114337282875,-0.001102020318675359,-0.16950205529915063,0.027475567779399176
1.0,2.0,1.0,4,current_queue,0.039752837614323855,0.244321303177296,0.0,0.23960050051200849,-0.004720802665287516,0.2315576865110185,-0.023307976693759343
1.0,2.0,1.0,4,price_history_current_queue,0.038757042622922816,0.24531709816869704,0.02504965811653735,0.24118700900929863,-0.004130089159398415,0.23211234760746524,-0.022276129292915933
1.0,2.0,1.0,4,queue_price_history,0.032261950138299855,0.25181219065332,0.18843654756672923,0.24814546845571483,-0.0036667221976051656,0.23387289260365185,-0.017078214842686353
1.0,2.0,1.0,4,marked_history,0.02959158844036025,0.2544825523512596,0.25561066288013295,0.2494664451867697,-0.0050161071644899136,0.23681413203342283,-0.01869847754140247
1.0,2.0,1.0,4,price_only,0.27835952942353936,0.0057146113680804815,,0.02689954494278718,0.0211849335747067,0.04268841833179926,-0.04713966408376141
1.0,2.0,4.0,4,current_queue,0.016710988579342376,0.08989918240264648,0.0,0.08851493496961044,-0.0013842474330360427,0.1188344666777088,-0.007657916746149716
1.0,2.0,4.0,4,price_history_current_queue,0.01619750328745255,0.0904126676945363,0.030727403675242827,0.08914789096466545,-0.0012647767298708534,0.11993695066193844,-0.00812744473532433
1.0,2.0,4.0,4,queue_price_history,0.013299695866604927,0.09331047511538393,0.20413470433187816,0.09235770738526763,-0.000952767730116294,0.1218509981492305,-0.006831675802014207
1.0,2.0,4.0,4,marked_history,0.012300224430746659,0.0943099465512422,0.26394393890306234,0.09301796806672996,-0.001291978484512235,0.11836835650148625,-0.0026887734728076266
1.0,2.0,4.0,4,price_only,0.10409391766936794,0.0025162533126209066,,0.009228485888140847,0.006712232575519941,0.04239098188682644,-0.010500881036736937
1.0,2.0,16.0,4,current_queue,0.004028305350100413,0.021624037800655152,0.0,0.02129185128936445,-0.0003321865112907024,-0.050022113010707026,-0.000693219973078499
1.0,2.0,16.0,4,price_history_current_queue,0.003904369854878416,0.02174797329587715,0.03076616205842194,0.021444237746595783,-0.00030373554928136634,-0.04945011103751984,-0.0011128354890343507
1.0,2.0,16.0,4,queue_price_history,0.0032051775549622567,0.02244716559579331,0.20433599829209534,0.022218926968798264,-0.00022823862699504482,-0.0502735952438238,0.000485337939472091
1.0,2.0,16.0,4,marked_history,0.0029646240117951403,0.022687719138960425,0.26405181481060236,0.02237837841641466,-0.0003093407225457645,-0.04984303034605064,0.00021422448931533158
1.0,2.0,16.0,4,price_only,0.025046158755699873,0.0006061843950556906,,0.0022181099580794346,0.0016119255630237441,-0.06262816552978867,-0.007160908785281868
1.0,2.0,1.0,5,current_queue,0.039752837614323855,0.244321303177296,0.0,0.24128195608215414,-0.0030393470951418644,0.23986391391900808,-0.0006815820127640745
1.0,2.0,1.0,5,price_history_current_queue,0.03849310409294515,0.2455810366986747,0.03168914716479994,0.24287136303007434,-0.0027096736686003653,0.2422934964229504,-0.0015217575687861973
1.0,2.0,1.0,5,queue_price_history,0.03179797432787679,0.25227616646374307,0.20010806180992594,0.250617011989715,-0.0016591544740280906,0.24999079434054383,-0.00147340652673901
1.0,2.0,1.0,5,marked_history,0.029625754749947553,0.2544483860416723,0.25475119443365934,0.2550235331848295,0.0005751471431572064,0.255348801949722,-0.002424892940802604
1.0,2.0,1.0,5,price_only,0.2779616887476564,0.00611245204396342,,0.04689731492768251,0.04078486288371909,0.14186590323906756,-0.09706821248729519
1.0,2.0,4.0,5,current_queue,0.016710988579342376,0.08989918240264648,0.0,0.08901852070031291,-0.0008806617023335711,0.17439228377367066,0.0001866315064602761
1.0,2.0,4.0,5,price_history_current_queue,0.01605260670177086,0.090557564280218,0.03939814059746214,0.08972825068440637,-0.0008293135958116205,0.17559850960118928,-0.00030986433696486224
1.0,2.0,4.0,5,queue_price_history,0.012951409626693791,0.09365876135529506,0.22497645395414032,0.0932667931786502,-0.00039196817664485795,0.18274092197611358,-0.003913734217645333
1.0,2.0,4.0,5,marked_history,0.012086284167287659,0.0945238868147012,0.27674630917835935,0.09506194524867248,0.0005380584339712835,0.18409163484833668,-0.0034692950198461636
1.0,2.0,4.0,5,price_only,0.1039037883767369,0.0027063826052519586,,0.014411829302450899,0.01170544669719894,0.15136856114453145,-0.05139633726226252
1.0,2.0,16.0,5,current_queue,0.004028305350100413,0.021624037800655152,0.0,0.02141238154976183,-0.00021165625089332105,0.3358735551340467,-0.010830440682505625
1.0,2.0,16.0,5,price_history_current_queue,0.0038693865280251746,0.02178295662273039,0.03945054018094168,0.021583390382029322,-0.00019956624070106843,0.33590478095721876,-0.010690657673410188
1.0,2.0,16.0,5,queue_price_history,0.0031207262681500134,0.022531616882605552,0.22530046832913914,0.022437535021866815,-9.408186073873656e-05,0.3351808029125719,-0.00911253498892584
1.0,2.0,16.0,5,marked_history,0.0029123835445620527,0.022739959606193513,0.27702016320846784,0.02287005010233635,0.000130090496142838,0.33650539389002865,-0.010004610885913045
1.0,2.0,16.0,5,price_only,0.02500031586332017,0.0006520272874353956,,0.0034586206816615457,0.00280659339422615,0.32582245703746304,-0.018733103454022244
1.0,2.0,1.0,6,current_queue,0.039752837614323855,0.244321303177296,0.0,0.2416837853770317,-0.002637517800264305,0.19564803921815976,0.02247320638892101
1.0,2.0,1.0,6,price_history_current_queue,0.03876256240139886,0.245311578390221,0.024910805677131765,0.24255501579489697,-0.0027565625953240303,0.1907251347224761,0.028267341302469953
1.0,2.0,1.0,6,queue_price_history,0.031976392807515075,0.2520977479841048,0.1956198669955261,0.24902405233677916,-0.003073695647325625,0.20005427782595997,0.02540723474086827
1.0,2.0,1.0,6,marked_history,0.0300126619630543,0.25406147882856556,0.2450183744307085,0.2532319063706063,-0.0008295724579592823,0.20048762971686296,0.029181736883792365
1.0,2.0,1.0,6,price_only,0.27872411170859335,0.005350029083026515,,0.023121307827339732,0.017771278744313217,-0.007113017167213798,0.0066717852246026
1.0,2.0,4.0,6,current_queue,0.016710988579342376,0.08989918240264648,0.0,0.08876103802252655,-0.0011381443801199292,0.14493357182287914,0.005634392695886531
1.0,2.0,4.0,6,price_history_current_queue,0.016183285612143994,0.09042688536984486,0.031578201654132686,0.08927763859942406,-0.0011492467704208031,0.14608919965818423,0.00499536543747894
1.0,2.0,4.0,6,queue_price_history,0.012943661549542712,0.09366650943244614,0.22544010558757252,0.09265812514375273,-0.0010083842886934175,0.14432698247474918,0.010138069165242665
1.0,2.0,4.0,6,marked_history,0.012138401447197883,0.09447176953479097,0.2736275661032399,0.09414148668131615,-0.0003302828534748198,0.1468551104202941,0.009093302757261184
1.0,2.0,4.0,6,price_only,0.10426573839280352,0.0023444325891853377,,0.009017458591279462,0.006673026002094124,0.08981558139226531,-0.01899119630474673
1.0,2.0,16.0,6,current_queue,0.004028305350100413,0.021624037800655152,0.0,0.021350086323266446,-0.0002739514773887064,0.10016552050714589,-0.008120053539133625
1.0,2.0,16.0,6,price_history_current_queue,0.003900905902403603,0.021751437248351962,0.031626065212170366,0.02147496686330624,-0.0002764703850457219,0.09991674762407132,-0.007746400116019264
1.0,2.0,16.0,6,queue_price_history,0.003118850523106155,0.02253349262764941,0.22576610955561954,0.022291643311608968,-0.00024184931604044266,0.09765782216011276,-0.004670798203757974
1.0,2.0,16.0,6,marked_history,0.00292483952603885,0.022727503624716715,0.27392804868530074,0.022648381095443686,-7.91225292730291e-05,0.09739179563629519,-0.004048033896105682
1.0,2.0,16.0,6,price_only,0.025087576301737458,0.0005647668490181072,,0.0021699487265666624,0.0016051818775485553,0.0902870702212385,-0.017421740849926017
1.0,2.0,1.0,7,current_queue,0.039752837614323855,0.244321303177296,0.0,0.2432563884062418,-0.0010649147710541929,0.21580060179282123,-0.010938951810231919
1.0,2.0,1.0,7,price_history_current_queue,0.03831192797912206,0.2457622128124978,0.03624671147205364,0.24426574123256595,-0.0014964715799318518,0.21545997223456115,-0.009588969425647687
1.0,2.0,1.0,7,queue_price_history,0.03274892608016616,0.2513252147114537,0.1761864549672807,0.2525704312848935,0.001245216573439789,0.22321443693180232,-0.009038744070561343
1.0,2.0,1.0,7,marked_history,0.03025097135764948,0.2538231694339704,0.23902359748152002,0.2551361432510471,0.0013129738170767347,0.23243079705378478,-0.01568939222639016
1.0,2.0,1.0,7,price_only,0.2770768273135818,0.006997313478038061,,0.010986893645258455,0.003989580167220394,-0.047580447875123166,0.020172603096729136
1.0,2.0,4.0,7,current_queue,0.016710988579342376,0.08989918240264648,0.0,0.08975479326499278,-0.00014438913765370265,-0.029031352786359266,0.02725703216434438
1.0,2.0,4.0,7,price_history_current_queue,0.015986592262308016,0.09062357871968084,0.04334850171161246,0.0904564522126081,-0.00016712650707273458,-0.029363585813421134,0.028290924139021578
1.0,2.0,4.0,7,queue_price_history,0.013315616990734136,0.09329455399125472,0.20318197050325895,0.0940307298432717,0.0007361758520169764,-0.022279282485120344,0.024780898441384386
1.0,2.0,4.0,7,marked_history,0.012402929131354767,0.09420724185063409,0.2577980008503568,0.09503519571355701,0.00082795386292292,-0.021818958033263725,0.025325039859813072
1.0,2.0,4.0,7,price_only,0.10350934467884582,0.0031008263031430407,,0.0031400565995132607,3.923029637021994e-05,-0.09581111256851704,0.0074220552810226464
1.0,2.0,16.0,7,current_queue,0.004028305350100413,0.021624037800655152,0.0,0.021590200893125744,-3.3836907529408156e-05,-0.11399463344973126,0.009937613466727368
1.0,2.0,16.0,7,price_history_current_queue,0.0038535088980404704,0.021798834252715095,0.043392056179550983,0.021759980680186683,-3.8853572528411984e-05,-0.11496519849799602,0.011077958302053064
1.0,2.0,16.0,7,queue_price_history,0.0032085850695794393,0.022443758081176126,0.2034901054609827,0.022621579119968382,0.00017782103879225575,-0.11135808231100319,0.008332440554841931
1.0,2.0,16.0,7,marked_history,0.0029890854933372867,0.02266325765741828,0.2579794147772889,0.0228635578402924,0.00020030018287412257,-0.10834222138439453,0.005558558348557291
1.0,2.0,16.0,7,price_only,0.024905275056204223,0.0007470680945513413,,0.0007525781022301864,5.510007678845102e-06,-0.14854127763771774,0.023646634863818284
1.0,2.0,1.0,8,current_queue,0.039752837614323855,0.244321303177296,0.0,0.24254468643114718,-0.001776616746148818,0.17683570264372883,0.03290704720557931
1.0,2.0,1.0,8,price_history_current_queue,0.03825662778398595,0.2458175130076339,0.03763781204385745,0.24338058649541328,-0.002436926512220633,0.1780755558485,0.032503094065074234
1.0,2.0,1.0,8,queue_price_history,0.03305032741131242,0.25102381338030744,0.16860457278643093,0.2494501776388917,-0.0015736357414157243,0.1773627323532444,0.03928550870380825
1.0,2.0,1.0,8,marked_history,0.031753787460149174,0.2523203533314707,0.20121960177485393,0.2510182683718177,-0.0013020849596530049,0.18201045270304106,0.03620587908693757
1.0,2.0,1.0,8,price_only,0.2770068152567105,0.007067325534909372,,-0.01765015721772173,-0.024717482752631102,-0.14192145070334528,0.0914693569037845
1.0,2.0,4.0,8,current_queue,0.016710988579342376,0.08989918240264648,0.0,0.08943441596710504,-0.0004647664355414416,0.04162418085890973,-0.0010508998304155533
1.0,2.0,4.0,8,price_history_current_queue,0.015878775461983394,0.09073139552000546,0.04980035222977406,0.09005478909905369,-0.0006766064209517697,0.043824259279110156,-0.0026306051186673167
1.0,2.0,4.0,8,queue_price_history,0.013442146526577839,0.09316802445541102,0.19561033371810102,0.09281450660191827,-0.00035351785349274634,0.03678942311884825,0.007163948544459158
1.0,2.0,4.0,8,marked_history,0.012906749256547223,0.09370342172544163,0.22764896910394875,0.09356152102521173,-0.0001419007002299022,0.04205136672907506,0.0026490193575258135
1.0,2.0,4.0,8,price_only,0.1034012705270165,0.003208900454972347,,-0.004233758864123957,-0.007442659319096304,-0.03624830921555455,-0.01684658458718026
1.0,2.0,16.0,8,current_queue,0.004028305350100413,0.021624037800655152,0.0,0.021512755429657478,-0.0001112823709976743,0.010576676989601297,-0.004178129853133446
1.0,2.0,16.0,8,price_history_current_queue,0.003827297314042164,0.0218250458367134,0.0498989075029376,0.02166298385872713,-0.0001620619779862699,0.01120547390225135,-0.004656698336713844
1.0,2.0,16.0,8,queue_price_history,0.0032390672049190904,0.022413275945836475,0.19592311818210348,0.0223287129761732,-8.456296966327659e-05,0.01042320833168131,-0.0032087036486977377
1.0,2.0,16.0,8,marked_history,0.003110007247362004,0.02254233590339356,0.22796139391854173,0.022508866483904176,-3.346941948938545e-05,0.010981576129306392,-0.0035869179385918434
1.0,2.0,16.0,8,price_only,0.024879049081628128,0.0007732940691274361,,-0.0010122188206163375,-0.0017855128897437736,-0.0022501168951849504,-0.013876310218621013
1.0,2.0,1.0,9,current_queue,0.039752837614323855,0.244321303177296,0.0,0.2413063637089275,-0.003014939468368505,0.18972753221570404,0.02701515457197306
1.0,2.0,1.0,9,price_history_current_queue,0.03862387957670166,0.2454502612149182,0.02839943272918477,0.2421690747902262,-0.0032811864246919953,0.18869886248468315,0.02890653538429265
1.0,2.0,1.0,9,queue_price_history,0.03214735394320517,0.2519267868484147,0.1913192649265937,0.24794219558880679,-0.0039845912596079,0.19951696420484744,0.02386155446270896
1.0,2.0,1.0,9,marked_history,0.029722640426944724,0.25435150036467513,0.25231399289506373,0.2512911032419678,-0.0030603971227073368,0.21293487543635914,0.01379255088435824
1.0,2.0,1.0,9,price_only,0.277745300174077,0.0063288406175428325,,0.007129473767285899,0.0008006331497430663,-0.028228637473761697,0.010794434319797208
1.0,2.0,4.0,9,current_queue,0.016710988579342376,0.08989918240264648,0.0,0.08907144252095398,-0.0008277398816925047,0.07736221278096178,0.0011470998743423576
1.0,2.0,4.0,9,price_history_current_queue,0.016071916060982475,0.09053825492100638,0.03824265185303899,0.08957912151941663,-0.0009591334015897485,0.07765251753542757,0.0013644741183392282
1.0,2.0,4.0,9,queue_price_history,0.013114090474714402,0.09349608050727445,0.21524149140251056,0.09236134283577513,-0.0011347376714993251,0.07343990053134963,0.008359312438775666
1.0,2.0,4.0,9,marked_history,0.012113016633495885,0.09449715434849297,0.275146615295421,0.0935670287533536,-0.0009301255951393722,0.07909767820553415,0.003907220682169617
1.0,2.0,4.0,9,price_only,0.10380930577918021,0.002800865202808647,,0.0014422063410550606,-0.0013586588617535865,0.02350550995777201,-0.03262543348236678
1.0,2.0,16.0,9,current_queue,0.004028305350100413,0.021624037800655152,0.0,0.021425782304262182,-0.00019825549639296974,0.19265947225000013,0.006395984458133092
1.0,2.0,16.0,9,price_history_current_queue,0.0038739302151405627,0.021778412935615003,0.03832260008690813,0.021548485324404516,-0.0002299276112104863,0.1941219798552961,0.005056179872979442
1.0,2.0,16.0,9,queue_price_history,0.0031601919781269992,0.022492151172628566,0.21550336842061257,0.02222035750085384,-0.00027179367177472546,0.1946674246524669,0.005182607252257989
1.0,2.0,16.0,9,marked_history,0.0029190175896769907,0.022733325561078575,0.2753733056496751,0.022510354915243436,-0.00022297064583513826,0.1945105141359188,0.0056295151831956755
1.0,2.0,16.0,9,price_only,0.02497754926198451,0.0006747938887710553,,0.0003444881692242045,-0.00033030571954685074,0.19107788646157808,-0.01310372388848284
1.0,2.0,1.0,10,current_queue,0.039752837614323855,0.244321303177296,0.0,0.24827755131237694,0.003956248135080942,0.3232292063568055,-0.0027677744808699417
1.0,2.0,1.0,10,price_history_current_queue,0.038739656653303395,0.24533448413831646,0.025487009779029908,0.2491653138260266,0.0038308296877101466,0.3265721592084885,-0.0052229648189032404
1.0,2.0,1.0,10,queue_price_history,0.033329156268278815,0.25074498452334104,0.16159051105650987,0.2535857522298405,0.0028407677064994363,0.3252326636286259,0.0005369691647732211
1.0,2.0,1.0,10,marked_history,0.03155810017580779,0.25251604061581207,0.20614220091708155,0.25611166725744594,0.0035956266416338756,0.3217445972629611,0.006550950558043427
1.0,2.0,1.0,10,price_only,0.27818025909612815,0.005893881695491728,,-0.02106213342634916,-0.026956015121840888,0.05594383566932637,-0.004822088532116908
1.0,2.0,4.0,10,current_queue,0.016710988579342376,0.08989918240264648,0.0,0.09124239354027329,0.0013432111376268097,0.113994785533305,0.006662617320306171
1.0,2.0,4.0,10,price_history_current_queue,0.01614791600603356,0.0904622549759553,0.03369474945395321,0.0916556297969667,0.0011933748210114087,0.11628042117999393,0.004790217930310654
1.0,2.0,4.0,10,queue_price_history,0.013496788547668573,0.09311338243432028,0.19234050794859023,0.09402639305138105,0.0009130106170607694,0.11626646725619472,0.0071749351085242125
1.0,2.0,4.0,10,marked_history,0.012747339829338039,0.09386283115265082,0.23718816700671322,0.09495118655267111,0.0010883554000202939,0.11680382064641037,0.0075623752195986115
1.0,2.0,4.0,10,price_only,0.10401765827428795,0.0025925127077009074,,-0.005361936096385592,-0.007954448804086498,0.009937363511566155,0.014115709705386129
1.0,2.0,16.0,10,current_queue,0.004028305350100413,0.021624037800655152,0.0,0.021946363366801308,0.00032232556614615604,0.08428258293837143,0.007323115661226124
1.0,2.0,16.0,10,price_history_current_queue,0.0038923277728568455,0.02176001537789872,0.033755528795794576,0.022045950902110322,0.00028593552421160226,0.08520463091733821,0.0065006552175683584
1.0,2.0,16.0,10,queue_price_history,0.0032519980928556007,0.022400345057899965,0.1927131112902009,0.022618795614038272,0.00021845055613830752,0.0847917465454937,0.007486384301340814
1.0,2.0,16.0,10,marked_history,0.0030713106639918275,0.022581032486763738,0.23756756326447073,0.02284136265513618,0.0002603301683724406,0.08513951691734967,0.00736118097058276
1.0,2.0,16.0,10,price_only,0.0250277888153949,0.0006245543353606665,,-0.0012821314218216875,-0.0019066857571823541,0.07067924016721927,-0.002302036356244711
1.0,2.0,1.0,11,current_queue,0.039752837614323855,0.244321303177296,0.0,0.2426218001621831,-0.001699503015112902,0.25309180705155643,0.017832152965635735
1.0,2.0,1.0,11,price_history_current_queue,0.03872234723770382,0.24535179355391604,0.02592243569170334,0.24387238586229537,-0.0014794076916206655,0.2516310831806702,0.02054346253663425
1.0,2.0,1.0,11,queue_price_history,0.032609722189228973,0.2514644186023909,0.17968818966827801,0.2518093056187907,0.00034488701639984187,0.2604120276409402,0.01969943783285958
1.0,2.0,1.0,11,marked_history,0.03064996968289424,0.2534241711087256,0.22898662026958405,0.2523480992271881,-0.0010760718815375214,0.2615869190154517,0.019063340066745434
1.0,2.0,1.0,11,price_only,0.2782596768088525,0.005814463982767359,,-0.005868039813010928,-0.011682503795778287,0.056532927079762096,-0.03409880703776397
1.0,2.0,4.0,11,current_queue,0.016710988579342376,0.08989918240264648,0.0,0.08922074517495421,-0.0006784372276922718,0.21111914673358068,0.003043761671342994
1.0,2.0,4.0,11,price_history_current_queue,0.01613775045682765,0.0904724205251612,0.03430306470458271,0.08994020517459572,-0.000532215350565482,0.21060923622514005,0.004273132179425123
1.0,2.0,4.0,11,queue_price_history,0.01323258965704617,0.09337758132494269,0.20815039791219161,0.09336683012448144,-1.0751200461248112e-05,0.2159568515058331,0.002352141848617789
1.0,2.0,4.0,11,marked_history,0.012480094292881244,0.09413007668910761,0.2531803708902797,0.09379223495555024,-0.000337841733557373,0.2192479239159233,-0.0005135257304036047
1.0,2.0,4.0,11,price_only,0.10403292461692405,0.002577246365064803,,0.0005353704439378798,-0.0020418759211269233,0.10961093142497413,0.0158666022489332
1.0,2.0,16.0,11,current_queue,0.004028305350100413,0.021624037800655152,0.0,0.021460424569704394,-0.00016361323095075847,0.1354947220701207,-0.0011990685772524986
1.0,2.0,16.0,11,price_history_current_queue,0.0038898478821888134,0.021762495268566752,0.0343711451536683,0.021634210949573553,-0.00012828431899319925,0.13577482741425628,-0.0013053875415189207
1.0,2.0,16.0,11,queue_price_history,0.0031885624640188397,0.022463780686736726,0.20846058406685616,0.022460557041084923,-3.22364565180297e-06,0.13396020637119477,0.001335579593053963
1.0,2.0,16.0,11,marked_history,0.0030073652568084266,0.02264497789394714,0.2534415851237637,0.022563727542486794,-8.125035146034493e-05,0.13473434106958415,0.0006646153960664512
1.0,2.0,16.0,11,price_only,0.025031420398607347,0.0006209227521482183,,0.00013626466015909458,-0.0004846580919891237,0.1086112909196909,0.004360202663631997
1.0,2.0,1.0,12,current_queue,0.039752837614323855,0.244321303177296,0.0,0.24202149411604526,-0.0022998090612507405,0.14800081760482375,0.009326409451473484
1.0,2.0,1.0,12,price_history_current_queue,0.038603059543148466,0.2454710812484714,0.028923169770429115,0.2436239771738269,-0.001847104074644501,0.15231058268029252,0.006619127433786329
1.0,2.0,1.0,12,queue_price_history,0.03282945521720648,0.2512446855744134,0.17416070933821137,0.24968940083312918,-0.0015552847412841908,0.16201348673472538,0.002981647038655763
1.0,2.0,1.0,12,marked_history,0.03113948391443505,0.2529346568771848,0.2166726758842799,0.2505461188375023,-0.0023885380396825306,0.15975975249875585,0.006092099278998418
1.0,2.0,1.0,12,price_only,0.27773659320890226,0.00633754758271758,,0.010374250669879514,0.004036703087161935,-0.025163985279134105,-0.04915603111073441
1.0,2.0,4.0,12,current_queue,0.016710988579342376,0.08989918240264648,0.0,0.08935675118895393,-0.0005424312136925458,0.021247696462799004,-0.00033094053854017605
1.0,2.0,4.0,12,price_history_current_queue,0.01611022501272906,0.0904999459692598,0.03595021106985627,0.09010811942856091,-0.00039182654069888634,0.022114424610729322,-0.0004463004468635151
1.0,2.0,4.0,12,queue_price_history,0.013541213717281522,0.09306895726470733,0.18968206740199886,0.09256806341495562,-0.0005008938497517157,0.027352221701461565,-0.0032241535512010523
1.0,2.0,4.0,12,marked_history,0.012824776746020963,0.09378539423596789,0.23255427498319467,0.09304048041402925,-0.000744913821938642,0.024641491440308583,-4.100629097443173e-05
1.0,2.0,4.0,12,price_only,0.10383662621160307,0.0027735447703857827,,0.0037211502102102723,0.0009476054398244896,-0.07567496135346707,0.010956116298982244
1.0,2.0,16.0,12,current_queue,0.004028305350100413,0.021624037800655152,0.0,0.021494468470924434,-0.00012956932973071794,-0.04743047258091604,-0.006617718889104498
1.0,2.0,16.0,12,price_history_current_queue,0.003883293671980193,0.021769049478775372,0.03599818422816568,0.021675671181107938,-9.337829766743397e-05,-0.0475348148833159,-0.00633217387652113
1.0,2.0,16.0,12,queue_price_history,0.0032634668952970063,0.02238887625545856,0.18986605739416998,0.02226854482452111,-0.00012033143093745022,-0.0452708878171717,-0.00800322729925216
1.0,2.0,16.0,12,marked_history,0.0030907525795317373,0.022561590571223828,0.23274123709249245,0.02238270036561562,-0.00017889020560820854,-0.046406949643881035,-0.006753009931448313
1.0,2.0,16.0,12,price_only,0.02498420838079074,0.0006681347699648241,,0.0008939604964547689,0.00022582572648994473,-0.07747177913798176,0.002823079693491555
1.0,2.0,1.0,13,current_queue,0.039752837614323855,0.244321303177296,0.0,0.24906941699890578,0.0047481138216097785,0.24803520241303323,-0.006281216091219073
1.0,2.0,1.0,13,price_history_current_queue,0.03879341976601006,0.2452807210256098,0.02413457518735966,0.25025841767514695,0.00497769664953715,0.24485780726417894,-0.001914820266123607
1.0,2.0,1.0,13,queue_price_history,0.03197898308814112,0.25209515770347873,0.1955547073545672,0.2571658934685514,0.005070735765072665,0.24846813918496213,0.0013823236064976728
1.0,2.0,1.0,13,marked_history,0.029783369672035986,0.25429077111958387,0.2507863221994407,0.25869194733228046,0.004401176212696589,0.24617011941258993,0.005206397242598897
1.0,2.0,1.0,13,price_only,0.2783609047840112,0.005713236007608648,,0.0104852335781071,0.004771997570498452,-0.03174457926199925,0.034914382163014734
1.0,2.0,4.0,13,current_queue,0.016710988579342376,0.08989918240264648,0.0,0.09125960458651264,0.0013604221838661584,0.14630828474422464,-0.016616625860675634
1.0,2.0,4.0,13,price_history_current_queue,0.016200860152535843,0.09040931082945301,0.030526525967299066,0.09199088865902702,0.0015815778295740074,0.1446530935267224,-0.014230150570659015
1.0,2.0,4.0,13,queue_price_history,0.013009968416297646,0.09360020256569121,0.2214722453715168,0.09505120856367105,0.0014510059979798429,0.14647175691488556,-0.01298849405417815
1.0,2.0,4.0,13,marked_history,0.012074167513106776,0.09453600346888208,0.2774713802370435,0.09571660648997078,0.0011806030210887025,0.1443680172999554,-0.010219356512948264
1.0,2.0,4.0,13,price_only,0.10406234265349543,0.002547828328493433,,0.004248795780128864,0.0017009674516354312,0.06557705192770702,-0.022896201850541795
1.0,2.0,16.0,13,current_queue,0.004028305350100413,0.021624037800655152,0.0,0.02194992259226911,0.0003258847916139569,0.10480814922846882,-0.0006036238082480689
1.0,2.0,16.0,13,price_history_current_queue,0.003905140352672587,0.02174720279808298,0.030574891107685326,0.022126681702301407,0.00037947890421842836,0.10426530013344004,0.00011598439681300386
1.0,2.0,16.0,13,queue_price_history,0.003134996833536279,0.022517346317219286,0.22175789542415564,0.02286500016584439,0.00034765384862510407,0.10673452432160824,-0.0016149213278122115
1.0,2.0,16.0,13,marked_history,0.002909435010751797,0.022742908140003768,0.2777521171081845,0.023025475508857036,0.0002825673688532683,0.1058762026039114,-0.000596124267102721
1.0,2.0,16.0,13,price_only,0.025038475622676866,0.0006138675280786988,,0.001023700335883386,0.00040983280780468724,0.09298628015726007,-0.009707976993425047
1.0,2.0,1.0,14,current_queue,0.039752837614323855,0.244321303177296,0.0,0.24183873395169864,-0.002482569225597364,0.3485104218913938,-0.010453347826367428
1.0,2.0,1.0,14,price_history_current_queue,0.03869256214103761,0.24538157865058224,0.02667169281279688,0.24298754290357688,-0.002394035747005363,0.3458671798540268,-0.006661296837122174
1.0,2.0,1.0,14,queue_price_history,0.03218192927460506,0.2518922115170148,0.19044950735770433,0.2482380051535342,-0.0036542063634806,0.3493571377024939,-0.004900792435631941
1.0,2.0,1.0,14,marked_history,0.029730237924625258,0.2543439028669946,0.25212287452121973,0.25191620561478945,-0.002427697252205152,0.34899543793611254,-0.0008608922079953243
1.0,2.0,1.0,14,price_only,0.2782599540821859,0.005814186709433943,,0.014333914013399507,0.008519727303965564,0.08338114828306542,0.027171105843661836
1.0,2.0,4.0,14,current_queue,0.016710988579342376,0.08989918240264648,0.0,0.0887872823657723,-0.0011119000368741833,0.22613004499697775,0.010318097884761509
1.0,2.0,4.0,14,price_history_current_queue,0.016136288046943628,0.09047388293504523,0.034390576576012695,0.08938703958992211,-0.0010868433451231146,0.22759074437230553,0.009457155733583553
1.0,2.0,4.0,14,queue_price_history,0.012962205584733877,0.09364796539725498,0.2243304144940074,0.09213009485709796,-0.0015178705401570208,0.23674606518700536,0.0030448901860595685
1.0,2.0,4.0,14,marked_history,0.011995547276774654,0.0946146237052142,0.28217608313112064,0.0934328228431837,-0.0011818008620304993,0.2397635762532614,0.001330107105889284
1.0,2.0,4.0,14,price_only,0.10402424958563239,0.002585921396356468,,0.005424789580622286,0.0028388681842658175,0.1529959153109639,8.973478562535053e-05
1.0,2.0,16.0,14,current_queue,0.004028305350100413,0.021624037800655152,0.0,0.02135619796952132,-0.0002678398311338308,0.279588359334178,0.004273798793829365
1.0,2.0,16.0,14,price_history_current_queue,0.0038895445887281582,0.021762798562027407,0.03444643573725021,0.021500965305341596,-0.000261833256685811,0.2802911991461894,0.003715726317638281
1.0,2.0,16.0,14,queue_price_history,0.0031232002736642124,0.022529142877091353,0.2246863129215464,0.022163705146935712,-0.0003654377301556405,0.2818758238335233,0.0027938414718985077
1.0,2.0,16.0,14,marked_history,0.0028904157958158823,0.022761927354939683,0.2824735106677469,0.022477062045683335,-0.0002848653092563484,0.2831212057594399,0.001861816444729518
1.0,2.0,16.0,14,price_only,0.025029309764597538,0.0006230333861580262,,0.001306177755016031,0.0006831443688580048,0.2642448625188575,-0.0004327246053553793
1.0,2.0,1.0,15,current_queue,0.039752837614323855,0.244321303177296,0.0,0.24501609528874918,0.0006947921114531797,0.29845205908469274,-0.008568885335312915
1.0,2.0,1.0,15,price_history_current_queue,0.038961203252782795,0.24511293753883706,0.019913908265401827,0.24609644519970972,0.0009835076608726567,0.29912881730693475,-0.00816529364659438
1.0,2.0,1.0,15,queue_price_history,0.032509769718486015,0.25156437107313384,0.18220253774356973,0.2557311502940565,0.004166779220922678,0.305045060537791,-0.00444683178310382
1.0,2.0,1.0,15,marked_history,0.0305942862089722,0.25347985458264766,0.2303873623867198,0.2576149727265715,0.004135118143923866,0.30842320703358883,-0.005941155846386638
1.0,2.0,1.0,15,price_only,0.2782067514452233,0.005867389346396556,,0.0017492512415600014,-0.004118138104836555,0.05403961056933271,-0.007423280867142057
1.0,2.0,4.0,15,current_queue,0.016710988579342376,0.08989918240264648,0.0,0.08992677076541572,2.758836276924026e-05,0.10688327339352632,0.00020661128667850276
1.0,2.0,4.0,15,price_history_current_queue,0.016287687394736877,0.09032248358725198,0.025330708748659593,0.09054975754077468,0.0002272739535227053,0.106187321785146,0.0015255496704177987
1.0,2.0,4.0,15,queue_price_history,0.013201840371718343,0.09340833061027051,0.2099904617230088,0.0947182939693229,0.0013099633590523824,0.10134672148771973,0.010534686396392283
1.0,2.0,4.0,15,marked_history,0.01242204091665984,0.09418813006532901,0.2566543350992654,0.09556385836533514,0.0013757283000061238,0.10102189344934132,0.011705078830782931
1.0,2.0,4.0,15,price_only,0.10408881127924315,0.0025213597027457114,,0.003353559277026158,0.0008321995742804466,0.055721412975657025,-0.035204739783841754
1.0,2.0,16.0,15,current_queue,0.004028305350100413,0.021624037800655152,0.0,0.02163012130860948,6.083507954328382e-06,0.09559544877688686,-0.0061472396673680945
1.0,2.0,16.0,15,price_history_current_queue,0.003926086075637394,0.02172625707511817,0.02537525474836978,0.021780663870590994,5.440679547282293e-05,0.09459756810054121,-0.0049988164290409275
1.0,2.0,16.0,15,queue_price_history,0.0031811180400465287,0.022471225110709037,0.21030861278496846,0.022785770237974953,0.00031454512726591596,0.09151551587593676,-0.0009116578370525204
1.0,2.0,16.0,15,marked_history,0.0029932492047577454,0.02265909394599782,0.25694580112127474,0.02298971894077451,0.0003306249947766897,0.0905332012865977,0.00027460545508609666
1.0,2.0,16.0,15,price_only,0.025045082055413517,0.0006072610953420488,,0.0008137384152411484,0.00020647731989909956,0.09343552944683209,-0.024803703230681654
